ProductCD,card1,card2,card3,card4,card5,card6,addr1,addr2,dist1,P_emaildomain,R_emaildomain,C1,C3,C5,C9,C13,D1,D2,D3,D4,D5,D6,D8,D9,D10,D11,D12,D13,D14,D15,M1,M2,M3,M4,M5,M6,M7,M8,M9,V1,V2,V3,V4,V5,V6,V7,V8,V9,V10,V12,V13,V14,V15,V17,V19,V20,V23,V24,V25,V26,V27,V29,V31,V35,V36,V37,V38,V39,V41,V42,V44,V45,V46,V47,V48,V50,V51,V53,V54,V55,V56,V57,V59,V61,V62,V63,V65,V66,V67,V68,V69,V71,V75,V76,V77,V78,V79,V80,V82,V83,V84,V86,V87,V88,V89,V90,V92,V95,V96,V97,V98,V99,V100,V101,V102,V103,V104,V105,V106,V107,V108,V109,V110,V111,V112,V113,V114,V115,V116,V117,V118,V119,V120,V121,V122,V123,V124,V125,V126,V127,V128,V129,V130,V131,V132,V133,V134,V135,V136,V138,V139,V140,V141,V142,V143,V144,V146,V147,V148,V149,V153,V157,V158,V161,V162,V164,V166,V167,V168,V169,V170,V171,V172,V173,V174,V175,V176,V177,V178,V179,V180,V181,V183,V184,V185,V186,V188,V189,V190,V191,V194,V195,V197,V198,V200,V201,V202,V204,V205,V206,V208,V209,V210,V211,V213,V214,V215,V216,V217,V218,V219,V220,V221,V223,V224,V226,V227,V228,V230,V231,V232,V233,V234,V235,V236,V237,V238,V239,V240,V241,V242,V243,V245,V246,V247,V248,V250,V252,V255,V257,V258,V259,V260,V261,V262,V263,V264,V265,V266,V267,V268,V270,V271,V273,V274,V275,V277,V278,V279,V280,V281,V282,V283,V284,V285,V286,V287,V288,V289,V290,V291,V293,V296,V297,V298,V299,V300,V301,V302,V303,V305,V306,V307,V308,V309,V310,V311,V312,V313,V314,V315,V316,V318,V319,V320,V322,V323,V324,V325,V326,V327,V328,V329,V330,V331,V332,V335,V337,V338,id_01,id_02,id_03,id_04,id_05,id_06,id_09,id_10,id_11,id_12,id_13,id_14,id_15,id_16,id_17,id_19,id_20,id_28,id_29,id_30,id_31,id_32,id_33,id_34,id_35,id_36,id_37,id_38,DeviceType,DeviceInfo,has_identity,TransactionAmt_log,RelativeHour,RelativeWeekday
0.07953737257425407,0.009544936273015657,0.04200675088337228,0.8830928754473307,0.6530604757227848,0.5046285320779851,0.2703796525214211,0.024782402546821552,0.8813487090911144,9.0,0.06546268387125907,0.04003115792325668,1.0,0.0,0.0,0.0,1.0,0.0,98.0,8.0,19.0,9.0,0.0,272.66665649414057,0.6666659712791443,10.0,26.0,0.0,0.0,0.0,42.0,0.5770283695149072,0.5770283695149072,0.5770283695149072,0.49442318330115936,0.60925311297005,0.3209435431977512,0.7118428331131958,0.7118371885618812,0.7118371885618812,1.0,1.0,1.0,1.0,1.0,1.0,1.0,1.0,1.0,0.0,1.0,1.0,1.0,0.0,0.0,1.0,1.0,1.0,1.0,1.0,1.0,0.0,0.0,0.0,0.0,1.0,1.0,1.0,0.0,1.0,0.0,1.0,1.0,1.0,1.0,0.0,0.0,0.0,1.0,1.0,1.0,1.0,0.0,0.0,1.0,1.0,0.0,1.0,1.0,1.0,0.0,0.0,0.0,0.0,1.0,1.0,1.0,0.0,0.0,1.0,1.0,0.0,1.0,1.0,1.0,0.0,0.0,0.0,0.0,0.0,0.0,0.0,0.0,0.0,0.0,0.0,0.0,0.0,0.0,0.0,1.0,1.0,1.0,1.0,1.0,1.0,1.0,1.0,1.0,1.0,1.0,1.0,1.0,1.0,1.0,1.0,1.0,1.0,1.0,0.0,0.0,0.0,0.0,0.0,0.0,0.0,0.0,0.0,0.0,0.0,0.0,1.0,1.0,0.0,0.0,0.0,0.0,0.0,0.0,1.0,1.0,1.0,1.0,1.0,0.0,0.0,0.0,0.0,0.0,0.0,0.0,1.0,1.0,0.0,0.0,0.0,0.0,1.0,0.0,0.0,0.0,0.0,0.0,0.0,0.0,0.0,1.0,1.0,1.0,1.0,1.0,1.0,1.0,1.0,1.0,1.0,1.0,0.0,0.0,0.0,0.0,0.0,0.0,0.0,0.0,0.0,0.0,0.0,0.0,0.0,0.0,0.0,0.0,0.0,0.0,0.0,0.0,0.0,1.0,1.0,0.0,0.0,0.0,0.0,0.0,0.0,0.0,0.0,0.0,1.0,1.0,1.0,1.0,0.0,1.0,1.0,1.0,0.0,1.0,0.0,1.0,1.0,0.0,1.0,1.0,1.0,0.0,0.0,0.0,0.0,0.0,0.0,0.0,0.0,0.0,0.0,0.0,0.0,0.0,0.0,0.0,0.0,1.0,1.0,0.0,0.0,0.0,0.0,0.0,0.0,1.0,1.0,0.0,0.0,0.0,0.0,0.0,0.0,0.0,1.0,1.0,1.0,0.0,0.0,0.0,0.0,0.0,0.0,0.0,0.0,0.0,0.0,0.0,0.0,0.0,0.0,0.0,0.0,0.0,0.0,0.0,0.0,0.0,0.0,0.0,0.0,0.0,0.0,0.0,0.0,-5.0,769160.0,0.0,0.0,0.0,0.0,0.0,0.0,100.0,0.23774003454465403,0.11191734119054876,0.03607150517605356,0.126260146080988,0.12278592474684187,0.16532326345378806,0.02339102064776871,0.0030000790237184045,0.143569162687258,0.1403291902326684,0.028431604971720797,0.06130264955238708,0.10807622402095257,0.016366376536729097,0.12278874702249919,0.16282554949707048,0.25404432101692237,0.20965556947878214,0.11382519953488897,0.1654474435827096,0.09231381447488739,1,3.9318256327243257,16,5
0.7115944728553527,0.0065335681466680215,0.07636513473543988,0.8830928754473307,0.6530604757227848,0.5046285320779851,0.7271960126889514,0.08114606969891963,0.8813487090911144,9.0,0.01023357153339881,0.7444683397116764,1.0,0.0,0.0,1.0,1.0,0.0,98.0,8.0,0.0,9.0,0.0,43.125,0.6666659712791443,0.0,0.0,0.0,0.0,0.0,0.0,0.4229518745554916,0.3777305516984455,0.09193562953680812,0.32066978245899236,0.17509115950373105,0.3673728000361251,0.038907892211648094,0.10557004323726307,0.2421710073266276,1.0,1.0,1.0,1.0,1.0,1.0,1.0,1.0,1.0,0.0,1.0,1.0,1.0,0.0,0.0,1.0,1.0,1.0,1.0,1.0,1.0,0.0,0.0,0.0,1.0,1.0,1.0,1.0,0.0,1.0,0.0,1.0,1.0,1.0,1.0,0.0,0.0,0.0,1.0,1.0,1.0,1.0,0.0,0.0,1.0,1.0,0.0,1.0,1.0,1.0,0.0,0.0,0.0,1.0,1.0,1.0,1.0,0.0,0.0,1.0,1.0,0.0,1.0,1.0,1.0,0.0,0.0,0.0,0.0,0.0,0.0,0.0,0.0,0.0,0.0,0.0,0.0,0.0,0.0,0.0,1.0,1.0,1.0,1.0,1.0,1.0,1.0,1.0,1.0,1.0,1.0,1.0,1.0,1.0,1.0,1.0,1.0,1.0,1.0,0.0,0.0,0.0,0.0,0.0,0.0,0.0,0.0,0.0,0.0,0.0,0.0,1.0,1.0,0.0,0.0,0.0,0.0,0.0,0.0,1.0,1.0,1.0,1.0,1.0,0.0,0.0,0.0,0.0,0.0,0.0,0.0,1.0,1.0,0.0,0.0,0.0,0.0,1.0,0.0,0.0,0.0,0.0,0.0,0.0,0.0,0.0,1.0,1.0,1.0,1.0,1.0,1.0,1.0,1.0,1.0,1.0,1.0,0.0,0.0,0.0,0.0,0.0,0.0,0.0,0.0,0.0,0.0,0.0,0.0,0.0,0.0,0.0,0.0,1.0,0.0,0.0,0.0,0.0,1.0,1.0,0.0,0.0,0.0,0.0,0.0,0.0,0.0,0.0,0.0,1.0,1.0,1.0,1.0,1.0,1.0,1.0,1.0,1.0,1.0,1.0,1.0,1.0,1.0,1.0,1.0,1.0,0.0,0.0,0.0,0.0,0.0,0.0,0.0,0.0,0.0,0.0,0.0,0.0,0.0,0.0,0.0,0.0,1.0,1.0,0.0,0.0,0.0,0.0,0.0,0.0,1.0,1.0,0.0,0.0,0.0,0.0,0.0,0.0,0.0,0.0,0.0,1.0,0.0,0.0,0.0,0.0,0.0,0.0,0.0,0.0,0.0,0.0,0.0,0.0,0.0,0.0,0.0,0.0,0.0,0.0,0.0,0.0,0.0,0.0,0.0,0.0,0.0,0.0,0.0,0.0,-5.0,117605.5,0.0,0.0,0.0,0.0,0.0,0.0,100.0,0.7253474221334146,0.7640041318115623,0.8326446980729502,0.7313108905973065,0.7504402750025401,0.7338565832401982,0.733918673304659,0.7339327846829455,0.7313108905973065,0.7313108905973065,0.8373042751831656,0.7320841941274088,0.8372478296700195,0.8488360935189262,0.8371095381628114,0.7313108905973065,0.7313108905973065,0.7313108905973065,0.7313108905973065,0.7317172982919588,0.7688697350447613,0,4.0943445622221,2,3
0.7115944728553527,0.0009087727616531761,0.0009341732425689482,0.8830928754473307,0.6530604757227848,0.5046285320779851,0.7271960126889514,0.035495760941962724,0.8813487090911144,9.0,0.38170431582393516,0.7444683397116764,2.0,0.0,0.0,3.0,15.0,52.0,52.0,0.0,82.0,0.0,0.0,43.125,0.6666659712791443,14.0,26.0,0.0,0.0,0.0,19.0,0.5770283695149072,0.5770283695149072,0.5770283695149072,0.32066978245899236,0.17509115950373105,0.31168365676612364,0.7118428331131958,0.7118371885618812,0.7118371885618812,1.0,1.0,1.0,1.0,1.0,1.0,1.0,1.0,1.0,0.0,1.0,1.0,1.0,0.0,0.0,1.0,1.0,1.0,2.0,1.0,1.0,0.0,0.0,0.0,0.0,1.0,1.0,1.0,0.0,1.0,0.0,1.0,1.0,1.0,1.0,0.0,0.0,0.0,0.0,0.0,1.0,1.0,0.0,0.0,1.0,1.0,0.0,1.0,1.0,1.0,0.0,0.0,0.0,0.0,3.0,1.0,4.0,0.0,0.0,1.0,2.0,0.0,1.0,2.0,1.0,0.0,0.0,0.0,3.0,16.0,9.0,0.0,3.0,3.0,3.0,13.0,6.0,0.0,0.0,0.0,1.0,1.0,1.0,1.0,1.0,1.0,1.0,1.0,1.0,1.0,1.0,1.0,1.0,1.0,1.0,1.0,2.0,2.0,2.0,810.0,4285.0,2541.0,0.0,1060.0,1060.0,810.0,3225.0,1481.0,0.0,0.0,0.0,1.0,1.0,0.0,0.0,0.0,0.0,0.0,0.0,1.0,1.0,1.0,1.0,1.0,0.0,0.0,0.0,0.0,0.0,0.0,0.0,1.0,1.0,0.0,0.0,0.0,0.0,1.0,0.0,0.0,0.0,0.0,0.0,0.0,0.0,0.0,1.0,1.0,1.0,1.0,1.0,1.0,1.0,1.0,1.0,1.0,1.0,0.0,0.0,0.0,0.0,0.0,0.0,0.0,0.0,0.0,0.0,0.0,0.0,0.0,0.0,0.0,0.0,1.0,0.0,0.0,0.0,0.0,1.0,1.0,0.0,0.0,0.0,0.0,0.0,0.0,0.0,0.0,0.0,1.0,1.0,1.0,1.0,1.0,1.0,1.0,1.0,1.0,1.0,1.0,1.0,1.0,1.0,1.0,1.0,1.0,0.0,0.0,0.0,0.0,0.0,0.0,0.0,0.0,0.0,0.0,0.0,0.0,0.0,1.0,3.0,0.0,0.0,0.0,0.0,6.0,0.0,1.0,0.0,0.0,1.0,5.0,1.0,0.0,0.0,0.0,0.0,0.0,0.0,0.0,0.0,1.0,270.0,9910.5,800.0,0.0,1588.0,0.0,280.0,0.0,973.0,0.0,270.0,520.0,0.0,0.0,0.0,0.0,0.0,0.0,0.0,0.0,0.0,0.0,0.0,0.0,0.0,0.0,0.0,0.0,-5.0,117605.5,0.0,0.0,0.0,0.0,0.0,0.0,100.0,0.7253474221334146,0.7640041318115623,0.8326446980729502,0.7313108905973065,0.7504402750025401,0.7338565832401982,0.733918673304659,0.7339327846829455,0.7313108905973065,0.7313108905973065,0.8373042751831656,0.7320841941274088,0.8372478296700195,0.8488360935189262,0.8371095381628114,0.7313108905973065,0.7313108905973065,0.7313108905973065,0.7313108905973065,0.7317172982919588,0.7688697350447613,0,5.602118820879701,16,2
0.07953737257425407,3.104503223038801e-05,0.015499937909935538,0.8830928754473307,0.017746469333152708,0.0015578961628340163,0.2703796525214211,0.035495760941962724,0.8813487090911144,9.0,0.0008353935945631682,0.04003115792325668,1.0,0.0,0.0,0.0,0.0,0.0,98.0,8.0,19.0,9.0,0.0,0.5416659712791443,0.5416659712791443,10.0,26.0,0.0,0.0,0.0,42.0,0.5770283695149072,0.5770283695149072,0.5770283695149072,0.49442318330115936,0.60925311297005,0.3209435431977512,0.7118428331131958,0.7118371885618812,0.7118371885618812,1.0,1.0,1.0,1.0,1.0,1.0,1.0,1.0,1.0,0.0,1.0,1.0,1.0,0.0,0.0,1.0,1.0,1.0,1.0,1.0,1.0,0.0,0.0,0.0,0.0,1.0,1.0,1.0,0.0,1.0,0.0,1.0,1.0,1.0,1.0,0.0,0.0,0.0,1.0,1.0,1.0,1.0,0.0,0.0,1.0,1.0,0.0,1.0,1.0,1.0,0.0,0.0,0.0,0.0,1.0,1.0,1.0,0.0,0.0,1.0,1.0,0.0,1.0,1.0,1.0,0.0,0.0,0.0,1.0,1.0,1.0,0.0,0.0,0.0,0.0,0.0,0.0,1.0,1.0,1.0,1.0,1.0,1.0,1.0,1.0,1.0,1.0,1.0,1.0,1.0,1.0,1.0,1.0,1.0,1.0,1.0,1.0,1.0,1.0,50.0,50.0,50.0,0.0,0.0,0.0,0.0,0.0,0.0,50.0,50.0,0.0,2.0,2.0,0.0,0.0,0.0,1.0,1.0,1.0,1.0,1.0,1.0,1.0,1.0,0.0,0.0,0.0,50.0,1.0,1.0,0.0,2.0,2.0,0.0,0.0,0.0,0.0,1.0,0.0,0.0,0.0,1.0,1.0,1.0,1.0,1.0,1.0,1.0,1.0,1.0,1.0,1.0,1.0,1.0,1.0,1.0,1.0,50.0,50.0,0.0,0.0,0.0,0.0,0.0,0.0,0.0,50.0,50.0,50.0,1.0,1.0,1.0,0.0,2.0,0.0,0.0,1.0,0.0,1.0,1.0,0.0,0.0,0.0,1.0,1.0,1.0,1.0,1.0,1.0,1.0,1.0,1.0,1.0,1.0,1.0,1.0,1.0,1.0,1.0,1.0,1.0,1.0,1.0,1.0,1.0,1.0,50.0,50.0,50.0,0.0,0.0,0.0,0.0,0.0,0.0,0.0,0.0,50.0,50.0,1.0,1.0,0.0,2.0,2.0,0.0,0.0,0.0,0.0,0.0,0.0,1.0,1.0,0.0,1.0,1.0,1.0,1.0,1.0,1.0,1.0,1.0,1.0,50.0,50.0,50.0,0.0,0.0,0.0,0.0,0.0,0.0,0.0,0.0,0.0,50.0,50.0,1.0,1.0,1.0,0.0,0.0,0.0,1.0,1.0,1.0,50.0,50.0,0.0,50.0,50.0,-5.0,270531.0,0.0,0.0,0.0,0.0,0.0,0.0,100.0,0.03691254332193134,0.07440929770492544,0.09010397263521523,0.126260146080988,0.12278592474684187,0.16532326345378806,0.013865840304354208,0.006296496991454149,0.143569162687258,0.1403291902326684,0.010208171052483037,0.031126878224449938,0.05448685383998826,0.010349284835348438,0.03915343019383389,0.16282554949707048,0.25404432101692237,0.05903353992391145,0.11382519953488897,0.10283525812533162,0.04250347139905849,1,3.9318256327243257,13,4
0.7115944728553527,0.025908490534087444,0.029210553053137807,0.8830928754473307,0.31506192072792133,0.020046623993858727,0.7271960126889514,0.08114606969891963,0.8813487090911144,17.0,0.38170431582393516,0.7444683397116764,1.0,0.0,0.0,3.0,14.0,122.0,122.0,12.0,122.0,12.0,0.0,43.125,0.6666659712791443,50.0,85.0,0.0,0.0,0.0,122.0,0.4229518745554916,0.3777305516984455,0.3310360009482846,0.32066978245899236,0.17509115950373105,0.3673728000361251,0.24924927467515606,0.1825927682008557,0.2421710073266276,1.0,1.0,1.0,1.0,1.0,1.0,1.0,1.0,1.0,0.0,1.0,1.0,1.0,0.0,0.0,1.0,1.0,1.0,1.0,1.0,1.0,0.0,0.0,0.0,0.0,0.0,1.0,1.0,0.0,1.0,0.0,1.0,1.0,1.0,1.0,0.0,0.0,0.0,0.0,0.0,1.0,1.0,0.0,0.0,1.0,1.0,0.0,1.0,1.0,1.0,0.0,0.0,0.0,0.0,0.0,1.0,1.0,0.0,0.0,1.0,1.0,0.0,1.0,1.0,1.0,0.0,0.0,0.0,0.0,2.0,0.0,0.0,2.0,0.0,0.0,0.0,0.0,0.0,0.0,0.0,1.0,1.0,1.0,1.0,1.0,1.0,1.0,1.0,1.0,1.0,1.0,1.0,1.0,1.0,1.0,1.0,1.0,1.0,1.0,0.0,93.0,0.0,0.0,93.0,0.0,0.0,0.0,0.0,0.0,0.0,0.0,1.0,1.0,0.0,0.0,0.0,0.0,0.0,0.0,1.0,1.0,1.0,1.0,1.0,0.0,0.0,0.0,0.0,0.0,0.0,0.0,1.0,1.0,0.0,0.0,0.0,0.0,1.0,0.0,0.0,0.0,0.0,0.0,0.0,0.0,0.0,1.0,1.0,1.0,1.0,1.0,1.0,1.0,1.0,1.0,1.0,1.0,0.0,0.0,0.0,0.0,0.0,0.0,0.0,0.0,0.0,0.0,0.0,0.0,0.0,0.0,0.0,0.0,1.0,0.0,0.0,0.0,0.0,1.0,1.0,0.0,0.0,0.0,0.0,0.0,0.0,0.0,0.0,0.0,1.0,1.0,1.0,1.0,1.0,1.0,1.0,1.0,1.0,1.0,1.0,1.0,1.0,1.0,1.0,1.0,1.0,0.0,0.0,0.0,0.0,0.0,0.0,0.0,0.0,0.0,0.0,0.0,0.0,0.0,0.0,0.0,0.0,0.0,0.0,0.0,2.0,0.0,0.0,0.0,0.0,1.0,1.0,0.0,0.0,0.0,0.0,0.0,0.0,0.0,0.0,0.0,1.0,0.0,93.0,0.0,0.0,93.0,0.0,0.0,0.0,0.0,0.0,0.0,0.0,0.0,0.0,0.0,0.0,0.0,0.0,0.0,0.0,0.0,0.0,0.0,0.0,0.0,0.0,0.0,0.0,-5.0,117605.5,0.0,0.0,0.0,0.0,0.0,0.0,100.0,0.7253474221334146,0.7640041318115623,0.8326446980729502,0.7313108905973065,0.7504402750025401,0.7338565832401982,0.733918673304659,0.7339327846829455,0.7313108905973065,0.7313108905973065,0.8373042751831656,0.7320841941274088,0.8372478296700195,0.8488360935189262,0.8371095381628114,0.7313108905973065,0.7313108905973065,0.7313108905973065,0.7313108905973065,0.7317172982919588,0.7688697350447613,0,3.2188758248682006,19,1
0.7115944728553527,0.0012756685971032162,0.004016098260349285,0.8830928754473307,0.31506192072792133,0.028900102730833925,0.7271960126889514,0.034417651640871065,0.8813487090911144,291.0,0.04797868617423601,0.7444683397116764,1.0,0.0,0.0,1.0,19.0,344.0,344.0,0.0,344.0,0.0,0.0,43.125,0.6666659712791443,344.0,344.0,0.0,0.0,0.0,6.0,0.4229518745554916,0.04524107878664725,0.09193562953680812,0.32066978245899236,0.21565572752621895,0.3673728000361251,0.24924927467515606,0.1825927682008557,0.045991804111491175,1.0,1.0,1.0,1.0,1.0,1.0,1.0,1.0,1.0,0.0,1.0,1.0,1.0,0.0,0.0,1.0,1.0,1.0,1.0,1.0,1.0,0.0,0.0,0.0,1.0,1.0,1.0,1.0,0.0,1.0,0.0,1.0,1.0,1.0,1.0,0.0,0.0,0.0,1.0,1.0,1.0,1.0,0.0,0.0,1.0,1.0,0.0,1.0,1.0,1.0,0.0,0.0,0.0,0.0,1.0,1.0,1.0,0.0,0.0,1.0,1.0,0.0,1.0,1.0,1.0,0.0,0.0,0.0,1.0,2.0,2.0,1.0,2.0,2.0,0.0,0.0,0.0,0.0,0.0,0.0,1.0,1.0,1.0,1.0,1.0,1.0,1.0,1.0,1.0,1.0,1.0,1.0,1.0,1.0,1.0,1.0,1.0,1.0,1.0,151.0,322.0,322.0,151.0,322.0,322.0,0.0,0.0,0.0,0.0,0.0,0.0,1.0,1.0,0.0,0.0,0.0,0.0,0.0,0.0,1.0,1.0,1.0,1.0,1.0,0.0,0.0,0.0,0.0,0.0,0.0,0.0,1.0,1.0,0.0,0.0,0.0,0.0,1.0,0.0,0.0,0.0,0.0,0.0,0.0,0.0,0.0,1.0,1.0,1.0,1.0,1.0,1.0,1.0,1.0,1.0,1.0,1.0,0.0,0.0,0.0,0.0,0.0,0.0,0.0,0.0,0.0,0.0,0.0,0.0,0.0,0.0,0.0,0.0,1.0,0.0,0.0,0.0,0.0,1.0,1.0,0.0,0.0,0.0,0.0,0.0,0.0,0.0,0.0,0.0,1.0,1.0,1.0,1.0,1.0,1.0,1.0,1.0,1.0,1.0,1.0,1.0,1.0,1.0,1.0,1.0,1.0,0.0,0.0,0.0,0.0,0.0,0.0,0.0,0.0,0.0,0.0,0.0,0.0,0.0,1.0,3.0,0.0,0.0,0.0,1.0,5.0,0.0,3.0,0.0,0.0,1.0,3.0,0.0,0.0,0.0,0.0,0.0,0.0,0.0,0.0,0.0,1.0,151.0,890.0,493.0,151.0,890.0,0.0,493.0,0.0,0.0,0.0,0.0,0.0,0.0,0.0,0.0,0.0,0.0,0.0,0.0,0.0,0.0,0.0,0.0,0.0,0.0,0.0,0.0,0.0,-5.0,117605.5,0.0,0.0,0.0,0.0,0.0,0.0,100.0,0.7253474221334146,0.7640041318115623,0.8326446980729502,0.7313108905973065,0.7504402750025401,0.7338565832401982,0.733918673304659,0.7339327846829455,0.7313108905973065,0.7313108905973065,0.8373042751831656,0.7320841941274088,0.8372478296700195,0.8488360935189262,0.8371095381628114,0.7313108905973065,0.7313108905973065,0.7313108905973065,0.7313108905973065,0.7317172982919588,0.7688697350447613,0,5.0238805208462765,2,4
0.7115944728553527,0.0006688793307819961,0.0007817703570743162,0.8830928754473307,0.31506192072792133,0.13522933811991286,0.7271960126889514,0.08114606969891963,0.8813487090911144,2.0,0.007227847958365789,0.7444683397116764,1.0,0.0,1.0,1.0,1.0,0.0,98.0,8.0,0.0,9.0,0.0,43.125,0.6666659712791443,0.0,0.0,0.0,0.0,0.0,0.0,0.4229518745554916,0.3777305516984455,0.3310360009482846,0.49442318330115936,0.60925311297005,0.31168365676612364,0.7118428331131958,0.7118371885618812,0.7118371885618812,1.0,1.0,1.0,1.0,1.0,1.0,1.0,1.0,1.0,1.0,1.0,1.0,1.0,0.0,0.0,1.0,1.0,1.0,1.0,1.0,1.0,0.0,1.0,0.0,1.0,1.0,1.0,1.0,0.0,1.0,0.0,1.0,1.0,1.0,1.0,1.0,0.0,0.0,1.0,1.0,1.0,1.0,0.0,0.0,1.0,1.0,0.0,1.0,1.0,1.0,0.0,1.0,0.0,1.0,1.0,1.0,1.0,0.0,0.0,1.0,1.0,0.0,1.0,1.0,1.0,0.0,1.0,0.0,0.0,0.0,0.0,0.0,0.0,0.0,0.0,0.0,0.0,0.0,0.0,0.0,1.0,1.0,1.0,1.0,1.0,1.0,1.0,1.0,1.0,1.0,1.0,1.0,1.0,1.0,1.0,1.0,1.0,1.0,1.0,0.0,0.0,0.0,0.0,0.0,0.0,0.0,0.0,0.0,0.0,0.0,0.0,1.0,1.0,0.0,0.0,0.0,0.0,0.0,0.0,1.0,1.0,1.0,1.0,1.0,0.0,0.0,0.0,0.0,0.0,0.0,0.0,1.0,1.0,0.0,0.0,0.0,0.0,1.0,0.0,0.0,0.0,0.0,0.0,0.0,0.0,0.0,1.0,1.0,1.0,1.0,1.0,1.0,1.0,1.0,1.0,1.0,1.0,0.0,0.0,0.0,0.0,0.0,0.0,0.0,0.0,0.0,0.0,0.0,0.0,0.0,0.0,0.0,0.0,1.0,0.0,0.0,0.0,0.0,1.0,1.0,0.0,0.0,0.0,0.0,0.0,0.0,0.0,0.0,0.0,1.0,1.0,1.0,1.0,1.0,1.0,1.0,1.0,1.0,1.0,1.0,1.0,1.0,1.0,1.0,1.0,1.0,0.0,0.0,0.0,0.0,0.0,0.0,0.0,0.0,0.0,0.0,0.0,0.0,0.0,0.0,0.0,0.0,1.0,1.0,0.0,0.0,0.0,0.0,0.0,0.0,1.0,1.0,0.0,0.0,0.0,0.0,0.0,0.0,0.0,0.0,0.0,1.0,0.0,0.0,0.0,0.0,0.0,0.0,0.0,0.0,0.0,0.0,0.0,0.0,0.0,0.0,0.0,0.0,0.0,0.0,0.0,0.0,0.0,0.0,0.0,0.0,0.0,0.0,0.0,0.0,-5.0,117605.5,0.0,0.0,0.0,0.0,0.0,0.0,100.0,0.7253474221334146,0.7640041318115623,0.8326446980729502,0.7313108905973065,0.7504402750025401,0.7338565832401982,0.733918673304659,0.7339327846829455,0.7313108905973065,0.7313108905973065,0.8373042751831656,0.7320841941274088,0.8372478296700195,0.8488360935189262,0.8371095381628114,0.7313108905973065,0.7313108905973065,0.7313108905973065,0.7313108905973065,0.7317172982919588,0.7688697350447613,0,4.653674595047707,15,6
0.7115944728553527,0.00027940529007349207,0.03215983111502466,0.8830928754473307,0.31506192072792133,0.041323760174303746,0.7271960126889514,0.025583928833497024,0.8813487090911144,4.0,0.38170431582393516,0.7444683397116764,1.0,0.0,0.0,1.0,2.0,4.0,4.0,4.0,4.0,4.0,0.0,43.125,0.6666659712791443,4.0,4.0,0.0,0.0,0.0,4.0,0.4229518745554916,0.3777305516984455,0.3310360009482846,0.32066978245899236,0.21565572752621895,0.31168365676612364,0.24924927467515606,0.1825927682008557,0.2421710073266276,1.0,1.0,1.0,1.0,1.0,1.0,1.0,1.0,1.0,0.0,1.0,1.0,1.0,0.0,0.0,1.0,1.0,1.0,1.0,1.0,1.0,0.0,0.0,0.0,1.0,1.0,1.0,1.0,0.0,1.0,0.0,1.0,1.0,1.0,1.0,0.0,0.0,0.0,1.0,1.0,1.0,1.0,0.0,0.0,1.0,1.0,0.0,1.0,1.0,1.0,0.0,0.0,0.0,1.0,1.0,1.0,1.0,0.0,0.0,1.0,1.0,0.0,1.0,1.0,1.0,0.0,0.0,0.0,0.0,1.0,1.0,0.0,1.0,1.0,0.0,0.0,0.0,0.0,0.0,0.0,1.0,1.0,1.0,1.0,1.0,1.0,1.0,1.0,1.0,1.0,1.0,1.0,1.0,1.0,1.0,1.0,1.0,1.0,1.0,0.0,49.0,49.0,0.0,49.0,49.0,0.0,0.0,0.0,0.0,0.0,0.0,1.0,1.0,0.0,0.0,0.0,0.0,0.0,0.0,1.0,1.0,1.0,1.0,1.0,0.0,0.0,0.0,0.0,0.0,0.0,0.0,1.0,1.0,0.0,0.0,0.0,0.0,1.0,0.0,0.0,0.0,0.0,0.0,0.0,0.0,0.0,1.0,1.0,1.0,1.0,1.0,1.0,1.0,1.0,1.0,1.0,1.0,0.0,0.0,0.0,0.0,0.0,0.0,0.0,0.0,0.0,0.0,0.0,0.0,0.0,0.0,0.0,0.0,1.0,0.0,0.0,0.0,0.0,1.0,1.0,0.0,0.0,0.0,0.0,0.0,0.0,0.0,0.0,0.0,1.0,1.0,1.0,1.0,1.0,1.0,1.0,1.0,1.0,1.0,1.0,1.0,1.0,1.0,1.0,1.0,1.0,0.0,0.0,0.0,0.0,0.0,0.0,0.0,0.0,0.0,0.0,0.0,0.0,0.0,0.0,1.0,0.0,1.0,2.0,0.0,1.0,0.0,1.0,1.0,1.0,1.0,1.0,0.0,0.0,0.0,0.0,0.0,0.0,0.0,0.0,0.0,1.0,0.0,49.0,49.0,0.0,49.0,0.0,49.0,49.0,49.0,49.0,0.0,0.0,0.0,0.0,0.0,0.0,0.0,0.0,0.0,0.0,0.0,0.0,0.0,0.0,0.0,0.0,0.0,0.0,-5.0,117605.5,0.0,0.0,0.0,0.0,0.0,0.0,100.0,0.7253474221334146,0.7640041318115623,0.8326446980729502,0.7313108905973065,0.7504402750025401,0.7338565832401982,0.733918673304659,0.7339327846829455,0.7313108905973065,0.7313108905973065,0.8373042751831656,0.7320841941274088,0.8372478296700195,0.8488360935189262,0.8371095381628114,0.7313108905973065,0.7313108905973065,0.7313108905973065,0.7313108905973065,0.7317172982919588,0.7688697350447613,0,3.4011973816621555,1,1
0.7115944728553527,0.0006519456768381482,0.0006519456768381482,0.8830928754473307,0.6530604757227848,0.09485104029080728,0.7271960126889514,0.034417651640871065,0.8813487090911144,17.0,0.1693958072272835,0.7444683397116764,2.0,0.0,0.0,1.0,2.0,0.0,98.0,8.0,59.0,59.0,0.0,43.125,0.6666659712791443,0.0,0.0,0.0,0.0,0.0,0.0,0.4229518745554916,0.3777305516984455,0.3310360009482846,0.32066978245899236,0.21565572752621895,0.3673728000361251,0.24924927467515606,0.1825927682008557,0.2421710073266276,1.0,1.0,1.0,1.0,1.0,1.0,1.0,1.0,1.0,0.0,1.0,1.0,1.0,0.0,0.0,1.0,1.0,1.0,1.0,1.0,1.0,0.0,0.0,0.0,0.0,0.0,1.0,1.0,0.0,1.0,0.0,1.0,1.0,1.0,1.0,0.0,0.0,0.0,1.0,1.0,1.0,1.0,0.0,0.0,1.0,1.0,0.0,1.0,1.0,1.0,0.0,0.0,0.0,1.0,1.0,1.0,1.0,0.0,0.0,1.0,1.0,0.0,1.0,1.0,1.0,0.0,0.0,0.0,0.0,0.0,0.0,0.0,0.0,0.0,0.0,0.0,0.0,0.0,0.0,0.0,1.0,1.0,1.0,1.0,1.0,1.0,1.0,1.0,1.0,1.0,1.0,1.0,1.0,1.0,1.0,1.0,1.0,1.0,1.0,0.0,0.0,0.0,0.0,0.0,0.0,0.0,0.0,0.0,0.0,0.0,0.0,1.0,1.0,0.0,0.0,0.0,0.0,0.0,0.0,1.0,1.0,1.0,1.0,1.0,0.0,0.0,0.0,0.0,0.0,0.0,0.0,1.0,1.0,0.0,0.0,0.0,0.0,1.0,0.0,0.0,0.0,0.0,0.0,0.0,0.0,0.0,1.0,1.0,1.0,1.0,1.0,1.0,1.0,1.0,1.0,1.0,1.0,0.0,0.0,0.0,0.0,0.0,0.0,0.0,0.0,0.0,0.0,0.0,0.0,0.0,0.0,0.0,0.0,1.0,0.0,0.0,0.0,0.0,1.0,1.0,0.0,0.0,0.0,0.0,0.0,0.0,0.0,0.0,0.0,1.0,1.0,1.0,1.0,1.0,1.0,1.0,1.0,1.0,1.0,1.0,1.0,1.0,1.0,1.0,1.0,1.0,0.0,0.0,0.0,0.0,0.0,0.0,0.0,0.0,0.0,0.0,0.0,0.0,0.0,0.0,0.0,0.0,1.0,1.0,0.0,0.0,0.0,0.0,0.0,0.0,1.0,1.0,0.0,0.0,0.0,0.0,0.0,0.0,0.0,0.0,0.0,1.0,0.0,0.0,0.0,0.0,0.0,0.0,0.0,0.0,0.0,0.0,0.0,0.0,0.0,0.0,0.0,0.0,0.0,0.0,0.0,0.0,0.0,0.0,0.0,0.0,0.0,0.0,0.0,0.0,-5.0,117605.5,0.0,0.0,0.0,0.0,0.0,0.0,100.0,0.7253474221334146,0.7640041318115623,0.8326446980729502,0.7313108905973065,0.7504402750025401,0.7338565832401982,0.733918673304659,0.7339327846829455,0.7313108905973065,0.7313108905973065,0.8373042751831656,0.7320841941274088,0.8372478296700195,0.8488360935189262,0.8371095381628114,0.7313108905973065,0.7313108905973065,0.7313108905973065,0.7313108905973065,0.7317172982919588,0.7688697350447613,0,3.5553480614894135,19,5
0.7115944728553527,0.0032427947302468927,0.08156376649620121,0.8830928754473307,0.6530604757227848,0.5046285320779851,0.2703796525214211,0.08114606969891963,0.8813487090911144,9.0,0.38170431582393516,0.7444683397116764,2.0,0.0,0.0,1.0,1.0,0.0,98.0,0.0,0.0,0.0,0.0,43.125,0.6666659712791443,0.0,26.0,0.0,0.0,0.0,0.0,0.5770283695149072,0.5770283695149072,0.5770283695149072,0.32066978245899236,0.21565572752621895,0.31168365676612364,0.7118428331131958,0.7118371885618812,0.7118371885618812,1.0,1.0,1.0,1.0,1.0,1.0,1.0,1.0,1.0,0.0,0.0,0.0,1.0,0.0,0.0,1.0,1.0,1.0,1.0,1.0,1.0,0.0,0.0,0.0,1.0,1.0,2.0,2.0,0.0,1.0,0.0,2.0,2.0,1.0,1.0,0.0,0.0,0.0,1.0,1.0,3.0,3.0,0.0,0.0,2.0,2.0,0.0,1.0,1.0,1.0,0.0,0.0,0.0,1.0,1.0,3.0,3.0,0.0,0.0,2.0,2.0,0.0,2.0,2.0,1.0,0.0,0.0,0.0,0.0,0.0,0.0,0.0,0.0,0.0,0.0,0.0,0.0,0.0,0.0,0.0,1.0,1.0,1.0,1.0,1.0,1.0,1.0,1.0,1.0,1.0,1.0,1.0,1.0,1.0,1.0,1.0,1.0,1.0,1.0,0.0,0.0,0.0,0.0,0.0,0.0,0.0,0.0,0.0,0.0,0.0,0.0,1.0,1.0,0.0,0.0,0.0,0.0,0.0,0.0,1.0,1.0,1.0,1.0,1.0,0.0,0.0,0.0,0.0,0.0,0.0,0.0,1.0,1.0,0.0,0.0,0.0,0.0,1.0,0.0,0.0,0.0,0.0,0.0,0.0,0.0,0.0,1.0,1.0,1.0,1.0,1.0,1.0,1.0,1.0,1.0,1.0,1.0,0.0,0.0,0.0,0.0,0.0,0.0,0.0,0.0,0.0,0.0,0.0,0.0,0.0,0.0,0.0,0.0,1.0,0.0,0.0,0.0,0.0,1.0,1.0,0.0,0.0,0.0,0.0,0.0,0.0,0.0,0.0,0.0,1.0,1.0,1.0,1.0,1.0,1.0,1.0,1.0,1.0,1.0,1.0,1.0,1.0,1.0,1.0,1.0,1.0,0.0,0.0,0.0,0.0,0.0,0.0,0.0,0.0,0.0,0.0,0.0,0.0,0.0,2.0,2.0,0.0,3.0,3.0,0.0,0.0,0.0,0.0,0.0,0.0,3.0,3.0,1.0,1.0,1.0,1.0,1.0,1.0,1.0,0.0,0.0,1.0,5362.0,5362.0,5362.0,0.0,0.0,0.0,0.0,0.0,0.0,0.0,2681.0,2681.0,2681.0,2681.0,0.0,0.0,0.0,0.0,0.0,0.0,0.0,0.0,0.0,0.0,0.0,0.0,0.0,0.0,-5.0,117605.5,0.0,0.0,0.0,0.0,0.0,0.0,100.0,0.7253474221334146,0.7640041318115623,0.8326446980729502,0.7313108905973065,0.7504402750025401,0.7338565832401982,0.733918673304659,0.7339327846829455,0.7313108905973065,0.7313108905973065,0.8373042751831656,0.7320841941274088,0.8372478296700195,0.8488360935189262,0.8371095381628114,0.7313108905973065,0.7313108905973065,0.7313108905973065,0.7313108905973065,0.7317172982919588,0.7688697350447613,0,7.894318063841624,5,3
0.7115944728553527,0.003005723575033021,0.025939535566317833,0.8830928754473307,0.31506192072792133,0.13522933811991286,0.2703796525214211,0.026128628035357468,0.8813487090911144,9.0,0.0018175455233063523,0.7444683397116764,1.0,0.0,1.0,0.0,1.0,0.0,98.0,8.0,0.0,9.0,0.0,43.125,0.6666659712791443,0.0,26.0,0.0,0.0,0.0,0.0,0.5770283695149072,0.5770283695149072,0.5770283695149072,0.49442318330115936,0.60925311297005,0.31168365676612364,0.7118428331131958,0.7118371885618812,0.7118371885618812,1.0,1.0,1.0,1.0,1.0,1.0,1.0,1.0,1.0,0.0,0.0,0.0,1.0,0.0,0.0,1.0,1.0,1.0,1.0,1.0,1.0,0.0,1.0,0.0,0.0,0.0,1.0,1.0,0.0,1.0,0.0,1.0,1.0,1.0,1.0,1.0,0.0,0.0,0.0,0.0,1.0,1.0,0.0,0.0,1.0,1.0,0.0,1.0,1.0,1.0,0.0,1.0,0.0,0.0,0.0,1.0,1.0,0.0,0.0,1.0,1.0,0.0,1.0,1.0,1.0,0.0,1.0,0.0,0.0,0.0,0.0,0.0,0.0,0.0,0.0,0.0,0.0,0.0,0.0,0.0,1.0,1.0,1.0,1.0,1.0,1.0,1.0,1.0,1.0,1.0,1.0,1.0,1.0,1.0,1.0,1.0,1.0,1.0,1.0,0.0,0.0,0.0,0.0,0.0,0.0,0.0,0.0,0.0,0.0,0.0,0.0,1.0,1.0,0.0,0.0,0.0,0.0,0.0,0.0,1.0,1.0,1.0,1.0,1.0,0.0,0.0,0.0,0.0,0.0,0.0,0.0,1.0,1.0,0.0,0.0,0.0,0.0,1.0,0.0,0.0,0.0,0.0,0.0,0.0,0.0,0.0,1.0,1.0,1.0,1.0,1.0,1.0,1.0,1.0,1.0,1.0,1.0,0.0,0.0,0.0,0.0,0.0,0.0,0.0,0.0,0.0,0.0,0.0,0.0,0.0,0.0,0.0,0.0,1.0,0.0,0.0,0.0,0.0,1.0,1.0,0.0,0.0,0.0,0.0,0.0,0.0,0.0,0.0,0.0,1.0,1.0,1.0,1.0,1.0,1.0,1.0,1.0,1.0,1.0,1.0,1.0,1.0,1.0,1.0,1.0,1.0,0.0,0.0,0.0,0.0,0.0,0.0,0.0,0.0,0.0,0.0,0.0,0.0,0.0,0.0,0.0,0.0,1.0,1.0,0.0,0.0,0.0,0.0,0.0,0.0,1.0,1.0,0.0,0.0,0.0,0.0,0.0,0.0,0.0,0.0,0.0,1.0,0.0,0.0,0.0,0.0,0.0,0.0,0.0,0.0,0.0,0.0,0.0,0.0,0.0,0.0,0.0,0.0,0.0,0.0,0.0,0.0,0.0,0.0,0.0,0.0,0.0,0.0,0.0,0.0,-5.0,117605.5,0.0,0.0,0.0,0.0,0.0,0.0,100.0,0.7253474221334146,0.7640041318115623,0.8326446980729502,0.7313108905973065,0.7504402750025401,0.7338565832401982,0.733918673304659,0.7339327846829455,0.7313108905973065,0.7313108905973065,0.8373042751831656,0.7320841941274088,0.8372478296700195,0.8488360935189262,0.8371095381628114,0.7313108905973065,0.7313108905973065,0.7313108905973065,0.7313108905973065,0.7317172982919588,0.7688697350447613,0,6.100206838112216,21,6
0.7115944728553527,2.5400480915772006e-05,0.07187207188900555,0.8830928754473307,0.6530604757227848,0.5046285320779851,0.7271960126889514,0.0269160429437464,0.8813487090911144,9.0,0.06546268387125907,0.7444683397116764,2.0,0.0,2.0,0.0,2.0,0.0,98.0,8.0,0.0,9.0,0.0,43.125,0.6666659712791443,0.0,26.0,0.0,0.0,0.0,0.0,0.5770283695149072,0.5770283695149072,0.5770283695149072,0.49442318330115936,0.60925311297005,0.3673728000361251,0.7118428331131958,0.7118371885618812,0.7118371885618812,1.0,1.0,1.0,1.0,1.0,1.0,1.0,1.0,1.0,0.0,0.0,0.0,1.0,0.0,0.0,1.0,1.0,1.0,1.0,1.0,1.0,0.0,1.0,0.0,0.0,0.0,1.0,1.0,0.0,1.0,0.0,1.0,1.0,1.0,1.0,1.0,0.0,0.0,0.0,0.0,1.0,1.0,0.0,0.0,1.0,1.0,0.0,1.0,1.0,1.0,0.0,1.0,0.0,0.0,0.0,1.0,1.0,0.0,0.0,1.0,1.0,0.0,1.0,1.0,1.0,0.0,1.0,0.0,0.0,0.0,0.0,0.0,0.0,0.0,0.0,0.0,0.0,0.0,0.0,0.0,1.0,1.0,1.0,1.0,1.0,1.0,1.0,1.0,1.0,1.0,1.0,1.0,1.0,1.0,1.0,1.0,1.0,1.0,1.0,0.0,0.0,0.0,0.0,0.0,0.0,0.0,0.0,0.0,0.0,0.0,0.0,1.0,1.0,0.0,0.0,0.0,0.0,0.0,0.0,1.0,1.0,1.0,1.0,1.0,0.0,0.0,0.0,0.0,0.0,0.0,0.0,1.0,1.0,0.0,0.0,0.0,0.0,1.0,0.0,0.0,0.0,0.0,0.0,0.0,0.0,0.0,1.0,1.0,1.0,1.0,1.0,1.0,1.0,1.0,1.0,1.0,1.0,0.0,0.0,0.0,0.0,0.0,0.0,0.0,0.0,0.0,0.0,0.0,0.0,0.0,0.0,0.0,0.0,1.0,0.0,0.0,0.0,0.0,1.0,1.0,0.0,0.0,0.0,0.0,0.0,0.0,0.0,0.0,0.0,1.0,1.0,1.0,1.0,1.0,1.0,1.0,1.0,1.0,1.0,1.0,1.0,1.0,1.0,1.0,1.0,1.0,0.0,0.0,0.0,0.0,0.0,0.0,0.0,0.0,0.0,0.0,0.0,0.0,0.0,0.0,0.0,0.0,1.0,1.0,0.0,0.0,0.0,0.0,0.0,0.0,1.0,1.0,0.0,0.0,0.0,0.0,0.0,0.0,0.0,0.0,0.0,1.0,0.0,0.0,0.0,0.0,0.0,0.0,0.0,0.0,0.0,0.0,0.0,0.0,0.0,0.0,0.0,0.0,0.0,0.0,0.0,0.0,0.0,0.0,0.0,0.0,0.0,0.0,0.0,0.0,-5.0,117605.5,0.0,0.0,0.0,0.0,0.0,0.0,100.0,0.7253474221334146,0.7640041318115623,0.8326446980729502,0.7313108905973065,0.7504402750025401,0.7338565832401982,0.733918673304659,0.7339327846829455,0.7313108905973065,0.7313108905973065,0.8373042751831656,0.7320841941274088,0.8372478296700195,0.8488360935189262,0.8371095381628114,0.7313108905973065,0.7313108905973065,0.7313108905973065,0.7313108905973065,0.7317172982919588,0.7688697350447613,0,3.2939832973550063,15,0
0.017819848500242715,0.009544936273015657,0.04200675088337228,0.8830928754473307,0.6530604757227848,0.5046285320779851,0.2703796525214211,0.07170273534956706,0.8813487090911144,9.0,0.15974080220363282,0.02151138506000158,1.0,1.0,0.0,0.0,1.0,0.0,98.0,8.0,19.0,9.0,0.0,704.75,0.75,10.0,26.0,0.0,0.0,0.0,42.0,0.5770283695149072,0.5770283695149072,0.5770283695149072,0.49442318330115936,0.60925311297005,0.3209435431977512,0.7118428331131958,0.7118371885618812,0.7118371885618812,1.0,1.0,1.0,1.0,1.0,1.0,1.0,1.0,1.0,0.0,1.0,1.0,1.0,0.0,0.0,1.0,1.0,1.0,1.0,1.0,1.0,0.0,0.0,0.0,0.0,1.0,1.0,1.0,0.0,1.0,0.0,1.0,1.0,1.0,1.0,0.0,0.0,0.0,1.0,1.0,1.0,1.0,0.0,0.0,1.0,1.0,0.0,1.0,1.0,1.0,0.0,0.0,0.0,0.0,1.0,1.0,1.0,0.0,0.0,1.0,1.0,0.0,1.0,1.0,1.0,0.0,0.0,0.0,0.0,0.0,0.0,0.0,0.0,0.0,0.0,0.0,0.0,0.0,0.0,0.0,1.0,1.0,1.0,1.0,1.0,1.0,1.0,1.0,1.0,1.0,1.0,1.0,1.0,1.0,1.0,1.0,1.0,1.0,1.0,0.0,0.0,0.0,0.0,0.0,0.0,0.0,0.0,0.0,0.0,0.0,0.0,1.0,1.0,0.0,0.0,0.0,0.0,0.0,0.0,1.0,1.0,1.0,1.0,1.0,0.0,0.0,0.0,0.0,0.0,0.0,0.0,1.0,1.0,0.0,0.0,0.0,0.0,1.0,0.0,0.0,0.0,0.0,0.0,0.0,0.0,0.0,1.0,1.0,1.0,1.0,1.0,1.0,1.0,1.0,1.0,1.0,1.0,0.0,0.0,0.0,0.0,0.0,0.0,0.0,0.0,0.0,0.0,0.0,0.0,0.0,0.0,0.0,0.0,1.0,0.0,0.0,0.0,0.0,1.0,1.0,0.0,0.0,0.0,0.0,0.0,0.0,0.0,0.0,0.0,1.0,1.0,1.0,1.0,1.0,1.0,1.0,1.0,1.0,1.0,1.0,1.0,1.0,1.0,1.0,1.0,1.0,0.0,0.0,0.0,0.0,0.0,0.0,0.0,0.0,0.0,0.0,0.0,0.0,0.0,0.0,0.0,0.0,1.0,1.0,0.0,0.0,0.0,0.0,0.0,0.0,1.0,1.0,0.0,0.0,0.0,0.0,0.0,0.0,0.0,1.0,1.0,1.0,0.0,0.0,0.0,0.0,0.0,0.0,0.0,0.0,0.0,0.0,0.0,0.0,0.0,0.0,0.0,0.0,0.0,0.0,0.0,0.0,0.0,0.0,0.0,0.0,0.0,0.0,0.0,0.0,-5.0,80065.0,0.0,0.0,34.0,-10.0,0.0,-9.0,94.0500030517578,0.23774003454465403,0.11191734119054876,0.09010397263521523,0.12329957891647193,0.12677380025061807,0.16532326345378806,0.02339102064776871,0.011754778112687823,0.143569162687258,0.1403291902326684,0.028431604971720797,0.0016961876700421084,0.10807622402095257,0.0036915365597588647,0.12278874702249919,0.16282554949707048,0.25404432101692237,0.20965556947878214,0.1548639098678046,0.1654474435827096,0.09231381447488739,1,5.740596447778917,18,4
0.7115944728553527,0.006542034973639945,0.06278434427247379,0.8830928754473307,0.6530604757227848,0.5046285320779851,0.7271960126889514,0.08114606969891963,0.8813487090911144,2638.0,0.38170431582393516,0.7444683397116764,1.0,0.0,0.0,1.0,1.0,0.0,98.0,8.0,0.0,9.0,0.0,43.125,0.6666659712791443,0.0,0.0,0.0,0.0,0.0,0.0,0.4229518745554916,0.3777305516984455,0.3310360009482846,0.32066978245899236,0.21565572752621895,0.31168365676612364,0.24924927467515606,0.1825927682008557,0.045991804111491175,1.0,1.0,1.0,1.0,1.0,1.0,1.0,1.0,1.0,0.0,1.0,1.0,1.0,0.0,0.0,1.0,1.0,1.0,1.0,1.0,1.0,0.0,0.0,0.0,1.0,1.0,1.0,1.0,0.0,1.0,0.0,1.0,1.0,1.0,1.0,0.0,0.0,0.0,1.0,1.0,1.0,1.0,0.0,0.0,1.0,1.0,0.0,1.0,1.0,1.0,0.0,0.0,0.0,1.0,1.0,1.0,1.0,0.0,0.0,1.0,1.0,0.0,1.0,1.0,1.0,0.0,0.0,0.0,0.0,0.0,0.0,0.0,0.0,0.0,0.0,0.0,0.0,0.0,0.0,0.0,1.0,1.0,1.0,1.0,1.0,1.0,1.0,1.0,1.0,1.0,1.0,1.0,1.0,1.0,1.0,1.0,1.0,1.0,1.0,0.0,0.0,0.0,0.0,0.0,0.0,0.0,0.0,0.0,0.0,0.0,0.0,1.0,1.0,0.0,0.0,0.0,0.0,0.0,0.0,1.0,1.0,1.0,1.0,1.0,0.0,0.0,0.0,0.0,0.0,0.0,0.0,1.0,1.0,0.0,0.0,0.0,0.0,1.0,0.0,0.0,0.0,0.0,0.0,0.0,0.0,0.0,1.0,1.0,1.0,1.0,1.0,1.0,1.0,1.0,1.0,1.0,1.0,0.0,0.0,0.0,0.0,0.0,0.0,0.0,0.0,0.0,0.0,0.0,0.0,0.0,0.0,0.0,0.0,1.0,0.0,0.0,0.0,0.0,1.0,1.0,0.0,0.0,0.0,0.0,0.0,0.0,0.0,0.0,0.0,1.0,1.0,1.0,1.0,1.0,1.0,1.0,1.0,1.0,1.0,1.0,1.0,1.0,1.0,1.0,1.0,1.0,0.0,0.0,0.0,0.0,0.0,0.0,0.0,0.0,0.0,0.0,0.0,0.0,0.0,0.0,0.0,0.0,1.0,1.0,0.0,0.0,0.0,0.0,0.0,0.0,1.0,1.0,0.0,0.0,0.0,0.0,0.0,0.0,0.0,0.0,0.0,1.0,0.0,0.0,0.0,0.0,0.0,0.0,0.0,0.0,0.0,0.0,0.0,0.0,0.0,0.0,0.0,0.0,0.0,0.0,0.0,0.0,0.0,0.0,0.0,0.0,0.0,0.0,0.0,0.0,-5.0,117605.5,0.0,0.0,0.0,0.0,0.0,0.0,100.0,0.7253474221334146,0.7640041318115623,0.8326446980729502,0.7313108905973065,0.7504402750025401,0.7338565832401982,0.733918673304659,0.7339327846829455,0.7313108905973065,0.7313108905973065,0.8373042751831656,0.7320841941274088,0.8372478296700195,0.8488360935189262,0.8371095381628114,0.7313108905973065,0.7313108905973065,0.7313108905973065,0.7313108905973065,0.7317172982919588,0.7688697350447613,0,3.367295829986474,19,1
0.11594190627786997,0.008224111265395514,0.013939219471444214,0.09515866833745386,0.31506192072792133,0.13522933811991286,0.7271960126889514,0.10986272451202854,0.10986272451202854,9.0,0.07852699788893781,0.04876610108262494,1.0,0.0,0.0,0.0,1.0,0.0,98.0,8.0,0.0,9.0,0.0,43.125,0.6666659712791443,0.0,26.0,0.0,0.0,0.0,0.0,0.5770283695149072,0.5770283695149072,0.5770283695149072,0.09955577381153972,0.60925311297005,0.3209435431977512,0.7118428331131958,0.7118371885618812,0.7118371885618812,1.0,1.0,1.0,1.0,1.0,1.0,1.0,1.0,1.0,0.0,0.0,0.0,1.0,1.0,1.0,1.0,1.0,1.0,1.0,1.0,1.0,0.0,0.0,1.0,0.0,0.0,1.0,1.0,1.0,1.0,1.0,1.0,1.0,1.0,1.0,0.0,1.0,1.0,0.0,0.0,1.0,1.0,1.0,1.0,1.0,1.0,1.0,1.0,1.0,1.0,0.0,0.0,1.0,0.0,0.0,1.0,1.0,1.0,1.0,1.0,1.0,1.0,1.0,1.0,1.0,0.0,0.0,1.0,0.0,0.0,0.0,0.0,0.0,0.0,0.0,0.0,0.0,0.0,0.0,0.0,1.0,1.0,1.0,1.0,1.0,1.0,1.0,1.0,1.0,1.0,1.0,1.0,1.0,1.0,1.0,1.0,1.0,1.0,1.0,0.0,0.0,0.0,0.0,0.0,0.0,0.0,0.0,0.0,0.0,0.0,0.0,1.0,1.0,0.0,0.0,0.0,0.0,0.0,0.0,1.0,1.0,1.0,1.0,1.0,0.0,0.0,0.0,0.0,0.0,0.0,0.0,1.0,1.0,0.0,0.0,0.0,0.0,1.0,0.0,0.0,0.0,0.0,0.0,0.0,0.0,0.0,1.0,1.0,1.0,1.0,1.0,1.0,1.0,1.0,1.0,1.0,1.0,0.0,0.0,0.0,0.0,0.0,0.0,0.0,0.0,0.0,0.0,0.0,0.0,0.0,0.0,0.0,0.0,1.0,0.0,0.0,0.0,0.0,1.0,1.0,0.0,0.0,0.0,0.0,0.0,0.0,0.0,0.0,0.0,1.0,1.0,1.0,1.0,1.0,1.0,1.0,1.0,1.0,1.0,1.0,1.0,1.0,1.0,1.0,1.0,1.0,0.0,0.0,0.0,0.0,0.0,0.0,0.0,0.0,0.0,0.0,0.0,0.0,0.0,0.0,0.0,0.0,1.0,1.0,0.0,0.0,0.0,0.0,0.0,0.0,1.0,1.0,0.0,0.0,0.0,0.0,0.0,0.0,0.0,1.0,1.0,1.0,0.0,0.0,0.0,0.0,0.0,0.0,0.0,0.0,0.0,0.0,0.0,0.0,0.0,0.0,0.0,0.0,0.0,0.0,0.0,0.0,0.0,0.0,0.0,0.0,0.0,0.0,0.0,0.0,-5.0,139429.0,0.0,0.0,0.0,0.0,0.0,0.0,100.0,0.23774003454465403,0.11191734119054876,0.8326446980729502,0.12329957891647193,0.12677380025061807,0.09363463948250754,0.00025682708481502805,0.0032738397624772807,0.12511994671543558,0.12835991917002518,0.8373042751831656,0.06130264955238708,0.8372478296700195,0.8488360935189262,0.8371095381628114,0.1058635599056231,0.25404432101692237,0.20965556947878214,0.1548639098678046,0.1654474435827096,0.7688697350447613,1,4.5199499312536044,4,6
0.7115944728553527,9.313509669116402e-05,9.877964800578001e-05,0.8830928754473307,0.31506192072792133,0.00752418690238313,0.7271960126889514,0.0025654485724929724,0.8813487090911144,9.0,0.008489405177182465,0.7444683397116764,1.0,0.0,0.0,0.0,1.0,0.0,98.0,0.0,0.0,0.0,0.0,43.125,0.6666659712791443,0.0,26.0,0.0,0.0,0.0,0.0,0.5770283695149072,0.5770283695149072,0.5770283695149072,0.32066978245899236,0.21565572752621895,0.3673728000361251,0.7118428331131958,0.7118371885618812,0.7118371885618812,1.0,1.0,1.0,1.0,1.0,1.0,1.0,1.0,1.0,0.0,0.0,0.0,1.0,0.0,0.0,1.0,1.0,1.0,1.0,1.0,1.0,0.0,0.0,0.0,0.0,0.0,2.0,2.0,0.0,1.0,0.0,1.0,1.0,1.0,1.0,0.0,0.0,0.0,0.0,0.0,2.0,2.0,0.0,0.0,1.0,1.0,0.0,1.0,1.0,1.0,0.0,0.0,0.0,0.0,0.0,2.0,2.0,0.0,0.0,1.0,1.0,0.0,1.0,1.0,1.0,0.0,0.0,0.0,0.0,0.0,0.0,0.0,0.0,0.0,0.0,0.0,0.0,0.0,0.0,0.0,1.0,1.0,1.0,1.0,1.0,1.0,1.0,1.0,1.0,1.0,1.0,1.0,1.0,1.0,1.0,1.0,1.0,1.0,1.0,0.0,0.0,0.0,0.0,0.0,0.0,0.0,0.0,0.0,0.0,0.0,0.0,1.0,1.0,0.0,0.0,0.0,0.0,0.0,0.0,1.0,1.0,1.0,1.0,1.0,0.0,0.0,0.0,0.0,0.0,0.0,0.0,1.0,1.0,0.0,0.0,0.0,0.0,1.0,0.0,0.0,0.0,0.0,0.0,0.0,0.0,0.0,1.0,1.0,1.0,1.0,1.0,1.0,1.0,1.0,1.0,1.0,1.0,0.0,0.0,0.0,0.0,0.0,0.0,0.0,0.0,0.0,0.0,0.0,0.0,0.0,0.0,0.0,0.0,1.0,0.0,0.0,0.0,0.0,1.0,1.0,0.0,0.0,0.0,0.0,0.0,0.0,0.0,0.0,0.0,1.0,1.0,1.0,1.0,1.0,1.0,1.0,1.0,1.0,1.0,1.0,1.0,1.0,1.0,1.0,1.0,1.0,0.0,0.0,0.0,0.0,0.0,0.0,0.0,0.0,0.0,0.0,0.0,0.0,0.0,2.0,2.0,0.0,3.0,3.0,0.0,0.0,0.0,0.0,0.0,0.0,2.0,2.0,2.0,0.0,0.0,0.0,0.0,0.0,0.0,0.0,0.0,1.0,271.5,271.5,271.5,0.0,0.0,0.0,0.0,0.0,0.0,0.0,271.5,271.5,0.0,0.0,0.0,0.0,0.0,0.0,0.0,0.0,0.0,0.0,0.0,0.0,0.0,0.0,0.0,0.0,-5.0,117605.5,0.0,0.0,0.0,0.0,0.0,0.0,100.0,0.7253474221334146,0.7640041318115623,0.8326446980729502,0.7313108905973065,0.7504402750025401,0.7338565832401982,0.733918673304659,0.7339327846829455,0.7313108905973065,0.7313108905973065,0.8373042751831656,0.7320841941274088,0.8372478296700195,0.8488360935189262,0.8371095381628114,0.7313108905973065,0.7313108905973065,0.7313108905973065,0.7313108905973065,0.7317172982919588,0.7688697350447613,0,4.964661161186305,21,3
0.7115944728553527,0.00023989343087118005,0.01877377767241282,0.8830928754473307,0.6530604757227848,0.5046285320779851,0.7271960126889514,0.041933371716282274,0.8813487090911144,1.0,0.15974080220363282,0.7444683397116764,1.0,0.0,0.0,1.0,6.0,322.0,322.0,34.0,19.0,9.0,0.0,43.125,0.6666659712791443,321.0,0.0,0.0,0.0,0.0,321.0,0.4229518745554916,0.3777305516984455,0.3310360009482846,0.08535126042830855,0.21565572752621895,0.31168365676612364,0.7118428331131958,0.7118371885618812,0.7118371885618812,1.0,1.0,1.0,0.0,0.0,1.0,1.0,1.0,1.0,0.0,0.0,0.0,1.0,0.0,0.0,0.0,0.0,1.0,1.0,1.0,1.0,0.0,0.0,0.0,0.0,1.0,1.0,1.0,0.0,1.0,0.0,1.0,1.0,1.0,1.0,0.0,0.0,0.0,0.0,0.0,1.0,1.0,0.0,0.0,0.0,0.0,0.0,1.0,1.0,1.0,0.0,0.0,0.0,0.0,0.0,1.0,1.0,0.0,0.0,0.0,0.0,0.0,1.0,1.0,1.0,0.0,0.0,0.0,0.0,0.0,0.0,0.0,0.0,0.0,0.0,0.0,0.0,0.0,0.0,0.0,1.0,1.0,1.0,1.0,1.0,1.0,1.0,1.0,1.0,1.0,1.0,1.0,1.0,1.0,1.0,1.0,1.0,1.0,1.0,0.0,0.0,0.0,0.0,0.0,0.0,0.0,0.0,0.0,0.0,0.0,0.0,1.0,1.0,0.0,0.0,0.0,0.0,0.0,0.0,1.0,1.0,1.0,1.0,1.0,0.0,0.0,0.0,0.0,0.0,0.0,0.0,1.0,1.0,0.0,0.0,0.0,0.0,1.0,0.0,0.0,0.0,0.0,0.0,0.0,0.0,0.0,1.0,1.0,1.0,1.0,1.0,1.0,1.0,1.0,1.0,1.0,1.0,0.0,0.0,0.0,0.0,0.0,0.0,0.0,0.0,0.0,0.0,0.0,0.0,0.0,0.0,0.0,0.0,1.0,0.0,0.0,0.0,0.0,1.0,1.0,0.0,0.0,0.0,0.0,0.0,0.0,0.0,0.0,0.0,1.0,1.0,1.0,1.0,1.0,1.0,1.0,1.0,1.0,1.0,1.0,1.0,1.0,1.0,1.0,1.0,1.0,0.0,0.0,0.0,0.0,0.0,0.0,0.0,0.0,0.0,0.0,0.0,0.0,0.0,0.0,0.0,0.0,0.0,0.0,0.0,0.0,0.0,0.0,0.0,0.0,1.0,1.0,0.0,0.0,0.0,0.0,0.0,0.0,0.0,0.0,0.0,1.0,0.0,0.0,0.0,0.0,0.0,0.0,0.0,0.0,0.0,0.0,0.0,0.0,0.0,0.0,0.0,0.0,0.0,0.0,0.0,0.0,0.0,0.0,0.0,0.0,0.0,0.0,0.0,0.0,-5.0,117605.5,0.0,0.0,0.0,0.0,0.0,0.0,100.0,0.7253474221334146,0.7640041318115623,0.8326446980729502,0.7313108905973065,0.7504402750025401,0.7338565832401982,0.733918673304659,0.7339327846829455,0.7313108905973065,0.7313108905973065,0.8373042751831656,0.7320841941274088,0.8372478296700195,0.8488360935189262,0.8371095381628114,0.7313108905973065,0.7313108905973065,0.7313108905973065,0.7313108905973065,0.7317172982919588,0.7688697350447613,0,4.532599493153256,4,6
0.7115944728553527,0.0014675833418001604,0.004016098260349285,0.8830928754473307,0.31506192072792133,0.09485104029080728,0.7271960126889514,0.06695566769397501,0.8813487090911144,9.0,0.38170431582393516,0.7444683397116764,2.0,0.0,0.0,1.0,4.0,252.0,252.0,244.0,0.0,9.0,0.0,43.125,0.6666659712791443,282.0,26.0,0.0,0.0,0.0,282.0,0.5770283695149072,0.5770283695149072,0.5770283695149072,0.32066978245899236,0.17509115950373105,0.3673728000361251,0.7118428331131958,0.7118371885618812,0.7118371885618812,1.0,1.0,1.0,1.0,1.0,1.0,1.0,1.0,1.0,0.0,0.0,0.0,1.0,0.0,0.0,1.0,1.0,1.0,1.0,1.0,1.0,0.0,0.0,0.0,0.0,0.0,1.0,1.0,0.0,1.0,0.0,1.0,1.0,1.0,1.0,0.0,0.0,0.0,1.0,1.0,1.0,1.0,0.0,0.0,1.0,1.0,0.0,1.0,1.0,1.0,0.0,0.0,0.0,0.0,0.0,1.0,1.0,0.0,0.0,1.0,1.0,0.0,1.0,1.0,1.0,0.0,0.0,0.0,0.0,0.0,0.0,0.0,0.0,0.0,0.0,0.0,0.0,0.0,0.0,0.0,1.0,1.0,1.0,1.0,1.0,1.0,1.0,1.0,1.0,1.0,1.0,1.0,1.0,1.0,1.0,1.0,1.0,1.0,1.0,0.0,0.0,0.0,0.0,0.0,0.0,0.0,0.0,0.0,0.0,0.0,0.0,1.0,1.0,0.0,0.0,0.0,0.0,0.0,0.0,1.0,1.0,1.0,1.0,1.0,0.0,0.0,0.0,0.0,0.0,0.0,0.0,1.0,1.0,0.0,0.0,0.0,0.0,1.0,0.0,0.0,0.0,0.0,0.0,0.0,0.0,0.0,1.0,1.0,1.0,1.0,1.0,1.0,1.0,1.0,1.0,1.0,1.0,0.0,0.0,0.0,0.0,0.0,0.0,0.0,0.0,0.0,0.0,0.0,0.0,0.0,0.0,0.0,0.0,1.0,0.0,0.0,0.0,0.0,1.0,1.0,0.0,0.0,0.0,0.0,0.0,0.0,0.0,0.0,0.0,1.0,1.0,1.0,1.0,1.0,1.0,1.0,1.0,1.0,1.0,1.0,1.0,1.0,1.0,1.0,1.0,1.0,0.0,0.0,0.0,0.0,0.0,0.0,0.0,0.0,0.0,0.0,0.0,0.0,0.0,0.0,0.0,0.0,0.0,0.0,0.0,0.0,0.0,0.0,0.0,0.0,1.0,1.0,0.0,0.0,0.0,0.0,0.0,0.0,0.0,0.0,0.0,1.0,0.0,0.0,0.0,0.0,0.0,0.0,0.0,0.0,0.0,0.0,0.0,0.0,0.0,0.0,0.0,0.0,0.0,0.0,0.0,0.0,0.0,0.0,0.0,0.0,0.0,0.0,0.0,0.0,-5.0,117605.5,0.0,0.0,0.0,0.0,0.0,0.0,100.0,0.7253474221334146,0.7640041318115623,0.8326446980729502,0.7313108905973065,0.7504402750025401,0.7338565832401982,0.733918673304659,0.7339327846829455,0.7313108905973065,0.7313108905973065,0.8373042751831656,0.7320841941274088,0.8372478296700195,0.8488360935189262,0.8371095381628114,0.7313108905973065,0.7313108905973065,0.7313108905973065,0.7313108905973065,0.7317172982919588,0.7688697350447613,0,4.68213122712422,16,1
0.11594190627786997,0.0004346304512254321,0.0007987040110181642,0.8830928754473307,0.31506192072792133,0.13522933811991286,0.7271960126889514,0.10986272451202854,0.10986272451202854,9.0,0.38170431582393516,0.10529628249850419,1.0,0.0,0.0,0.0,0.0,0.0,98.0,0.0,0.0,0.0,0.0,0.0833330005407333,0.0833330005407333,0.0,26.0,0.0,0.0,0.0,0.0,0.5770283695149072,0.5770283695149072,0.5770283695149072,0.32066978245899236,0.60925311297005,0.3209435431977512,0.7118428331131958,0.7118371885618812,0.7118371885618812,1.0,1.0,1.0,1.0,1.0,1.0,1.0,1.0,1.0,0.0,0.0,0.0,1.0,1.0,1.0,1.0,1.0,1.0,1.0,1.0,1.0,0.0,0.0,1.0,0.0,0.0,3.0,3.0,1.0,1.0,1.0,1.0,1.0,1.0,1.0,0.0,1.0,1.0,0.0,0.0,3.0,3.0,1.0,1.0,1.0,1.0,1.0,1.0,1.0,1.0,0.0,0.0,1.0,0.0,0.0,3.0,3.0,1.0,1.0,1.0,1.0,1.0,1.0,1.0,1.0,0.0,0.0,1.0,0.0,0.0,0.0,0.0,0.0,0.0,0.0,0.0,0.0,0.0,0.0,0.0,1.0,1.0,1.0,1.0,1.0,1.0,1.0,1.0,1.0,1.0,1.0,1.0,1.0,1.0,1.0,1.0,1.0,1.0,1.0,0.0,0.0,0.0,0.0,0.0,0.0,0.0,0.0,0.0,0.0,0.0,0.0,1.0,1.0,0.0,0.0,0.0,0.0,0.0,0.0,1.0,1.0,1.0,1.0,1.0,0.0,0.0,0.0,0.0,2.0,2.0,0.0,3.0,3.0,0.0,0.0,0.0,0.0,3.0,2.0,2.0,2.0,0.0,0.0,0.0,0.0,0.0,1.0,1.0,1.0,1.0,1.0,1.0,1.0,1.0,1.0,1.0,1.0,50.83760070800781,50.83760070800781,0.0,0.0,0.0,0.0,0.0,50.83760070800781,50.83760070800781,0.0,0.0,0.0,3.0,3.0,3.0,3.0,4.0,1.0,1.0,0.0,1.0,4.0,4.0,2.0,2.0,2.0,0.0,0.0,0.0,0.0,0.0,0.0,1.0,1.0,2.0,2.0,2.0,2.0,1.0,1.0,1.0,1.0,1.0,2.0,2.0,2.0,2.0,2.0,2.0,76.25640106201172,76.25640106201172,76.25640106201172,25.418800354003903,25.418800354003903,25.418800354003903,25.418800354003903,25.418800354003903,50.83760070800781,50.83760070800781,50.83760070800781,0.0,0.0,2.0,2.0,0.0,3.0,3.0,0.0,0.0,0.0,0.0,0.0,0.0,3.0,3.0,2.0,0.0,0.0,0.0,0.0,0.0,0.0,1.0,1.0,1.0,50.83760070800781,50.83760070800781,50.83760070800781,0.0,0.0,0.0,0.0,0.0,0.0,0.0,50.83760070800781,50.83760070800781,0.0,0.0,0.0,0.0,0.0,0.0,0.0,0.0,0.0,0.0,0.0,0.0,0.0,0.0,0.0,0.0,-10.0,140416.0,0.0,0.0,0.0,0.0,0.0,0.0,100.0,0.23774003454465403,0.07440929770492544,0.8326446980729502,0.126260146080988,0.12278592474684187,0.09363463948250754,0.014726634379833146,0.00622594010002145,0.143569162687258,0.1403291902326684,0.8373042751831656,0.06130264955238708,0.8372478296700195,0.8488360935189262,0.8371095381628114,0.1058635599056231,0.25404432101692237,0.20965556947878214,0.11382519953488897,0.1654474435827096,0.7688697350447613,1,3.274083448264295,2,6
0.7115944728553527,0.0016397421568959483,0.01705218952145494,0.0023142660389925606,0.0023340219685937164,0.00752418690238313,0.0023255551416217924,0.013208250076201442,0.8813487090911144,9.0,0.15974080220363282,0.7444683397116764,12.0,0.0,1.0,6.0,87.0,57.0,51.0,3.0,19.0,9.0,0.0,43.125,0.6666659712791443,82.0,135.0,0.0,0.0,0.0,258.0,0.4229518745554916,0.04524107878664725,0.09193562953680812,0.32066978245899236,0.60925311297005,0.3673728000361251,0.7118428331131958,0.7118371885618812,0.7118371885618812,1.0,1.0,1.0,1.0,1.0,1.0,1.0,1.0,1.0,0.0,1.0,1.0,1.0,0.0,0.0,0.0,0.0,1.0,1.0,1.0,1.0,0.0,0.0,0.0,0.0,1.0,1.0,1.0,0.0,1.0,0.0,1.0,1.0,1.0,1.0,0.0,0.0,0.0,0.0,1.0,1.0,2.0,0.0,0.0,0.0,0.0,0.0,1.0,1.0,1.0,0.0,0.0,0.0,0.0,0.0,1.0,1.0,0.0,0.0,0.0,0.0,0.0,1.0,1.0,1.0,0.0,0.0,0.0,1.0,35.0,13.0,1.0,6.0,3.0,0.0,4.0,1.0,0.0,25.0,9.0,1.0,1.0,1.0,1.0,1.0,1.0,1.0,2.0,2.0,2.0,1.0,1.0,1.0,1.0,1.0,1.0,2.0,2.0,2.0,39.0,2840.0,856.0,39.0,382.0,221.0,0.0,584.0,50.0,0.0,1874.0,0.0,1.0,1.0,0.0,0.0,0.0,0.0,0.0,0.0,1.0,1.0,1.0,1.0,1.0,0.0,0.0,0.0,0.0,0.0,0.0,0.0,1.0,1.0,0.0,0.0,0.0,0.0,1.0,0.0,0.0,0.0,0.0,0.0,0.0,0.0,0.0,1.0,1.0,1.0,1.0,1.0,1.0,1.0,1.0,1.0,1.0,1.0,0.0,0.0,0.0,0.0,0.0,0.0,0.0,0.0,0.0,0.0,0.0,0.0,0.0,0.0,0.0,0.0,1.0,0.0,0.0,0.0,0.0,1.0,1.0,0.0,0.0,0.0,0.0,0.0,0.0,0.0,0.0,0.0,1.0,1.0,1.0,1.0,1.0,1.0,1.0,1.0,1.0,1.0,1.0,1.0,1.0,1.0,1.0,1.0,1.0,0.0,0.0,0.0,0.0,0.0,0.0,0.0,0.0,0.0,0.0,0.0,0.0,0.0,0.0,3.0,0.0,0.0,0.0,0.0,42.0,0.0,0.0,0.0,0.0,1.0,7.0,0.0,34.0,0.0,34.0,3.0,0.0,0.0,0.0,0.0,1.0,0.0,7084.0,143.0,0.0,3962.0,0.0,0.0,0.0,0.0,0.0,0.0,0.0,0.0,2815.0,0.0,0.0,0.0,0.0,0.0,0.0,0.0,0.0,0.0,0.0,0.0,0.0,0.0,0.0,-5.0,117605.5,0.0,0.0,0.0,0.0,0.0,0.0,100.0,0.7253474221334146,0.7640041318115623,0.8326446980729502,0.7313108905973065,0.7504402750025401,0.7338565832401982,0.733918673304659,0.7339327846829455,0.7313108905973065,0.7313108905973065,0.8373042751831656,0.7320841941274088,0.8372478296700195,0.8488360935189262,0.8371095381628114,0.7313108905973065,0.7313108905973065,0.7313108905973065,0.7313108905973065,0.7317172982919588,0.7688697350447613,0,3.6888794541139363,18,6
0.11594190627786997,0.0031948160440726566,0.027421230286404533,0.09515866833745386,0.6530604757227848,0.020187737776724127,0.2703796525214211,0.10986272451202854,0.10986272451202854,9.0,0.07852699788893781,0.04876610108262494,2.0,0.0,0.0,0.0,1.0,0.0,0.0,0.0,0.0,0.0,0.0,0.1666660010814666,0.1666660010814666,0.0,26.0,0.0,0.0,0.0,0.0,0.5770283695149072,0.5770283695149072,0.5770283695149072,0.08535126042830855,0.60925311297005,0.3209435431977512,0.7118428331131958,0.7118371885618812,0.7118371885618812,1.0,1.0,1.0,1.0,1.0,1.0,1.0,1.0,1.0,0.0,0.0,0.0,1.0,1.0,1.0,1.0,1.0,1.0,1.0,1.0,1.0,0.0,0.0,1.0,0.0,0.0,8.0,8.0,1.0,1.0,1.0,2.0,2.0,2.0,2.0,0.0,1.0,2.0,0.0,0.0,7.0,7.0,1.0,1.0,1.0,1.0,1.0,1.0,2.0,2.0,0.0,0.0,1.0,0.0,0.0,5.0,5.0,1.0,1.0,1.0,1.0,1.0,2.0,2.0,1.0,0.0,0.0,1.0,0.0,0.0,0.0,0.0,0.0,0.0,0.0,0.0,0.0,0.0,0.0,0.0,1.0,1.0,1.0,1.0,1.0,1.0,1.0,1.0,1.0,1.0,1.0,1.0,1.0,1.0,1.0,1.0,1.0,1.0,1.0,0.0,0.0,0.0,0.0,0.0,0.0,0.0,0.0,0.0,0.0,0.0,0.0,1.0,1.0,0.0,0.0,0.0,0.0,0.0,0.0,1.0,1.0,1.0,1.0,1.0,0.0,0.0,0.0,0.0,8.0,8.0,8.0,9.0,9.0,1.0,1.0,1.0,1.0,8.0,6.0,6.0,6.0,0.0,0.0,0.0,0.0,0.0,1.0,1.0,1.0,2.0,1.0,1.0,1.0,1.0,1.0,2.0,2.0,492.635009765625,492.635009765625,37.89500045776367,37.89500045776367,37.89500045776367,37.89500045776367,37.89500045776367,416.8450012207031,416.8450012207031,0.0,0.0,0.0,8.0,8.0,8.0,8.0,9.0,1.0,1.0,0.0,1.0,8.0,8.0,6.0,6.0,6.0,0.0,0.0,0.0,0.0,0.0,0.0,1.0,1.0,1.0,1.0,1.0,2.0,1.0,1.0,1.0,1.0,1.0,2.0,2.0,2.0,0.0,0.0,0.0,492.635009765625,492.635009765625,492.635009765625,37.89500045776367,37.89500045776367,37.89500045776367,37.89500045776367,37.89500045776367,416.8450012207031,416.8450012207031,416.8450012207031,0.0,0.0,7.0,7.0,7.0,8.0,8.0,1.0,1.0,1.0,1.0,1.0,1.0,7.0,7.0,5.0,0.0,0.0,0.0,0.0,0.0,0.0,1.0,1.0,1.0,416.8450012207031,416.8450012207031,416.8450012207031,37.89500045776367,37.89500045776367,37.89500045776367,37.89500045776367,37.89500045776367,37.89500045776367,37.89500045776367,341.05499267578125,341.05499267578125,0.0,0.0,0.0,0.0,0.0,0.0,0.0,0.0,0.0,0.0,0.0,0.0,0.0,0.0,0.0,0.0,-20.0,46215.0,0.0,0.0,0.0,0.0,0.0,0.0,95.16000366210938,0.23774003454465403,0.07440929770492544,0.8326446980729502,0.019129384405233627,0.7504402750025401,0.09363463948250754,0.032518260123502785,0.045991804111491175,0.143569162687258,0.1403291902326684,0.8373042751831656,0.01875966629412628,0.8372478296700195,0.8488360935189262,0.8371095381628114,0.1058635599056231,0.25404432101692237,0.05903353992391145,0.1548639098678046,0.1654474435827096,0.7688697350447613,1,4.3410744233424525,4,2
0.7115944728553527,0.0173203057088992,0.08156376649620121,0.8830928754473307,0.6530604757227848,0.5046285320779851,0.7271960126889514,0.08114606969891963,0.8813487090911144,9.0,0.38170431582393516,0.7444683397116764,112.0,0.0,112.0,62.0,458.0,177.0,98.0,15.0,44.0,15.0,0.0,43.125,0.6666659712791443,193.0,26.0,0.0,0.0,0.0,193.0,0.5770283695149072,0.5770283695149072,0.5770283695149072,0.49442318330115936,0.60925311297005,0.3673728000361251,0.7118428331131958,0.7118371885618812,0.7118371885618812,1.0,1.0,1.0,1.0,1.0,1.0,1.0,1.0,1.0,0.0,1.0,1.0,1.0,0.0,0.0,1.0,1.0,1.0,1.0,1.0,1.0,0.0,0.0,0.0,1.0,1.0,1.0,1.0,0.0,1.0,0.0,1.0,1.0,1.0,1.0,1.0,0.0,0.0,0.0,0.0,1.0,1.0,0.0,0.0,1.0,1.0,0.0,1.0,1.0,1.0,0.0,1.0,0.0,1.0,1.0,1.0,1.0,0.0,0.0,1.0,1.0,0.0,1.0,1.0,1.0,0.0,0.0,0.0,0.0,5.0,0.0,0.0,3.0,0.0,0.0,0.0,0.0,0.0,2.0,0.0,1.0,1.0,1.0,1.0,1.0,1.0,1.0,1.0,2.0,1.0,1.0,1.0,1.0,1.0,2.0,1.0,1.0,2.0,1.0,0.0,675.8699951171875,0.0,0.0,114.87000274658205,0.0,0.0,0.0,0.0,0.0,561.0,0.0,1.0,1.0,0.0,0.0,0.0,0.0,0.0,0.0,1.0,1.0,1.0,1.0,1.0,0.0,0.0,0.0,0.0,0.0,0.0,0.0,1.0,1.0,0.0,0.0,0.0,0.0,1.0,0.0,0.0,0.0,0.0,0.0,0.0,0.0,0.0,1.0,1.0,1.0,1.0,1.0,1.0,1.0,1.0,1.0,1.0,1.0,0.0,0.0,0.0,0.0,0.0,0.0,0.0,0.0,0.0,0.0,0.0,0.0,0.0,0.0,0.0,0.0,1.0,0.0,0.0,0.0,0.0,1.0,1.0,0.0,0.0,0.0,0.0,0.0,0.0,0.0,0.0,0.0,1.0,1.0,1.0,1.0,1.0,1.0,1.0,1.0,1.0,1.0,1.0,1.0,1.0,1.0,1.0,1.0,1.0,0.0,0.0,0.0,0.0,0.0,0.0,0.0,0.0,0.0,0.0,0.0,0.0,0.0,0.0,0.0,0.0,0.0,0.0,0.0,0.0,0.0,0.0,0.0,0.0,1.0,1.0,0.0,2.0,0.0,2.0,0.0,0.0,0.0,0.0,0.0,1.0,0.0,561.0,0.0,0.0,0.0,0.0,0.0,0.0,0.0,0.0,0.0,0.0,0.0,561.0,0.0,0.0,0.0,0.0,0.0,0.0,0.0,0.0,0.0,0.0,0.0,0.0,0.0,0.0,-5.0,117605.5,0.0,0.0,0.0,0.0,0.0,0.0,100.0,0.7253474221334146,0.7640041318115623,0.8326446980729502,0.7313108905973065,0.7504402750025401,0.7338565832401982,0.733918673304659,0.7339327846829455,0.7313108905973065,0.7313108905973065,0.8373042751831656,0.7320841941274088,0.8372478296700195,0.8488360935189262,0.8371095381628114,0.7313108905973065,0.7313108905973065,0.7313108905973065,0.7313108905973065,0.7317172982919588,0.7688697350447613,0,3.7123518102990785,3,4
0.7115944728553527,0.0016397421568959483,0.0024723134758018084,0.8830928754473307,0.6530604757227848,0.5046285320779851,0.2703796525214211,0.0027178514579876047,0.8813487090911144,4.0,0.38170431582393516,0.7444683397116764,1.0,0.0,1.0,1.0,1.0,0.0,98.0,8.0,0.0,9.0,0.0,43.125,0.6666659712791443,0.0,0.0,0.0,0.0,0.0,0.0,0.4229518745554916,0.3777305516984455,0.3310360009482846,0.49442318330115936,0.60925311297005,0.3209435431977512,0.7118428331131958,0.7118371885618812,0.7118371885618812,1.0,1.0,1.0,1.0,1.0,1.0,1.0,1.0,1.0,1.0,1.0,1.0,1.0,0.0,0.0,1.0,1.0,1.0,1.0,1.0,1.0,0.0,1.0,0.0,1.0,1.0,1.0,1.0,0.0,1.0,0.0,1.0,1.0,1.0,1.0,1.0,0.0,0.0,1.0,1.0,1.0,1.0,0.0,0.0,1.0,1.0,0.0,1.0,1.0,1.0,0.0,1.0,0.0,1.0,1.0,1.0,1.0,0.0,0.0,1.0,1.0,0.0,1.0,1.0,1.0,0.0,1.0,0.0,0.0,0.0,0.0,0.0,0.0,0.0,0.0,0.0,0.0,0.0,0.0,0.0,1.0,1.0,1.0,1.0,1.0,1.0,1.0,1.0,1.0,1.0,1.0,1.0,1.0,1.0,1.0,1.0,1.0,1.0,1.0,0.0,0.0,0.0,0.0,0.0,0.0,0.0,0.0,0.0,0.0,0.0,0.0,1.0,1.0,0.0,0.0,0.0,0.0,0.0,0.0,1.0,1.0,1.0,1.0,1.0,0.0,0.0,0.0,0.0,0.0,0.0,0.0,1.0,1.0,0.0,0.0,0.0,0.0,1.0,0.0,0.0,0.0,0.0,0.0,0.0,0.0,0.0,1.0,1.0,1.0,1.0,1.0,1.0,1.0,1.0,1.0,1.0,1.0,0.0,0.0,0.0,0.0,0.0,0.0,0.0,0.0,0.0,0.0,0.0,0.0,0.0,0.0,0.0,0.0,1.0,0.0,0.0,0.0,0.0,1.0,1.0,0.0,0.0,0.0,0.0,0.0,0.0,0.0,0.0,0.0,1.0,1.0,1.0,1.0,1.0,1.0,1.0,1.0,1.0,1.0,1.0,1.0,1.0,1.0,1.0,1.0,1.0,0.0,0.0,0.0,0.0,0.0,0.0,0.0,0.0,0.0,0.0,0.0,0.0,0.0,0.0,0.0,0.0,1.0,1.0,0.0,0.0,0.0,0.0,0.0,0.0,1.0,1.0,0.0,0.0,0.0,0.0,0.0,0.0,0.0,0.0,0.0,1.0,0.0,0.0,0.0,0.0,0.0,0.0,0.0,0.0,0.0,0.0,0.0,0.0,0.0,0.0,0.0,0.0,0.0,0.0,0.0,0.0,0.0,0.0,0.0,0.0,0.0,0.0,0.0,0.0,-5.0,117605.5,0.0,0.0,0.0,0.0,0.0,0.0,100.0,0.7253474221334146,0.7640041318115623,0.8326446980729502,0.7313108905973065,0.7504402750025401,0.7338565832401982,0.733918673304659,0.7339327846829455,0.7313108905973065,0.7313108905973065,0.8373042751831656,0.7320841941274088,0.8372478296700195,0.8488360935189262,0.8371095381628114,0.7313108905973065,0.7313108905973065,0.7313108905973065,0.7313108905973065,0.7317172982919588,0.7688697350447613,0,5.983659164208323,17,1
0.7115944728553527,5.3623237488852014e-05,0.08156376649620121,0.8830928754473307,0.6530604757227848,0.5046285320779851,0.7271960126889514,0.026128628035357468,0.8813487090911144,1.0,0.38170431582393516,0.7444683397116764,1.0,0.0,0.0,2.0,6.0,545.0,545.0,90.0,392.0,90.0,0.0,43.125,0.6666659712791443,545.0,90.0,0.0,0.0,0.0,545.0,0.4229518745554916,0.04524107878664725,0.09193562953680812,0.32066978245899236,0.21565572752621895,0.31168365676612364,0.24924927467515606,0.1825927682008557,0.2421710073266276,1.0,1.0,1.0,1.0,1.0,1.0,1.0,1.0,1.0,0.0,0.0,0.0,1.0,0.0,0.0,0.0,0.0,1.0,1.0,1.0,1.0,0.0,0.0,0.0,0.0,0.0,1.0,1.0,0.0,1.0,0.0,1.0,1.0,1.0,1.0,0.0,0.0,0.0,0.0,0.0,1.0,1.0,0.0,0.0,0.0,0.0,0.0,1.0,1.0,1.0,0.0,0.0,0.0,0.0,0.0,1.0,1.0,0.0,0.0,0.0,0.0,0.0,1.0,1.0,1.0,0.0,0.0,0.0,0.0,0.0,0.0,0.0,0.0,0.0,0.0,0.0,0.0,0.0,0.0,0.0,1.0,1.0,1.0,1.0,1.0,1.0,1.0,1.0,1.0,1.0,1.0,1.0,1.0,1.0,1.0,1.0,1.0,1.0,1.0,0.0,0.0,0.0,0.0,0.0,0.0,0.0,0.0,0.0,0.0,0.0,0.0,1.0,1.0,0.0,0.0,0.0,0.0,0.0,0.0,1.0,1.0,1.0,1.0,1.0,0.0,0.0,0.0,0.0,0.0,0.0,0.0,1.0,1.0,0.0,0.0,0.0,0.0,1.0,0.0,0.0,0.0,0.0,0.0,0.0,0.0,0.0,1.0,1.0,1.0,1.0,1.0,1.0,1.0,1.0,1.0,1.0,1.0,0.0,0.0,0.0,0.0,0.0,0.0,0.0,0.0,0.0,0.0,0.0,0.0,0.0,0.0,0.0,0.0,1.0,0.0,0.0,0.0,0.0,1.0,1.0,0.0,0.0,0.0,0.0,0.0,0.0,0.0,0.0,0.0,1.0,1.0,1.0,1.0,1.0,1.0,1.0,1.0,1.0,1.0,1.0,1.0,1.0,1.0,1.0,1.0,1.0,0.0,0.0,0.0,0.0,0.0,0.0,0.0,0.0,0.0,0.0,0.0,0.0,0.0,0.0,0.0,0.0,0.0,0.0,0.0,0.0,0.0,0.0,0.0,0.0,1.0,1.0,0.0,0.0,0.0,0.0,0.0,0.0,0.0,0.0,0.0,1.0,0.0,0.0,0.0,0.0,0.0,0.0,0.0,0.0,0.0,0.0,0.0,0.0,0.0,0.0,0.0,0.0,0.0,0.0,0.0,0.0,0.0,0.0,0.0,0.0,0.0,0.0,0.0,0.0,-5.0,117605.5,0.0,0.0,0.0,0.0,0.0,0.0,100.0,0.7253474221334146,0.7640041318115623,0.8326446980729502,0.7313108905973065,0.7504402750025401,0.7338565832401982,0.733918673304659,0.7339327846829455,0.7313108905973065,0.7313108905973065,0.8373042751831656,0.7320841941274088,0.8372478296700195,0.8488360935189262,0.8371095381628114,0.7313108905973065,0.7313108905973065,0.7313108905973065,0.7313108905973065,0.7317172982919588,0.7688697350447613,0,5.389071729816501,23,2
0.7115944728553527,2.2578205258464003e-05,0.07187207188900555,0.8830928754473307,0.6530604757227848,0.5046285320779851,0.7271960126889514,0.08114606969891963,0.8813487090911144,0.0,0.38170431582393516,0.7444683397116764,119.0,0.0,106.0,81.0,425.0,483.0,483.0,14.0,484.0,76.0,0.0,43.125,0.6666659712791443,43.0,484.0,0.0,0.0,0.0,492.0,0.4229518745554916,0.3777305516984455,0.3310360009482846,0.49442318330115936,0.60925311297005,0.31168365676612364,0.7118428331131958,0.7118371885618812,0.7118371885618812,1.0,1.0,1.0,1.0,1.0,1.0,1.0,1.0,1.0,1.0,1.0,1.0,1.0,0.0,0.0,1.0,1.0,1.0,1.0,1.0,1.0,0.0,1.0,0.0,1.0,1.0,1.0,1.0,0.0,1.0,0.0,1.0,1.0,1.0,1.0,1.0,0.0,0.0,1.0,1.0,1.0,1.0,0.0,0.0,1.0,1.0,0.0,1.0,1.0,1.0,0.0,1.0,0.0,0.0,0.0,1.0,1.0,0.0,0.0,0.0,0.0,0.0,1.0,1.0,1.0,0.0,1.0,0.0,0.0,2.0,0.0,0.0,2.0,0.0,0.0,0.0,0.0,0.0,0.0,0.0,1.0,1.0,1.0,1.0,1.0,1.0,1.0,1.0,1.0,1.0,1.0,1.0,1.0,1.0,1.0,1.0,1.0,1.0,1.0,0.0,217.8999938964844,0.0,0.0,217.8999938964844,0.0,0.0,0.0,0.0,0.0,0.0,0.0,1.0,1.0,0.0,0.0,0.0,0.0,0.0,0.0,1.0,1.0,1.0,1.0,1.0,0.0,0.0,0.0,0.0,0.0,0.0,0.0,1.0,1.0,0.0,0.0,0.0,0.0,1.0,0.0,0.0,0.0,0.0,0.0,0.0,0.0,0.0,1.0,1.0,1.0,1.0,1.0,1.0,1.0,1.0,1.0,1.0,1.0,0.0,0.0,0.0,0.0,0.0,0.0,0.0,0.0,0.0,0.0,0.0,0.0,0.0,0.0,0.0,0.0,1.0,0.0,0.0,0.0,0.0,1.0,1.0,0.0,0.0,0.0,0.0,0.0,0.0,0.0,0.0,0.0,1.0,1.0,1.0,1.0,1.0,1.0,1.0,1.0,1.0,1.0,1.0,1.0,1.0,1.0,1.0,1.0,1.0,0.0,0.0,0.0,0.0,0.0,0.0,0.0,0.0,0.0,0.0,0.0,0.0,0.0,0.0,0.0,0.0,0.0,0.0,0.0,2.0,0.0,0.0,0.0,0.0,1.0,1.0,0.0,0.0,0.0,0.0,0.0,0.0,0.0,0.0,0.0,1.0,0.0,217.8999938964844,0.0,0.0,217.8999938964844,0.0,0.0,0.0,0.0,0.0,0.0,0.0,0.0,0.0,0.0,0.0,0.0,0.0,0.0,0.0,0.0,0.0,0.0,0.0,0.0,0.0,0.0,0.0,-5.0,117605.5,0.0,0.0,0.0,0.0,0.0,0.0,100.0,0.7253474221334146,0.7640041318115623,0.8326446980729502,0.7313108905973065,0.7504402750025401,0.7338565832401982,0.733918673304659,0.7339327846829455,0.7313108905973065,0.7313108905973065,0.8373042751831656,0.7320841941274088,0.8372478296700195,0.8488360935189262,0.8371095381628114,0.7313108905973065,0.7313108905973065,0.7313108905973065,0.7313108905973065,0.7317172982919588,0.7688697350447613,0,4.70002571700077,16,0
0.7115944728553527,0.0013405809372213002,0.0017695668371321164,0.8830928754473307,0.6530604757227848,0.09485104029080728,0.7271960126889514,0.06695566769397501,0.8813487090911144,9.0,0.38170431582393516,0.7444683397116764,1.0,0.0,0.0,0.0,1.0,0.0,98.0,8.0,0.0,9.0,0.0,43.125,0.6666659712791443,0.0,26.0,0.0,0.0,0.0,0.0,0.5770283695149072,0.5770283695149072,0.5770283695149072,0.32066978245899236,0.17509115950373105,0.3673728000361251,0.7118428331131958,0.7118371885618812,0.7118371885618812,1.0,1.0,1.0,1.0,1.0,1.0,1.0,1.0,1.0,0.0,0.0,0.0,1.0,0.0,0.0,1.0,1.0,1.0,1.0,1.0,1.0,0.0,0.0,0.0,0.0,0.0,1.0,1.0,0.0,1.0,0.0,1.0,1.0,1.0,1.0,0.0,0.0,0.0,0.0,0.0,1.0,1.0,0.0,0.0,1.0,1.0,0.0,1.0,1.0,1.0,0.0,0.0,0.0,0.0,0.0,1.0,1.0,0.0,0.0,1.0,1.0,0.0,1.0,1.0,1.0,0.0,0.0,0.0,0.0,0.0,0.0,0.0,0.0,0.0,0.0,0.0,0.0,0.0,0.0,0.0,1.0,1.0,1.0,1.0,1.0,1.0,1.0,1.0,1.0,1.0,1.0,1.0,1.0,1.0,1.0,1.0,1.0,1.0,1.0,0.0,0.0,0.0,0.0,0.0,0.0,0.0,0.0,0.0,0.0,0.0,0.0,1.0,1.0,0.0,0.0,0.0,0.0,0.0,0.0,1.0,1.0,1.0,1.0,1.0,0.0,0.0,0.0,0.0,0.0,0.0,0.0,1.0,1.0,0.0,0.0,0.0,0.0,1.0,0.0,0.0,0.0,0.0,0.0,0.0,0.0,0.0,1.0,1.0,1.0,1.0,1.0,1.0,1.0,1.0,1.0,1.0,1.0,0.0,0.0,0.0,0.0,0.0,0.0,0.0,0.0,0.0,0.0,0.0,0.0,0.0,0.0,0.0,0.0,1.0,0.0,0.0,0.0,0.0,1.0,1.0,0.0,0.0,0.0,0.0,0.0,0.0,0.0,0.0,0.0,1.0,1.0,1.0,1.0,1.0,1.0,1.0,1.0,1.0,1.0,1.0,1.0,1.0,1.0,1.0,1.0,1.0,0.0,0.0,0.0,0.0,0.0,0.0,0.0,0.0,0.0,0.0,0.0,0.0,0.0,0.0,0.0,0.0,1.0,1.0,0.0,0.0,0.0,0.0,0.0,0.0,1.0,1.0,0.0,0.0,0.0,0.0,0.0,0.0,0.0,0.0,0.0,1.0,0.0,0.0,0.0,0.0,0.0,0.0,0.0,0.0,0.0,0.0,0.0,0.0,0.0,0.0,0.0,0.0,0.0,0.0,0.0,0.0,0.0,0.0,0.0,0.0,0.0,0.0,0.0,0.0,-5.0,117605.5,0.0,0.0,0.0,0.0,0.0,0.0,100.0,0.7253474221334146,0.7640041318115623,0.8326446980729502,0.7313108905973065,0.7504402750025401,0.7338565832401982,0.733918673304659,0.7339327846829455,0.7313108905973065,0.7313108905973065,0.8373042751831656,0.7320841941274088,0.8372478296700195,0.8488360935189262,0.8371095381628114,0.7313108905973065,0.7313108905973065,0.7313108905973065,0.7313108905973065,0.7317172982919588,0.7688697350447613,0,4.0943445622221,23,4
0.7115944728553527,0.006245696029622605,0.06278434427247379,0.8830928754473307,0.6530604757227848,0.5046285320779851,0.7271960126889514,0.07061615922150348,0.8813487090911144,9.0,0.38170431582393516,0.7444683397116764,2.0,0.0,3.0,1.0,4.0,0.0,98.0,8.0,0.0,9.0,0.0,43.125,0.6666659712791443,71.0,26.0,0.0,0.0,0.0,40.0,0.5770283695149072,0.5770283695149072,0.5770283695149072,0.49442318330115936,0.60925311297005,0.3673728000361251,0.7118428331131958,0.7118371885618812,0.7118371885618812,1.0,1.0,1.0,1.0,1.0,1.0,1.0,1.0,1.0,0.0,1.0,1.0,1.0,0.0,0.0,1.0,1.0,1.0,1.0,1.0,1.0,0.0,1.0,0.0,0.0,0.0,1.0,1.0,0.0,1.0,0.0,1.0,1.0,1.0,1.0,1.0,0.0,0.0,0.0,0.0,1.0,1.0,0.0,0.0,1.0,1.0,0.0,1.0,1.0,1.0,0.0,1.0,0.0,0.0,0.0,1.0,1.0,0.0,0.0,2.0,2.0,0.0,1.0,1.0,1.0,0.0,1.0,0.0,0.0,0.0,0.0,0.0,0.0,0.0,0.0,0.0,0.0,0.0,0.0,0.0,1.0,1.0,1.0,1.0,1.0,1.0,1.0,1.0,1.0,1.0,1.0,1.0,1.0,1.0,1.0,1.0,1.0,1.0,1.0,0.0,0.0,0.0,0.0,0.0,0.0,0.0,0.0,0.0,0.0,0.0,0.0,1.0,1.0,0.0,0.0,0.0,0.0,0.0,0.0,1.0,1.0,1.0,1.0,1.0,0.0,0.0,0.0,0.0,0.0,0.0,0.0,1.0,1.0,0.0,0.0,0.0,0.0,1.0,0.0,0.0,0.0,0.0,0.0,0.0,0.0,0.0,1.0,1.0,1.0,1.0,1.0,1.0,1.0,1.0,1.0,1.0,1.0,0.0,0.0,0.0,0.0,0.0,0.0,0.0,0.0,0.0,0.0,0.0,0.0,0.0,0.0,0.0,0.0,1.0,0.0,0.0,0.0,0.0,1.0,1.0,0.0,0.0,0.0,0.0,0.0,0.0,0.0,0.0,0.0,1.0,1.0,1.0,1.0,1.0,1.0,1.0,1.0,1.0,1.0,1.0,1.0,1.0,1.0,1.0,1.0,1.0,0.0,0.0,0.0,0.0,0.0,0.0,0.0,0.0,0.0,0.0,0.0,0.0,0.0,0.0,0.0,0.0,1.0,1.0,0.0,0.0,0.0,0.0,0.0,0.0,1.0,1.0,0.0,0.0,0.0,0.0,0.0,0.0,0.0,0.0,0.0,1.0,0.0,0.0,0.0,0.0,0.0,0.0,0.0,0.0,0.0,0.0,0.0,0.0,0.0,0.0,0.0,0.0,0.0,0.0,0.0,0.0,0.0,0.0,0.0,0.0,0.0,0.0,0.0,0.0,-5.0,117605.5,0.0,0.0,0.0,0.0,0.0,0.0,100.0,0.7253474221334146,0.7640041318115623,0.8326446980729502,0.7313108905973065,0.7504402750025401,0.7338565832401982,0.733918673304659,0.7339327846829455,0.7313108905973065,0.7313108905973065,0.8373042751831656,0.7320841941274088,0.8372478296700195,0.8488360935189262,0.8371095381628114,0.7313108905973065,0.7313108905973065,0.7313108905973065,0.7313108905973065,0.7317172982919588,0.7688697350447613,0,3.9308447596687337,22,4
0.07510639979228051,0.013225183730145291,0.03215983111502466,0.8830928754473307,0.31506192072792133,0.04845282848466376,0.2703796525214211,0.035495760941962724,0.8813487090911144,9.0,0.38170431582393516,0.10529628249850419,1.0,0.0,0.0,0.0,1.0,0.0,98.0,8.0,19.0,9.0,0.0,105.70833587646484,0.7083330154418945,10.0,26.0,0.0,0.0,0.0,42.0,0.5770283695149072,0.5770283695149072,0.5770283695149072,0.49442318330115936,0.60925311297005,0.3209435431977512,0.7118428331131958,0.7118371885618812,0.7118371885618812,1.0,1.0,1.0,1.0,1.0,1.0,1.0,1.0,1.0,0.0,1.0,1.0,1.0,0.0,0.0,1.0,1.0,1.0,1.0,1.0,1.0,0.0,0.0,0.0,0.0,1.0,1.0,1.0,0.0,1.0,0.0,1.0,1.0,1.0,1.0,0.0,0.0,0.0,1.0,1.0,1.0,1.0,0.0,0.0,1.0,1.0,0.0,1.0,1.0,1.0,0.0,0.0,0.0,0.0,1.0,1.0,1.0,0.0,0.0,1.0,1.0,0.0,1.0,1.0,1.0,0.0,0.0,0.0,0.0,0.0,0.0,0.0,0.0,0.0,0.0,0.0,0.0,0.0,0.0,0.0,1.0,1.0,1.0,1.0,1.0,1.0,1.0,1.0,1.0,1.0,1.0,1.0,1.0,1.0,1.0,1.0,1.0,1.0,1.0,0.0,0.0,0.0,0.0,0.0,0.0,0.0,0.0,0.0,0.0,0.0,0.0,1.0,1.0,0.0,0.0,0.0,0.0,0.0,0.0,1.0,1.0,1.0,1.0,1.0,0.0,0.0,0.0,0.0,0.0,0.0,0.0,1.0,1.0,0.0,0.0,0.0,0.0,1.0,0.0,0.0,0.0,0.0,0.0,0.0,0.0,0.0,1.0,1.0,1.0,1.0,1.0,1.0,1.0,1.0,1.0,1.0,1.0,0.0,0.0,0.0,0.0,0.0,0.0,0.0,0.0,0.0,0.0,0.0,0.0,0.0,0.0,0.0,0.0,1.0,0.0,0.0,0.0,0.0,1.0,1.0,0.0,0.0,0.0,0.0,0.0,0.0,0.0,0.0,0.0,1.0,1.0,1.0,1.0,1.0,1.0,1.0,1.0,1.0,1.0,1.0,1.0,1.0,1.0,1.0,1.0,1.0,0.0,0.0,0.0,0.0,0.0,0.0,0.0,0.0,0.0,0.0,0.0,0.0,0.0,0.0,0.0,0.0,1.0,1.0,0.0,0.0,0.0,0.0,0.0,0.0,1.0,1.0,0.0,0.0,0.0,0.0,0.0,0.0,0.0,1.0,1.0,1.0,0.0,0.0,0.0,0.0,0.0,0.0,0.0,0.0,0.0,0.0,0.0,0.0,0.0,0.0,0.0,0.0,0.0,0.0,0.0,0.0,0.0,0.0,0.0,0.0,0.0,0.0,0.0,0.0,-40.0,85605.0,0.0,0.0,13.0,-16.0,0.0,0.0,100.0,0.23774003454465403,0.0016115194003228682,0.09010397263521523,0.126260146080988,0.12278592474684187,0.16532326345378806,0.0035334891229496165,0.01206805071064901,0.143569162687258,0.1403291902326684,0.006700082410449193,0.015638229417143632,0.05448685383998826,0.003835472618281573,0.12278874702249919,0.16282554949707048,0.25404432101692237,0.20965556947878214,0.1548639098678046,0.10283525812533162,3.951185920231201e-05,1,3.258096538021482,17,3
0.11594190627786997,0.0021590408778406206,0.0059916912204648854,0.09515866833745386,0.6530604757227848,0.03314480531942516,0.7271960126889514,0.00018344791772502005,0.0061469163816168255,9.0,0.38170431582393516,0.10529628249850419,1.0,0.0,0.0,0.0,1.0,0.0,98.0,8.0,0.0,9.0,0.0,43.125,0.6666659712791443,0.0,26.0,0.0,0.0,0.0,0.0,0.5770283695149072,0.5770283695149072,0.5770283695149072,0.09955577381153972,0.60925311297005,0.3209435431977512,0.7118428331131958,0.7118371885618812,0.7118371885618812,1.0,1.0,1.0,1.0,1.0,1.0,1.0,1.0,1.0,0.0,0.0,0.0,1.0,1.0,0.0,1.0,1.0,1.0,1.0,1.0,1.0,0.0,0.0,1.0,0.0,0.0,1.0,1.0,0.0,1.0,0.0,1.0,1.0,1.0,1.0,0.0,1.0,1.0,0.0,0.0,1.0,1.0,1.0,0.0,1.0,1.0,0.0,1.0,1.0,1.0,0.0,0.0,1.0,0.0,0.0,1.0,1.0,1.0,0.0,1.0,1.0,0.0,1.0,1.0,1.0,0.0,0.0,1.0,0.0,0.0,0.0,0.0,0.0,0.0,0.0,0.0,0.0,0.0,0.0,0.0,1.0,1.0,1.0,1.0,1.0,1.0,1.0,1.0,1.0,1.0,1.0,1.0,1.0,1.0,1.0,1.0,1.0,1.0,1.0,0.0,0.0,0.0,0.0,0.0,0.0,0.0,0.0,0.0,0.0,0.0,0.0,1.0,1.0,0.0,0.0,0.0,0.0,0.0,0.0,1.0,1.0,1.0,1.0,1.0,0.0,0.0,0.0,0.0,0.0,0.0,0.0,1.0,1.0,0.0,0.0,0.0,0.0,1.0,0.0,0.0,0.0,0.0,0.0,0.0,0.0,0.0,1.0,1.0,1.0,1.0,1.0,1.0,1.0,1.0,1.0,1.0,1.0,0.0,0.0,0.0,0.0,0.0,0.0,0.0,0.0,0.0,0.0,0.0,0.0,0.0,0.0,0.0,0.0,1.0,0.0,0.0,0.0,0.0,1.0,1.0,0.0,0.0,0.0,0.0,0.0,0.0,0.0,0.0,0.0,1.0,1.0,1.0,1.0,1.0,1.0,1.0,1.0,1.0,1.0,1.0,1.0,1.0,1.0,1.0,1.0,1.0,0.0,0.0,0.0,0.0,0.0,0.0,0.0,0.0,0.0,0.0,0.0,0.0,0.0,0.0,0.0,0.0,1.0,1.0,0.0,0.0,0.0,0.0,0.0,0.0,1.0,1.0,0.0,0.0,0.0,0.0,0.0,0.0,0.0,0.0,0.0,1.0,0.0,0.0,0.0,0.0,0.0,0.0,0.0,0.0,0.0,0.0,0.0,0.0,0.0,0.0,0.0,0.0,0.0,0.0,0.0,0.0,0.0,0.0,0.0,0.0,0.0,0.0,0.0,0.0,-5.0,117605.5,0.0,0.0,0.0,0.0,0.0,0.0,100.0,0.7253474221334146,0.7640041318115623,0.8326446980729502,0.7313108905973065,0.7504402750025401,0.7338565832401982,0.733918673304659,0.7339327846829455,0.7313108905973065,0.7313108905973065,0.8373042751831656,0.7320841941274088,0.8372478296700195,0.8488360935189262,0.8371095381628114,0.7313108905973065,0.7313108905973065,0.7313108905973065,0.7313108905973065,0.7317172982919588,0.7688697350447613,0,4.889326048663314,1,6
0.7115944728553527,0.010295661597859586,0.012917555683498718,0.8830928754473307,0.6530604757227848,0.5046285320779851,0.7271960126889514,0.025583928833497024,0.8813487090911144,9.0,0.1693958072272835,0.7444683397116764,1.0,0.0,0.0,0.0,2.0,7.0,7.0,7.0,7.0,7.0,0.0,43.125,0.6666659712791443,0.0,26.0,0.0,0.0,0.0,7.0,0.5770283695149072,0.5770283695149072,0.5770283695149072,0.08535126042830855,0.21565572752621895,0.31168365676612364,0.7118428331131958,0.7118371885618812,0.7118371885618812,1.0,1.0,1.0,1.0,1.0,1.0,1.0,1.0,1.0,0.0,0.0,0.0,1.0,0.0,0.0,1.0,1.0,1.0,1.0,1.0,1.0,0.0,0.0,0.0,0.0,0.0,1.0,1.0,0.0,1.0,0.0,1.0,1.0,1.0,1.0,0.0,0.0,0.0,0.0,0.0,1.0,1.0,0.0,0.0,1.0,1.0,0.0,1.0,1.0,1.0,0.0,0.0,0.0,0.0,0.0,1.0,1.0,0.0,0.0,1.0,1.0,0.0,1.0,1.0,1.0,0.0,0.0,0.0,0.0,0.0,0.0,0.0,0.0,0.0,0.0,0.0,0.0,0.0,0.0,0.0,1.0,1.0,1.0,1.0,1.0,1.0,1.0,1.0,1.0,1.0,1.0,1.0,1.0,1.0,1.0,1.0,1.0,1.0,1.0,0.0,0.0,0.0,0.0,0.0,0.0,0.0,0.0,0.0,0.0,0.0,0.0,1.0,1.0,0.0,0.0,0.0,0.0,0.0,0.0,1.0,1.0,1.0,1.0,1.0,0.0,0.0,0.0,0.0,0.0,0.0,0.0,1.0,1.0,0.0,0.0,0.0,0.0,1.0,0.0,0.0,0.0,0.0,0.0,0.0,0.0,0.0,1.0,1.0,1.0,1.0,1.0,1.0,1.0,1.0,1.0,1.0,1.0,0.0,0.0,0.0,0.0,0.0,0.0,0.0,0.0,0.0,0.0,0.0,0.0,0.0,0.0,0.0,0.0,1.0,0.0,0.0,0.0,0.0,1.0,1.0,0.0,0.0,0.0,0.0,0.0,0.0,0.0,0.0,0.0,1.0,1.0,1.0,1.0,1.0,1.0,1.0,1.0,1.0,1.0,1.0,1.0,1.0,1.0,1.0,1.0,1.0,0.0,0.0,0.0,0.0,0.0,0.0,0.0,0.0,0.0,0.0,0.0,0.0,0.0,0.0,0.0,0.0,1.0,1.0,0.0,1.0,0.0,0.0,1.0,1.0,1.0,2.0,0.0,0.0,0.0,0.0,0.0,0.0,0.0,0.0,0.0,1.0,0.0,68.5,0.0,0.0,68.5,0.0,0.0,68.5,68.5,68.5,0.0,0.0,0.0,0.0,0.0,0.0,0.0,0.0,0.0,0.0,0.0,0.0,0.0,0.0,0.0,0.0,0.0,0.0,-5.0,117605.5,0.0,0.0,0.0,0.0,0.0,0.0,100.0,0.7253474221334146,0.7640041318115623,0.8326446980729502,0.7313108905973065,0.7504402750025401,0.7338565832401982,0.733918673304659,0.7339327846829455,0.7313108905973065,0.7313108905973065,0.8373042751831656,0.7320841941274088,0.8372478296700195,0.8488360935189262,0.8371095381628114,0.7313108905973065,0.7313108905973065,0.7313108905973065,0.7313108905973065,0.7317172982919588,0.7688697350447613,0,4.356708826689592,17,0
0.7115944728553527,0.0004318081755681241,0.0005390546505458281,0.8830928754473307,0.6530604757227848,0.5046285320779851,0.7271960126889514,0.07170273534956706,0.8813487090911144,0.0,0.15974080220363282,0.7444683397116764,2.0,0.0,2.0,4.0,23.0,100.0,100.0,0.0,19.0,9.0,0.0,43.125,0.6666659712791443,11.0,100.0,0.0,0.0,0.0,100.0,0.4229518745554916,0.3777305516984455,0.3310360009482846,0.49442318330115936,0.60925311297005,0.31168365676612364,0.038907892211648094,0.10557004323726307,0.2421710073266276,1.0,1.0,1.0,0.0,0.0,1.0,1.0,1.0,1.0,1.0,0.0,0.0,1.0,0.0,0.0,0.0,0.0,1.0,1.0,0.0,0.0,0.0,0.0,0.0,0.0,1.0,1.0,1.0,0.0,1.0,0.0,1.0,1.0,1.0,1.0,0.0,0.0,0.0,1.0,1.0,1.0,1.0,0.0,0.0,0.0,0.0,0.0,1.0,1.0,1.0,0.0,1.0,0.0,1.0,1.0,1.0,1.0,0.0,0.0,0.0,0.0,0.0,1.0,1.0,1.0,0.0,1.0,0.0,1.0,1.0,1.0,0.0,0.0,0.0,0.0,0.0,0.0,1.0,1.0,1.0,1.0,1.0,1.0,1.0,1.0,1.0,1.0,1.0,1.0,1.0,1.0,1.0,1.0,1.0,1.0,1.0,1.0,1.0,1.0,42.95000076293945,42.95000076293945,42.95000076293945,0.0,0.0,0.0,0.0,0.0,0.0,42.95000076293945,42.95000076293945,0.0,1.0,1.0,0.0,0.0,0.0,0.0,0.0,0.0,1.0,1.0,1.0,1.0,1.0,0.0,0.0,0.0,0.0,0.0,0.0,0.0,1.0,1.0,0.0,0.0,0.0,0.0,1.0,0.0,0.0,0.0,0.0,0.0,0.0,0.0,0.0,1.0,1.0,1.0,1.0,1.0,1.0,1.0,1.0,1.0,1.0,1.0,0.0,0.0,0.0,0.0,0.0,0.0,0.0,0.0,0.0,0.0,0.0,0.0,0.0,0.0,0.0,0.0,1.0,0.0,0.0,0.0,0.0,1.0,1.0,0.0,0.0,0.0,0.0,0.0,0.0,0.0,0.0,0.0,1.0,1.0,1.0,1.0,1.0,1.0,1.0,1.0,1.0,1.0,1.0,1.0,1.0,1.0,1.0,1.0,1.0,0.0,0.0,0.0,0.0,0.0,0.0,0.0,0.0,0.0,0.0,0.0,0.0,0.0,1.0,1.0,0.0,0.0,0.0,0.0,2.0,0.0,0.0,0.0,0.0,1.0,3.0,0.0,1.0,1.0,1.0,1.0,0.0,0.0,0.0,0.0,1.0,42.95000076293945,150.89999389648438,42.95000076293945,0.0,107.9499969482422,0.0,0.0,0.0,0.0,0.0,0.0,0.0,42.95000076293945,42.95000076293945,0.0,0.0,0.0,0.0,0.0,0.0,0.0,0.0,0.0,0.0,0.0,0.0,0.0,0.0,-5.0,117605.5,0.0,0.0,0.0,0.0,0.0,0.0,100.0,0.7253474221334146,0.7640041318115623,0.8326446980729502,0.7313108905973065,0.7504402750025401,0.7338565832401982,0.733918673304659,0.7339327846829455,0.7313108905973065,0.7313108905973065,0.8373042751831656,0.7320841941274088,0.8372478296700195,0.8488360935189262,0.8371095381628114,0.7313108905973065,0.7313108905973065,0.7313108905973065,0.7313108905973065,0.7317172982919588,0.7688697350447613,0,3.609565647394211,16,1
0.7115944728553527,6.209006446077601e-05,0.0007507253248439282,0.8830928754473307,0.6530604757227848,0.5046285320779851,0.2703796525214211,0.08114606969891963,0.8813487090911144,12.0,0.1693958072272835,0.7444683397116764,1.0,0.0,0.0,1.0,1.0,0.0,98.0,8.0,0.0,9.0,0.0,43.125,0.6666659712791443,0.0,0.0,0.0,0.0,0.0,0.0,0.4229518745554916,0.3777305516984455,0.3310360009482846,0.32066978245899236,0.17509115950373105,0.31168365676612364,0.7118428331131958,0.7118371885618812,0.7118371885618812,1.0,1.0,1.0,1.0,1.0,1.0,1.0,1.0,1.0,0.0,1.0,1.0,1.0,0.0,0.0,1.0,1.0,1.0,1.0,1.0,1.0,0.0,0.0,0.0,1.0,1.0,1.0,1.0,0.0,1.0,0.0,1.0,1.0,1.0,1.0,0.0,0.0,0.0,1.0,1.0,1.0,1.0,0.0,0.0,1.0,1.0,0.0,1.0,1.0,1.0,0.0,0.0,0.0,1.0,1.0,1.0,1.0,0.0,0.0,1.0,1.0,0.0,1.0,1.0,1.0,0.0,0.0,0.0,0.0,0.0,0.0,0.0,0.0,0.0,0.0,0.0,0.0,0.0,0.0,0.0,1.0,1.0,1.0,1.0,1.0,1.0,1.0,1.0,1.0,1.0,1.0,1.0,1.0,1.0,1.0,1.0,1.0,1.0,1.0,0.0,0.0,0.0,0.0,0.0,0.0,0.0,0.0,0.0,0.0,0.0,0.0,1.0,1.0,0.0,0.0,0.0,0.0,0.0,0.0,1.0,1.0,1.0,1.0,1.0,0.0,0.0,0.0,0.0,0.0,0.0,0.0,1.0,1.0,0.0,0.0,0.0,0.0,1.0,0.0,0.0,0.0,0.0,0.0,0.0,0.0,0.0,1.0,1.0,1.0,1.0,1.0,1.0,1.0,1.0,1.0,1.0,1.0,0.0,0.0,0.0,0.0,0.0,0.0,0.0,0.0,0.0,0.0,0.0,0.0,0.0,0.0,0.0,0.0,1.0,0.0,0.0,0.0,0.0,1.0,1.0,0.0,0.0,0.0,0.0,0.0,0.0,0.0,0.0,0.0,1.0,1.0,1.0,1.0,1.0,1.0,1.0,1.0,1.0,1.0,1.0,1.0,1.0,1.0,1.0,1.0,1.0,0.0,0.0,0.0,0.0,0.0,0.0,0.0,0.0,0.0,0.0,0.0,0.0,0.0,0.0,0.0,0.0,1.0,1.0,0.0,0.0,0.0,0.0,0.0,0.0,1.0,1.0,0.0,0.0,0.0,0.0,0.0,0.0,0.0,0.0,0.0,1.0,0.0,0.0,0.0,0.0,0.0,0.0,0.0,0.0,0.0,0.0,0.0,0.0,0.0,0.0,0.0,0.0,0.0,0.0,0.0,0.0,0.0,0.0,0.0,0.0,0.0,0.0,0.0,0.0,-5.0,117605.5,0.0,0.0,0.0,0.0,0.0,0.0,100.0,0.7253474221334146,0.7640041318115623,0.8326446980729502,0.7313108905973065,0.7504402750025401,0.7338565832401982,0.733918673304659,0.7339327846829455,0.7313108905973065,0.7313108905973065,0.8373042751831656,0.7320841941274088,0.8372478296700195,0.8488360935189262,0.8371095381628114,0.7313108905973065,0.7313108905973065,0.7313108905973065,0.7313108905973065,0.7317172982919588,0.7688697350447613,0,4.770684624465665,1,2
0.7115944728553527,0.0009849742044004922,0.0069512649439496055,0.8830928754473307,0.31506192072792133,0.010315417527460742,0.7271960126889514,0.006169494586875289,0.8813487090911144,9.0,0.38170431582393516,0.7444683397116764,1.0,0.0,0.0,2.0,50.0,335.0,335.0,2.0,19.0,9.0,0.0,43.125,0.6666659712791443,0.0,26.0,0.0,0.0,0.0,42.0,0.5770283695149072,0.5770283695149072,0.5770283695149072,0.32066978245899236,0.21565572752621895,0.3673728000361251,0.7118428331131958,0.7118371885618812,0.7118371885618812,1.0,1.0,1.0,1.0,1.0,1.0,1.0,1.0,1.0,0.0,0.0,0.0,1.0,0.0,0.0,0.0,0.0,1.0,1.0,0.0,0.0,0.0,0.0,0.0,0.0,1.0,1.0,1.0,0.0,1.0,0.0,1.0,1.0,1.0,1.0,0.0,0.0,0.0,1.0,1.0,1.0,1.0,0.0,0.0,1.0,1.0,0.0,1.0,1.0,1.0,0.0,0.0,0.0,0.0,1.0,1.0,1.0,0.0,0.0,1.0,1.0,0.0,1.0,1.0,1.0,0.0,0.0,0.0,0.0,0.0,0.0,0.0,0.0,0.0,0.0,0.0,0.0,0.0,0.0,0.0,1.0,1.0,1.0,1.0,1.0,1.0,1.0,1.0,1.0,1.0,1.0,1.0,1.0,1.0,1.0,1.0,1.0,1.0,1.0,0.0,0.0,0.0,0.0,0.0,0.0,0.0,0.0,0.0,0.0,0.0,0.0,1.0,1.0,0.0,0.0,0.0,0.0,0.0,0.0,1.0,1.0,1.0,1.0,1.0,0.0,0.0,0.0,0.0,0.0,0.0,0.0,1.0,1.0,0.0,0.0,0.0,0.0,1.0,0.0,0.0,0.0,0.0,0.0,0.0,0.0,0.0,1.0,1.0,1.0,1.0,1.0,1.0,1.0,1.0,1.0,1.0,1.0,0.0,0.0,0.0,0.0,0.0,0.0,0.0,0.0,0.0,0.0,0.0,0.0,0.0,0.0,0.0,0.0,1.0,0.0,0.0,0.0,0.0,1.0,1.0,0.0,0.0,0.0,0.0,0.0,0.0,0.0,0.0,0.0,1.0,1.0,1.0,1.0,1.0,1.0,1.0,1.0,1.0,1.0,1.0,1.0,1.0,1.0,1.0,1.0,1.0,0.0,0.0,0.0,0.0,0.0,0.0,0.0,0.0,0.0,0.0,0.0,0.0,0.0,0.0,2.0,0.0,0.0,0.0,0.0,4.0,0.0,1.0,0.0,0.0,1.0,2.0,0.0,0.0,0.0,0.0,0.0,0.0,0.0,0.0,0.0,1.0,0.0,3299.0,561.0,0.0,1395.0,0.0,335.0,0.0,0.0,0.0,0.0,226.0,0.0,0.0,0.0,0.0,0.0,0.0,0.0,0.0,0.0,0.0,0.0,0.0,0.0,0.0,0.0,0.0,-5.0,117605.5,0.0,0.0,0.0,0.0,0.0,0.0,100.0,0.7253474221334146,0.7640041318115623,0.8326446980729502,0.7313108905973065,0.7504402750025401,0.7338565832401982,0.733918673304659,0.7339327846829455,0.7313108905973065,0.7313108905973065,0.8373042751831656,0.7320841941274088,0.8372478296700195,0.8488360935189262,0.8371095381628114,0.7313108905973065,0.7313108905973065,0.7313108905973065,0.7313108905973065,0.7317172982919588,0.7688697350447613,0,5.147494476813453,12,5
0.11594190627786997,0.0020884839864079205,0.03215983111502466,0.8830928754473307,0.6530604757227848,0.5046285320779851,0.2703796525214211,0.10986272451202854,0.10986272451202854,9.0,0.38170431582393516,0.10529628249850419,1.0,0.0,0.0,0.0,1.0,0.0,98.0,8.0,0.0,9.0,0.0,43.125,0.6666659712791443,0.0,26.0,0.0,0.0,0.0,0.0,0.5770283695149072,0.5770283695149072,0.5770283695149072,0.09955577381153972,0.60925311297005,0.3209435431977512,0.7118428331131958,0.7118371885618812,0.7118371885618812,1.0,1.0,1.0,1.0,1.0,1.0,1.0,1.0,1.0,0.0,0.0,0.0,1.0,1.0,1.0,1.0,1.0,1.0,1.0,1.0,1.0,0.0,0.0,1.0,0.0,0.0,1.0,1.0,1.0,1.0,1.0,1.0,1.0,1.0,1.0,0.0,1.0,1.0,0.0,0.0,1.0,1.0,1.0,1.0,1.0,1.0,1.0,1.0,1.0,1.0,0.0,0.0,1.0,0.0,0.0,1.0,1.0,1.0,1.0,1.0,1.0,1.0,1.0,1.0,1.0,0.0,0.0,1.0,0.0,0.0,0.0,0.0,0.0,0.0,0.0,0.0,0.0,0.0,0.0,0.0,1.0,1.0,1.0,1.0,1.0,1.0,1.0,1.0,1.0,1.0,1.0,1.0,1.0,1.0,1.0,1.0,1.0,1.0,1.0,0.0,0.0,0.0,0.0,0.0,0.0,0.0,0.0,0.0,0.0,0.0,0.0,1.0,1.0,0.0,0.0,0.0,0.0,0.0,0.0,1.0,1.0,1.0,1.0,1.0,0.0,0.0,0.0,0.0,0.0,0.0,0.0,1.0,1.0,0.0,0.0,0.0,0.0,1.0,0.0,0.0,0.0,0.0,0.0,0.0,0.0,0.0,1.0,1.0,1.0,1.0,1.0,1.0,1.0,1.0,1.0,1.0,1.0,0.0,0.0,0.0,0.0,0.0,0.0,0.0,0.0,0.0,0.0,0.0,0.0,0.0,0.0,0.0,0.0,1.0,0.0,0.0,0.0,0.0,1.0,1.0,0.0,0.0,0.0,0.0,0.0,0.0,0.0,0.0,0.0,1.0,1.0,1.0,1.0,1.0,1.0,1.0,1.0,1.0,1.0,1.0,1.0,1.0,1.0,1.0,1.0,1.0,0.0,0.0,0.0,0.0,0.0,0.0,0.0,0.0,0.0,0.0,0.0,0.0,0.0,0.0,0.0,0.0,1.0,1.0,0.0,0.0,0.0,0.0,0.0,0.0,1.0,1.0,0.0,0.0,0.0,0.0,0.0,0.0,0.0,1.0,1.0,1.0,0.0,0.0,0.0,0.0,0.0,0.0,0.0,0.0,0.0,0.0,0.0,0.0,0.0,0.0,0.0,0.0,0.0,0.0,0.0,0.0,0.0,0.0,0.0,0.0,0.0,0.0,0.0,0.0,-20.0,212419.0,0.0,0.0,1.0,0.0,0.0,0.0,100.0,0.23774003454465403,0.01946241293279597,0.8326446980729502,0.12329957891647193,0.12677380025061807,0.16532326345378806,0.01709452365631456,0.011754778112687823,0.12511994671543558,0.12835991917002518,0.8373042751831656,0.012482925232273286,0.8372478296700195,0.8488360935189262,0.8371095381628114,0.1058635599056231,0.25404432101692237,0.20965556947878214,0.11382519953488897,0.1654474435827096,0.7688697350447613,1,3.4092647527399143,4,1
0.7115944728553527,0.0014450051365416962,0.003908851785371581,0.8830928754473307,0.31506192072792133,0.020046623993858727,0.7271960126889514,0.07170273534956706,0.8813487090911144,3.0,0.38170431582393516,0.7444683397116764,5.0,0.0,0.0,1.0,6.0,7.0,7.0,7.0,268.0,162.0,0.0,43.125,0.6666659712791443,268.0,265.0,0.0,0.0,0.0,268.0,0.4229518745554916,0.3777305516984455,0.3310360009482846,0.32066978245899236,0.21565572752621895,0.31168365676612364,0.24924927467515606,0.10557004323726307,0.2421710073266276,1.0,1.0,1.0,1.0,1.0,1.0,1.0,1.0,1.0,0.0,0.0,1.0,1.0,0.0,0.0,1.0,1.0,1.0,1.0,1.0,1.0,0.0,0.0,0.0,0.0,1.0,1.0,1.0,0.0,1.0,0.0,1.0,1.0,1.0,1.0,0.0,0.0,0.0,1.0,1.0,1.0,1.0,0.0,0.0,1.0,1.0,0.0,1.0,1.0,1.0,0.0,0.0,0.0,0.0,1.0,1.0,1.0,0.0,0.0,1.0,1.0,0.0,1.0,1.0,1.0,0.0,0.0,0.0,0.0,0.0,0.0,0.0,0.0,0.0,0.0,0.0,0.0,0.0,0.0,0.0,1.0,1.0,1.0,1.0,1.0,1.0,1.0,1.0,1.0,1.0,1.0,1.0,1.0,1.0,1.0,1.0,1.0,1.0,1.0,0.0,0.0,0.0,0.0,0.0,0.0,0.0,0.0,0.0,0.0,0.0,0.0,1.0,1.0,0.0,0.0,0.0,0.0,0.0,0.0,1.0,1.0,1.0,1.0,1.0,0.0,0.0,0.0,0.0,0.0,0.0,0.0,1.0,1.0,0.0,0.0,0.0,0.0,1.0,0.0,0.0,0.0,0.0,0.0,0.0,0.0,0.0,1.0,1.0,1.0,1.0,1.0,1.0,1.0,1.0,1.0,1.0,1.0,0.0,0.0,0.0,0.0,0.0,0.0,0.0,0.0,0.0,0.0,0.0,0.0,0.0,0.0,0.0,0.0,1.0,0.0,0.0,0.0,0.0,1.0,1.0,0.0,0.0,0.0,0.0,0.0,0.0,0.0,0.0,0.0,1.0,1.0,1.0,1.0,1.0,1.0,1.0,1.0,1.0,1.0,1.0,1.0,1.0,1.0,1.0,1.0,1.0,0.0,0.0,0.0,0.0,0.0,0.0,0.0,0.0,0.0,0.0,0.0,0.0,0.0,0.0,0.0,0.0,1.0,1.0,0.0,1.0,0.0,0.0,1.0,1.0,1.0,2.0,0.0,0.0,0.0,0.0,0.0,0.0,0.0,0.0,0.0,1.0,0.0,46.5,0.0,0.0,46.5,0.0,0.0,46.5,46.5,46.5,0.0,0.0,0.0,0.0,0.0,0.0,0.0,0.0,0.0,0.0,0.0,0.0,0.0,0.0,0.0,0.0,0.0,0.0,-5.0,117605.5,0.0,0.0,0.0,0.0,0.0,0.0,100.0,0.7253474221334146,0.7640041318115623,0.8326446980729502,0.7313108905973065,0.7504402750025401,0.7338565832401982,0.733918673304659,0.7339327846829455,0.7313108905973065,0.7313108905973065,0.8373042751831656,0.7320841941274088,0.8372478296700195,0.8488360935189262,0.8371095381628114,0.7313108905973065,0.7313108905973065,0.7313108905973065,0.7313108905973065,0.7317172982919588,0.7688697350447613,0,3.9318256327243257,22,6
0.11594190627786997,0.004662399385872817,0.009065149411273298,0.09515866833745386,0.31506192072792133,0.13522933811991286,0.7271960126889514,0.10986272451202854,0.10986272451202854,9.0,0.15974080220363282,0.7444683397116764,3.0,0.0,0.0,0.0,3.0,12.0,12.0,12.0,19.0,9.0,0.0,43.125,0.6666659712791443,0.0,26.0,0.0,0.0,0.0,42.0,0.5770283695149072,0.5770283695149072,0.5770283695149072,0.49442318330115936,0.60925311297005,0.3209435431977512,0.7118428331131958,0.7118371885618812,0.7118371885618812,1.0,1.0,1.0,1.0,1.0,1.0,1.0,1.0,1.0,0.0,0.0,0.0,1.0,0.0,1.0,0.0,0.0,1.0,1.0,0.0,0.0,0.0,0.0,0.0,0.0,1.0,1.0,1.0,0.0,1.0,0.0,1.0,1.0,1.0,1.0,0.0,0.0,0.0,0.0,0.0,1.0,1.0,1.0,1.0,1.0,1.0,1.0,1.0,1.0,1.0,0.0,0.0,1.0,0.0,1.0,1.0,1.0,0.0,0.0,1.0,1.0,0.0,1.0,1.0,1.0,0.0,0.0,0.0,0.0,0.0,0.0,0.0,0.0,0.0,0.0,0.0,0.0,0.0,0.0,0.0,1.0,1.0,1.0,1.0,1.0,1.0,1.0,1.0,1.0,1.0,1.0,1.0,1.0,1.0,1.0,1.0,1.0,1.0,1.0,0.0,0.0,0.0,0.0,0.0,0.0,0.0,0.0,0.0,0.0,0.0,0.0,1.0,1.0,0.0,0.0,0.0,0.0,0.0,0.0,1.0,1.0,1.0,1.0,1.0,0.0,0.0,0.0,0.0,0.0,0.0,0.0,1.0,1.0,0.0,0.0,0.0,0.0,1.0,0.0,0.0,0.0,0.0,0.0,0.0,0.0,0.0,1.0,1.0,1.0,1.0,1.0,1.0,1.0,1.0,1.0,1.0,1.0,0.0,0.0,0.0,0.0,0.0,0.0,0.0,0.0,0.0,0.0,0.0,0.0,0.0,0.0,0.0,0.0,1.0,0.0,0.0,0.0,0.0,1.0,1.0,0.0,0.0,0.0,0.0,0.0,0.0,0.0,0.0,0.0,1.0,1.0,1.0,1.0,1.0,1.0,1.0,1.0,1.0,1.0,1.0,1.0,1.0,1.0,1.0,1.0,1.0,0.0,0.0,0.0,0.0,0.0,0.0,0.0,0.0,0.0,0.0,0.0,0.0,0.0,0.0,0.0,0.0,1.0,1.0,0.0,1.0,0.0,0.0,1.0,1.0,1.0,2.0,0.0,0.0,0.0,0.0,0.0,0.0,0.0,1.0,2.0,1.0,0.0,15.346699714660645,0.0,0.0,15.346699714660645,0.0,0.0,15.346699714660645,15.346699714660645,15.346699714660645,0.0,0.0,0.0,0.0,0.0,0.0,0.0,0.0,0.0,0.0,0.0,0.0,0.0,0.0,0.0,0.0,0.0,0.0,-5.0,153761.0,0.0,0.0,0.0,0.0,0.0,0.0,100.0,0.23774003454465403,0.11191734119054876,0.03607150517605356,0.12329957891647193,0.12677380025061807,0.09363463948250754,0.032518260123502785,0.0037366929702757927,0.12511994671543558,0.12835991917002518,0.8373042751831656,0.01907011661643016,0.8372478296700195,0.8488360935189262,0.8371095381628114,0.1058635599056231,0.014644788385771214,0.20965556947878214,0.11382519953488897,0.1654474435827096,0.01561282893622786,1,2.7447677840373728,23,0
0.7115944728553527,0.00039229631636581206,0.010671024260281551,0.8830928754473307,0.6530604757227848,0.09485104029080728,0.7271960126889514,0.07170273534956706,0.8813487090911144,9.0,0.15974080220363282,0.7444683397116764,3.0,0.0,0.0,1.0,4.0,28.0,28.0,28.0,19.0,9.0,0.0,43.125,0.6666659712791443,125.0,26.0,0.0,0.0,0.0,42.0,0.5770283695149072,0.5770283695149072,0.5770283695149072,0.49442318330115936,0.60925311297005,0.3209435431977512,0.7118428331131958,0.7118371885618812,0.7118371885618812,1.0,1.0,1.0,1.0,1.0,1.0,1.0,1.0,1.0,0.0,1.0,1.0,1.0,0.0,0.0,1.0,1.0,1.0,1.0,1.0,1.0,0.0,0.0,0.0,0.0,1.0,1.0,1.0,0.0,1.0,0.0,1.0,1.0,1.0,1.0,0.0,0.0,0.0,1.0,1.0,1.0,1.0,0.0,0.0,1.0,1.0,0.0,1.0,1.0,1.0,0.0,0.0,0.0,0.0,1.0,1.0,1.0,0.0,0.0,1.0,1.0,0.0,1.0,1.0,1.0,0.0,0.0,0.0,0.0,0.0,0.0,0.0,0.0,0.0,0.0,0.0,0.0,0.0,0.0,0.0,1.0,1.0,1.0,1.0,1.0,1.0,1.0,1.0,1.0,1.0,1.0,1.0,1.0,1.0,1.0,1.0,1.0,1.0,1.0,0.0,0.0,0.0,0.0,0.0,0.0,0.0,0.0,0.0,0.0,0.0,0.0,1.0,1.0,0.0,0.0,0.0,0.0,0.0,0.0,1.0,1.0,1.0,1.0,1.0,0.0,0.0,0.0,0.0,0.0,0.0,0.0,1.0,1.0,0.0,0.0,0.0,0.0,1.0,0.0,0.0,0.0,0.0,0.0,0.0,0.0,0.0,1.0,1.0,1.0,1.0,1.0,1.0,1.0,1.0,1.0,1.0,1.0,0.0,0.0,0.0,0.0,0.0,0.0,0.0,0.0,0.0,0.0,0.0,0.0,0.0,0.0,0.0,0.0,1.0,0.0,0.0,0.0,0.0,1.0,1.0,0.0,0.0,0.0,0.0,0.0,0.0,0.0,0.0,0.0,1.0,1.0,1.0,1.0,1.0,1.0,1.0,1.0,1.0,1.0,1.0,1.0,1.0,1.0,1.0,1.0,1.0,0.0,0.0,0.0,0.0,0.0,0.0,0.0,0.0,0.0,0.0,0.0,0.0,0.0,0.0,0.0,0.0,1.0,1.0,0.0,1.0,0.0,0.0,1.0,1.0,1.0,2.0,0.0,0.0,0.0,0.0,0.0,0.0,0.0,0.0,0.0,1.0,0.0,59.0,0.0,0.0,59.0,0.0,0.0,59.0,59.0,59.0,0.0,0.0,0.0,0.0,0.0,0.0,0.0,0.0,0.0,0.0,0.0,0.0,0.0,0.0,0.0,0.0,0.0,0.0,-5.0,117605.5,0.0,0.0,0.0,0.0,0.0,0.0,100.0,0.7253474221334146,0.7640041318115623,0.8326446980729502,0.7313108905973065,0.7504402750025401,0.7338565832401982,0.733918673304659,0.7339327846829455,0.7313108905973065,0.7313108905973065,0.8373042751831656,0.7320841941274088,0.8372478296700195,0.8488360935189262,0.8371095381628114,0.7313108905973065,0.7313108905973065,0.7313108905973065,0.7313108905973065,0.7317172982919588,0.7688697350447613,0,4.0943445622221,14,4
0.7115944728553527,0.0065335681466680215,0.07636513473543988,0.8830928754473307,0.6530604757227848,0.5046285320779851,0.7271960126889514,0.08114606969891963,0.8813487090911144,9.0,0.008489405177182465,0.7444683397116764,1.0,0.0,0.0,0.0,1.0,0.0,98.0,8.0,0.0,9.0,0.0,43.125,0.6666659712791443,0.0,26.0,0.0,0.0,0.0,0.0,0.5770283695149072,0.5770283695149072,0.5770283695149072,0.32066978245899236,0.17509115950373105,0.3673728000361251,0.7118428331131958,0.7118371885618812,0.7118371885618812,1.0,1.0,1.0,1.0,1.0,1.0,1.0,1.0,1.0,0.0,0.0,0.0,1.0,0.0,0.0,1.0,1.0,1.0,1.0,1.0,1.0,0.0,0.0,0.0,0.0,0.0,1.0,1.0,0.0,1.0,0.0,1.0,1.0,1.0,1.0,0.0,0.0,0.0,0.0,0.0,1.0,1.0,0.0,0.0,1.0,1.0,0.0,1.0,1.0,1.0,0.0,0.0,0.0,0.0,0.0,1.0,1.0,0.0,0.0,1.0,1.0,0.0,1.0,1.0,1.0,0.0,0.0,0.0,0.0,0.0,0.0,0.0,0.0,0.0,0.0,0.0,0.0,0.0,0.0,0.0,1.0,1.0,1.0,1.0,1.0,1.0,1.0,1.0,1.0,1.0,1.0,1.0,1.0,1.0,1.0,1.0,1.0,1.0,1.0,0.0,0.0,0.0,0.0,0.0,0.0,0.0,0.0,0.0,0.0,0.0,0.0,1.0,1.0,0.0,0.0,0.0,0.0,0.0,0.0,1.0,1.0,1.0,1.0,1.0,0.0,0.0,0.0,0.0,0.0,0.0,0.0,1.0,1.0,0.0,0.0,0.0,0.0,1.0,0.0,0.0,0.0,0.0,0.0,0.0,0.0,0.0,1.0,1.0,1.0,1.0,1.0,1.0,1.0,1.0,1.0,1.0,1.0,0.0,0.0,0.0,0.0,0.0,0.0,0.0,0.0,0.0,0.0,0.0,0.0,0.0,0.0,0.0,0.0,1.0,0.0,0.0,0.0,0.0,1.0,1.0,0.0,0.0,0.0,0.0,0.0,0.0,0.0,0.0,0.0,1.0,1.0,1.0,1.0,1.0,1.0,1.0,1.0,1.0,1.0,1.0,1.0,1.0,1.0,1.0,1.0,1.0,0.0,0.0,0.0,0.0,0.0,0.0,0.0,0.0,0.0,0.0,0.0,0.0,0.0,0.0,0.0,0.0,1.0,1.0,0.0,0.0,0.0,0.0,0.0,0.0,1.0,1.0,0.0,0.0,0.0,0.0,0.0,0.0,0.0,0.0,0.0,1.0,0.0,0.0,0.0,0.0,0.0,0.0,0.0,0.0,0.0,0.0,0.0,0.0,0.0,0.0,0.0,0.0,0.0,0.0,0.0,0.0,0.0,0.0,0.0,0.0,0.0,0.0,0.0,0.0,-5.0,117605.5,0.0,0.0,0.0,0.0,0.0,0.0,100.0,0.7253474221334146,0.7640041318115623,0.8326446980729502,0.7313108905973065,0.7504402750025401,0.7338565832401982,0.733918673304659,0.7339327846829455,0.7313108905973065,0.7313108905973065,0.8373042751831656,0.7320841941274088,0.8372478296700195,0.8488360935189262,0.8371095381628114,0.7313108905973065,0.7313108905973065,0.7313108905973065,0.7313108905973065,0.7317172982919588,0.7688697350447613,0,4.0163830207523885,22,5
0.7115944728553527,0.0004346304512254321,0.01705218952145494,0.0023142660389925606,0.0023340219685937164,0.00752418690238313,0.0023255551416217924,0.07170273534956706,0.8813487090911144,9.0,0.38170431582393516,0.7444683397116764,3.0,0.0,1.0,3.0,9.0,0.0,98.0,8.0,0.0,0.0,0.0,43.125,0.6666659712791443,0.0,0.0,0.0,0.0,0.0,0.0,0.4229518745554916,0.04524107878664725,0.09193562953680812,0.49442318330115936,0.60925311297005,0.3673728000361251,0.24924927467515606,0.1825927682008557,0.2421710073266276,1.0,2.0,2.0,1.0,1.0,2.0,2.0,1.0,1.0,1.0,1.0,1.0,1.0,0.0,0.0,1.0,1.0,1.0,1.0,1.0,1.0,0.0,1.0,0.0,1.0,1.0,2.0,2.0,0.0,1.0,0.0,2.0,2.0,1.0,1.0,1.0,0.0,0.0,1.0,1.0,1.0,1.0,0.0,0.0,1.0,1.0,0.0,1.0,1.0,1.0,0.0,1.0,0.0,1.0,1.0,2.0,2.0,0.0,0.0,1.0,1.0,0.0,2.0,2.0,1.0,0.0,1.0,0.0,0.0,0.0,0.0,0.0,0.0,0.0,0.0,0.0,0.0,0.0,0.0,0.0,1.0,1.0,1.0,1.0,1.0,1.0,1.0,1.0,1.0,1.0,1.0,1.0,1.0,1.0,1.0,1.0,1.0,1.0,1.0,0.0,0.0,0.0,0.0,0.0,0.0,0.0,0.0,0.0,0.0,0.0,0.0,1.0,1.0,0.0,0.0,0.0,0.0,0.0,0.0,1.0,1.0,1.0,1.0,1.0,0.0,0.0,0.0,0.0,0.0,0.0,0.0,1.0,1.0,0.0,0.0,0.0,0.0,1.0,0.0,0.0,0.0,0.0,0.0,0.0,0.0,0.0,1.0,1.0,1.0,1.0,1.0,1.0,1.0,1.0,1.0,1.0,1.0,0.0,0.0,0.0,0.0,0.0,0.0,0.0,0.0,0.0,0.0,0.0,0.0,0.0,0.0,0.0,0.0,1.0,0.0,0.0,0.0,0.0,1.0,1.0,0.0,0.0,0.0,0.0,0.0,0.0,0.0,0.0,0.0,1.0,1.0,1.0,1.0,1.0,1.0,1.0,1.0,1.0,1.0,1.0,1.0,1.0,1.0,1.0,1.0,1.0,0.0,0.0,0.0,0.0,0.0,0.0,0.0,0.0,0.0,0.0,0.0,0.0,0.0,0.0,0.0,0.0,1.0,1.0,0.0,0.0,0.0,0.0,0.0,0.0,1.0,1.0,0.0,0.0,0.0,0.0,0.0,0.0,0.0,0.0,0.0,1.0,0.0,0.0,0.0,0.0,0.0,0.0,0.0,0.0,0.0,0.0,0.0,0.0,0.0,0.0,0.0,0.0,0.0,0.0,0.0,0.0,0.0,0.0,0.0,0.0,0.0,0.0,0.0,0.0,-5.0,117605.5,0.0,0.0,0.0,0.0,0.0,0.0,100.0,0.7253474221334146,0.7640041318115623,0.8326446980729502,0.7313108905973065,0.7504402750025401,0.7338565832401982,0.733918673304659,0.7339327846829455,0.7313108905973065,0.7313108905973065,0.8373042751831656,0.7320841941274088,0.8372478296700195,0.8488360935189262,0.8371095381628114,0.7313108905973065,0.7313108905973065,0.7313108905973065,0.7313108905973065,0.7317172982919588,0.7688697350447613,0,6.158989674659179,16,6
0.7115944728553527,0.025908490534087444,0.029210553053137807,0.8830928754473307,0.31506192072792133,0.020046623993858727,0.7271960126889514,0.0027178514579876047,0.8813487090911144,9.0,0.38170431582393516,0.7444683397116764,2.0,0.0,1.0,1.0,6.0,0.0,98.0,8.0,177.0,141.0,0.0,43.125,0.6666659712791443,177.0,26.0,0.0,0.0,0.0,177.0,0.5770283695149072,0.5770283695149072,0.5770283695149072,0.49442318330115936,0.60925311297005,0.31168365676612364,0.7118428331131958,0.7118371885618812,0.7118371885618812,1.0,1.0,1.0,1.0,1.0,1.0,1.0,1.0,1.0,0.0,0.0,0.0,1.0,0.0,0.0,1.0,1.0,1.0,1.0,1.0,1.0,0.0,1.0,0.0,0.0,0.0,1.0,1.0,0.0,1.0,0.0,1.0,1.0,1.0,1.0,1.0,0.0,0.0,0.0,0.0,1.0,1.0,0.0,0.0,1.0,1.0,0.0,1.0,1.0,1.0,0.0,1.0,0.0,0.0,0.0,1.0,1.0,0.0,0.0,1.0,1.0,0.0,1.0,1.0,1.0,0.0,1.0,0.0,0.0,1.0,0.0,0.0,1.0,0.0,0.0,0.0,0.0,0.0,0.0,0.0,1.0,1.0,1.0,1.0,1.0,1.0,1.0,1.0,1.0,1.0,1.0,1.0,1.0,1.0,1.0,1.0,1.0,2.0,1.0,0.0,57.95000076293945,0.0,0.0,57.95000076293945,0.0,0.0,0.0,0.0,0.0,0.0,0.0,1.0,1.0,0.0,0.0,0.0,0.0,0.0,0.0,1.0,1.0,1.0,1.0,1.0,0.0,0.0,0.0,0.0,0.0,0.0,0.0,1.0,1.0,0.0,0.0,0.0,0.0,1.0,0.0,0.0,0.0,0.0,0.0,0.0,0.0,0.0,1.0,1.0,1.0,1.0,1.0,1.0,1.0,1.0,1.0,1.0,1.0,0.0,0.0,0.0,0.0,0.0,0.0,0.0,0.0,0.0,0.0,0.0,0.0,0.0,0.0,0.0,0.0,1.0,0.0,0.0,0.0,0.0,1.0,1.0,0.0,0.0,0.0,0.0,0.0,0.0,0.0,0.0,0.0,1.0,1.0,1.0,1.0,1.0,1.0,1.0,1.0,1.0,1.0,1.0,1.0,1.0,1.0,1.0,1.0,1.0,0.0,0.0,0.0,0.0,0.0,0.0,0.0,0.0,0.0,0.0,0.0,0.0,0.0,0.0,0.0,0.0,1.0,1.0,0.0,0.0,0.0,0.0,0.0,0.0,1.0,1.0,0.0,0.0,0.0,0.0,0.0,0.0,0.0,0.0,0.0,1.0,0.0,0.0,0.0,0.0,0.0,0.0,0.0,0.0,0.0,0.0,0.0,0.0,0.0,0.0,0.0,0.0,0.0,0.0,0.0,0.0,0.0,0.0,0.0,0.0,0.0,0.0,0.0,0.0,-5.0,117605.5,0.0,0.0,0.0,0.0,0.0,0.0,100.0,0.7253474221334146,0.7640041318115623,0.8326446980729502,0.7313108905973065,0.7504402750025401,0.7338565832401982,0.733918673304659,0.7339327846829455,0.7313108905973065,0.7313108905973065,0.8373042751831656,0.7320841941274088,0.8372478296700195,0.8488360935189262,0.8371095381628114,0.7313108905973065,0.7313108905973065,0.7313108905973065,0.7313108905973065,0.7317172982919588,0.7688697350447613,0,4.07668962698338,5,2
0.11594190627786997,0.0015042729253451643,0.002912588478341857,0.09515866833745386,0.31506192072792133,0.020187737776724127,0.2703796525214211,0.10986272451202854,0.10986272451202854,9.0,0.1693958072272835,0.02151138506000158,1.0,0.0,0.0,0.0,2.0,137.0,137.0,137.0,137.0,137.0,137.0,0.875,0.875,10.0,26.0,137.0,0.0,0.0,137.0,0.5770283695149072,0.5770283695149072,0.5770283695149072,0.09955577381153972,0.60925311297005,0.3209435431977512,0.7118428331131958,0.7118371885618812,0.7118371885618812,1.0,1.0,1.0,1.0,1.0,1.0,1.0,1.0,1.0,0.0,1.0,1.0,1.0,0.0,0.0,1.0,1.0,1.0,1.0,1.0,1.0,0.0,0.0,0.0,0.0,0.0,1.0,1.0,1.0,1.0,1.0,1.0,1.0,1.0,1.0,0.0,1.0,1.0,0.0,0.0,1.0,1.0,1.0,1.0,1.0,1.0,1.0,1.0,1.0,1.0,0.0,0.0,1.0,0.0,0.0,1.0,1.0,1.0,1.0,1.0,1.0,1.0,1.0,1.0,1.0,0.0,0.0,1.0,0.0,0.0,0.0,0.0,0.0,0.0,0.0,0.0,0.0,0.0,0.0,0.0,1.0,1.0,1.0,1.0,1.0,1.0,1.0,1.0,1.0,1.0,1.0,1.0,1.0,1.0,1.0,1.0,1.0,1.0,1.0,0.0,0.0,0.0,0.0,0.0,0.0,0.0,0.0,0.0,0.0,0.0,0.0,1.0,1.0,0.0,0.0,0.0,0.0,0.0,0.0,1.0,1.0,1.0,1.0,1.0,0.0,0.0,0.0,0.0,0.0,0.0,0.0,1.0,1.0,0.0,0.0,0.0,0.0,1.0,0.0,0.0,0.0,0.0,0.0,0.0,0.0,0.0,1.0,1.0,1.0,1.0,1.0,1.0,1.0,1.0,1.0,1.0,1.0,0.0,0.0,0.0,0.0,0.0,0.0,0.0,0.0,0.0,0.0,0.0,0.0,0.0,0.0,0.0,0.0,1.0,0.0,0.0,0.0,0.0,1.0,1.0,0.0,0.0,0.0,0.0,0.0,0.0,0.0,0.0,0.0,1.0,1.0,1.0,1.0,1.0,1.0,1.0,1.0,1.0,1.0,1.0,1.0,1.0,1.0,1.0,1.0,1.0,0.0,0.0,0.0,0.0,0.0,0.0,0.0,0.0,0.0,0.0,0.0,0.0,0.0,0.0,0.0,0.0,0.0,0.0,0.0,0.0,0.0,0.0,0.0,0.0,1.0,1.0,0.0,0.0,0.0,0.0,0.0,0.0,0.0,1.0,1.0,1.0,0.0,0.0,0.0,0.0,0.0,0.0,0.0,0.0,0.0,0.0,0.0,0.0,0.0,0.0,0.0,0.0,0.0,0.0,0.0,0.0,0.0,0.0,0.0,0.0,0.0,0.0,0.0,0.0,-10.0,82989.0,0.0,0.0,0.0,0.0,0.0,0.0,95.08000183105467,0.23774003454465403,0.11191734119054876,0.8326446980729502,0.12329957891647193,0.12677380025061807,0.09363463948250754,0.032518260123502785,0.045991804111491175,0.143569162687258,0.1403291902326684,0.8373042751831656,0.019956311172824873,0.8372478296700195,0.8488360935189262,0.8371095381628114,0.1058635599056231,0.25404432101692237,0.20965556947878214,0.1548639098678046,0.1654474435827096,0.09231381447488739,1,4.899882488361072,21,5
0.7115944728553527,0.0004318081755681241,0.015364468678384756,0.8830928754473307,0.6530604757227848,0.5046285320779851,0.7271960126889514,0.009214730021110623,0.8813487090911144,1.0,0.008489405177182465,0.7444683397116764,1.0,0.0,1.0,1.0,0.0,0.0,98.0,0.0,0.0,0.0,0.0,43.125,0.6666659712791443,0.0,0.0,0.0,0.0,0.0,0.0,0.4229518745554916,0.3777305516984455,0.3310360009482846,0.49442318330115936,0.60925311297005,0.3673728000361251,0.24924927467515606,0.10557004323726307,0.2421710073266276,1.0,1.0,1.0,1.0,1.0,1.0,1.0,1.0,1.0,1.0,1.0,1.0,1.0,0.0,0.0,1.0,1.0,1.0,1.0,1.0,1.0,0.0,1.0,0.0,1.0,1.0,1.0,1.0,0.0,1.0,0.0,1.0,1.0,1.0,1.0,1.0,0.0,0.0,1.0,1.0,1.0,1.0,0.0,0.0,1.0,1.0,0.0,1.0,1.0,1.0,0.0,1.0,0.0,1.0,1.0,1.0,1.0,0.0,0.0,1.0,1.0,0.0,1.0,1.0,1.0,0.0,1.0,0.0,0.0,0.0,0.0,0.0,0.0,0.0,0.0,0.0,0.0,0.0,0.0,0.0,1.0,1.0,1.0,1.0,1.0,1.0,1.0,1.0,1.0,1.0,1.0,1.0,1.0,1.0,1.0,1.0,1.0,1.0,1.0,0.0,0.0,0.0,0.0,0.0,0.0,0.0,0.0,0.0,0.0,0.0,0.0,1.0,1.0,0.0,0.0,0.0,0.0,0.0,0.0,1.0,1.0,1.0,1.0,1.0,0.0,0.0,0.0,0.0,0.0,0.0,0.0,1.0,1.0,0.0,0.0,0.0,0.0,1.0,0.0,0.0,0.0,0.0,0.0,0.0,0.0,0.0,1.0,1.0,1.0,1.0,1.0,1.0,1.0,1.0,1.0,1.0,1.0,0.0,0.0,0.0,0.0,0.0,0.0,0.0,0.0,0.0,0.0,0.0,0.0,0.0,0.0,0.0,0.0,1.0,0.0,0.0,0.0,0.0,1.0,1.0,0.0,0.0,0.0,0.0,0.0,0.0,0.0,0.0,0.0,1.0,1.0,1.0,1.0,1.0,1.0,1.0,1.0,1.0,1.0,1.0,1.0,1.0,1.0,1.0,1.0,1.0,0.0,0.0,0.0,0.0,0.0,0.0,0.0,0.0,0.0,0.0,0.0,0.0,0.0,1.0,1.0,0.0,2.0,2.0,0.0,0.0,0.0,0.0,0.0,0.0,2.0,2.0,0.0,1.0,1.0,1.0,1.0,1.0,1.0,0.0,0.0,1.0,350.0,350.0,350.0,0.0,0.0,0.0,0.0,0.0,0.0,0.0,0.0,0.0,350.0,350.0,0.0,0.0,0.0,0.0,0.0,0.0,0.0,0.0,0.0,0.0,0.0,0.0,0.0,0.0,-5.0,117605.5,0.0,0.0,0.0,0.0,0.0,0.0,100.0,0.7253474221334146,0.7640041318115623,0.8326446980729502,0.7313108905973065,0.7504402750025401,0.7338565832401982,0.733918673304659,0.7339327846829455,0.7313108905973065,0.7313108905973065,0.8373042751831656,0.7320841941274088,0.8372478296700195,0.8488360935189262,0.8371095381628114,0.7313108905973065,0.7313108905973065,0.7313108905973065,0.7313108905973065,0.7317172982919588,0.7688697350447613,0,5.860786223465865,0,5
0.7115944728553527,0.00832853546471591,0.08156376649620121,0.8830928754473307,0.6530604757227848,0.5046285320779851,0.7271960126889514,0.06695566769397501,0.8813487090911144,42.0,0.06546268387125907,0.7444683397116764,1.0,0.0,1.0,1.0,26.0,295.0,295.0,10.0,295.0,10.0,0.0,43.125,0.6666659712791443,295.0,295.0,0.0,0.0,0.0,295.0,0.4229518745554916,0.3777305516984455,0.3310360009482846,0.49442318330115936,0.60925311297005,0.3673728000361251,0.24924927467515606,0.1825927682008557,0.2421710073266276,1.0,1.0,1.0,1.0,1.0,1.0,1.0,1.0,1.0,1.0,1.0,1.0,1.0,0.0,0.0,1.0,1.0,1.0,1.0,1.0,1.0,0.0,1.0,0.0,1.0,1.0,1.0,1.0,0.0,1.0,0.0,1.0,1.0,1.0,1.0,1.0,0.0,0.0,1.0,1.0,1.0,1.0,0.0,0.0,1.0,1.0,0.0,1.0,1.0,1.0,0.0,1.0,0.0,1.0,1.0,1.0,1.0,0.0,0.0,1.0,1.0,0.0,1.0,1.0,1.0,0.0,1.0,0.0,0.0,3.0,0.0,0.0,3.0,0.0,0.0,0.0,0.0,0.0,0.0,0.0,1.0,1.0,1.0,1.0,1.0,1.0,1.0,1.0,1.0,1.0,1.0,1.0,1.0,1.0,1.0,1.0,1.0,1.0,1.0,0.0,115.0,0.0,0.0,115.0,0.0,0.0,0.0,0.0,0.0,0.0,0.0,1.0,1.0,0.0,0.0,0.0,0.0,0.0,0.0,1.0,1.0,1.0,1.0,1.0,0.0,0.0,0.0,0.0,0.0,0.0,0.0,1.0,1.0,0.0,0.0,0.0,0.0,1.0,0.0,0.0,0.0,0.0,0.0,0.0,0.0,0.0,1.0,1.0,1.0,1.0,1.0,1.0,1.0,1.0,1.0,1.0,1.0,0.0,0.0,0.0,0.0,0.0,0.0,0.0,0.0,0.0,0.0,0.0,0.0,0.0,0.0,0.0,0.0,1.0,0.0,0.0,0.0,0.0,1.0,1.0,0.0,0.0,0.0,0.0,0.0,0.0,0.0,0.0,0.0,1.0,1.0,1.0,1.0,1.0,1.0,1.0,1.0,1.0,1.0,1.0,1.0,1.0,1.0,1.0,1.0,1.0,0.0,0.0,0.0,0.0,0.0,0.0,0.0,0.0,0.0,0.0,0.0,0.0,0.0,0.0,0.0,0.0,0.0,0.0,0.0,3.0,0.0,0.0,0.0,0.0,1.0,1.0,0.0,0.0,0.0,0.0,0.0,0.0,0.0,0.0,0.0,1.0,0.0,115.0,0.0,0.0,115.0,0.0,0.0,0.0,0.0,0.0,0.0,0.0,0.0,0.0,0.0,0.0,0.0,0.0,0.0,0.0,0.0,0.0,0.0,0.0,0.0,0.0,0.0,0.0,-5.0,117605.5,0.0,0.0,0.0,0.0,0.0,0.0,100.0,0.7253474221334146,0.7640041318115623,0.8326446980729502,0.7313108905973065,0.7504402750025401,0.7338565832401982,0.733918673304659,0.7339327846829455,0.7313108905973065,0.7313108905973065,0.8373042751831656,0.7320841941274088,0.8372478296700195,0.8488360935189262,0.8371095381628114,0.7313108905973065,0.7313108905973065,0.7313108905973065,0.7313108905973065,0.7317172982919588,0.7688697350447613,0,3.9318256327243257,2,4
0.7115944728553527,0.01141892730946817,0.06278434427247379,0.8830928754473307,0.6530604757227848,0.5046285320779851,0.7271960126889514,0.07170273534956706,0.8813487090911144,9.0,0.38170431582393516,0.7444683397116764,1.0,0.0,0.0,1.0,11.0,343.0,113.0,0.0,343.0,0.0,0.0,43.125,0.6666659712791443,43.0,26.0,0.0,0.0,0.0,343.0,0.5770283695149072,0.5770283695149072,0.5770283695149072,0.32066978245899236,0.17509115950373105,0.3673728000361251,0.7118428331131958,0.7118371885618812,0.7118371885618812,1.0,1.0,1.0,1.0,1.0,1.0,1.0,1.0,1.0,0.0,1.0,1.0,1.0,0.0,0.0,1.0,1.0,1.0,1.0,1.0,1.0,0.0,0.0,0.0,0.0,0.0,1.0,1.0,0.0,1.0,0.0,1.0,1.0,1.0,1.0,0.0,0.0,0.0,0.0,0.0,1.0,1.0,0.0,0.0,1.0,1.0,0.0,1.0,1.0,1.0,0.0,0.0,0.0,0.0,0.0,1.0,1.0,0.0,0.0,1.0,1.0,0.0,1.0,1.0,1.0,0.0,0.0,0.0,1.0,1.0,1.0,0.0,0.0,0.0,1.0,1.0,1.0,0.0,0.0,0.0,1.0,1.0,1.0,1.0,1.0,1.0,1.0,1.0,1.0,1.0,1.0,1.0,1.0,1.0,1.0,1.0,1.0,1.0,1.0,100.0,100.0,100.0,0.0,0.0,0.0,100.0,100.0,100.0,0.0,0.0,0.0,1.0,1.0,0.0,0.0,0.0,0.0,0.0,0.0,1.0,1.0,1.0,1.0,1.0,0.0,0.0,0.0,0.0,0.0,0.0,0.0,1.0,1.0,0.0,0.0,0.0,0.0,1.0,0.0,0.0,0.0,0.0,0.0,0.0,0.0,0.0,1.0,1.0,1.0,1.0,1.0,1.0,1.0,1.0,1.0,1.0,1.0,0.0,0.0,0.0,0.0,0.0,0.0,0.0,0.0,0.0,0.0,0.0,0.0,0.0,0.0,0.0,0.0,1.0,0.0,0.0,0.0,0.0,1.0,1.0,0.0,0.0,0.0,0.0,0.0,0.0,0.0,0.0,0.0,1.0,1.0,1.0,1.0,1.0,1.0,1.0,1.0,1.0,1.0,1.0,1.0,1.0,1.0,1.0,1.0,1.0,0.0,0.0,0.0,0.0,0.0,0.0,0.0,0.0,0.0,0.0,0.0,0.0,0.0,1.0,4.0,0.0,0.0,0.0,0.0,6.0,0.0,3.0,0.0,0.0,1.0,3.0,1.0,3.0,0.0,3.0,0.0,0.0,0.0,0.0,0.0,1.0,100.0,2071.0,808.0,0.0,1496.0,0.0,708.0,0.0,0.0,0.0,100.0,100.0,0.0,475.0,0.0,0.0,0.0,0.0,0.0,0.0,0.0,0.0,0.0,0.0,0.0,0.0,0.0,0.0,-5.0,117605.5,0.0,0.0,0.0,0.0,0.0,0.0,100.0,0.7253474221334146,0.7640041318115623,0.8326446980729502,0.7313108905973065,0.7504402750025401,0.7338565832401982,0.733918673304659,0.7339327846829455,0.7313108905973065,0.7313108905973065,0.8373042751831656,0.7320841941274088,0.8372478296700195,0.8488360935189262,0.8371095381628114,0.7313108905973065,0.7313108905973065,0.7313108905973065,0.7313108905973065,0.7317172982919588,0.7688697350447613,0,3.713572066704308,19,1
0.11594190627786997,0.0016820762917555683,0.00859665165216017,0.09515866833745386,0.31506192072792133,0.020187737776724127,0.2703796525214211,0.10986272451202854,0.10986272451202854,9.0,0.38170431582393516,0.10529628249850419,1.0,0.0,0.0,0.0,1.0,0.0,98.0,8.0,0.0,9.0,0.0,43.125,0.6666659712791443,0.0,26.0,0.0,0.0,0.0,0.0,0.5770283695149072,0.5770283695149072,0.5770283695149072,0.09955577381153972,0.60925311297005,0.3209435431977512,0.7118428331131958,0.7118371885618812,0.7118371885618812,1.0,1.0,1.0,1.0,1.0,1.0,1.0,1.0,1.0,0.0,0.0,0.0,1.0,1.0,0.0,1.0,1.0,1.0,1.0,1.0,1.0,0.0,0.0,1.0,0.0,0.0,1.0,1.0,0.0,1.0,0.0,1.0,1.0,1.0,1.0,0.0,1.0,1.0,0.0,0.0,1.0,1.0,1.0,0.0,1.0,1.0,0.0,1.0,1.0,1.0,0.0,0.0,1.0,0.0,0.0,1.0,1.0,1.0,0.0,1.0,1.0,0.0,1.0,1.0,1.0,0.0,0.0,1.0,0.0,0.0,0.0,0.0,0.0,0.0,0.0,0.0,0.0,0.0,0.0,0.0,1.0,1.0,1.0,1.0,1.0,1.0,1.0,1.0,1.0,1.0,1.0,1.0,1.0,1.0,1.0,1.0,1.0,1.0,1.0,0.0,0.0,0.0,0.0,0.0,0.0,0.0,0.0,0.0,0.0,0.0,0.0,1.0,1.0,0.0,0.0,0.0,0.0,0.0,0.0,1.0,1.0,1.0,1.0,1.0,0.0,0.0,0.0,0.0,0.0,0.0,0.0,1.0,1.0,0.0,0.0,0.0,0.0,1.0,0.0,0.0,0.0,0.0,0.0,0.0,0.0,0.0,1.0,1.0,1.0,1.0,1.0,1.0,1.0,1.0,1.0,1.0,1.0,0.0,0.0,0.0,0.0,0.0,0.0,0.0,0.0,0.0,0.0,0.0,0.0,0.0,0.0,0.0,0.0,1.0,0.0,0.0,0.0,0.0,1.0,1.0,0.0,0.0,0.0,0.0,0.0,0.0,0.0,0.0,0.0,1.0,1.0,1.0,1.0,1.0,1.0,1.0,1.0,1.0,1.0,1.0,1.0,1.0,1.0,1.0,1.0,1.0,0.0,0.0,0.0,0.0,0.0,0.0,0.0,0.0,0.0,0.0,0.0,0.0,0.0,0.0,0.0,0.0,1.0,1.0,0.0,0.0,0.0,0.0,0.0,0.0,1.0,1.0,0.0,0.0,0.0,0.0,0.0,0.0,0.0,0.0,0.0,1.0,0.0,0.0,0.0,0.0,0.0,0.0,0.0,0.0,0.0,0.0,0.0,0.0,0.0,0.0,0.0,0.0,0.0,0.0,0.0,0.0,0.0,0.0,0.0,0.0,0.0,0.0,0.0,0.0,-5.0,117605.5,0.0,0.0,0.0,0.0,0.0,0.0,100.0,0.7253474221334146,0.7640041318115623,0.8326446980729502,0.7313108905973065,0.7504402750025401,0.7338565832401982,0.733918673304659,0.7339327846829455,0.7313108905973065,0.7313108905973065,0.8373042751831656,0.7320841941274088,0.8372478296700195,0.8488360935189262,0.8371095381628114,0.7313108905973065,0.7313108905973065,0.7313108905973065,0.7313108905973065,0.7317172982919588,0.7688697350447613,0,3.5996929860551345,22,4
0.7115944728553527,5.644551314616001e-06,0.0016228085029521004,0.8830928754473307,0.6530604757227848,0.5046285320779851,0.7271960126889514,0.041933371716282274,0.8813487090911144,16.0,0.38170431582393516,0.7444683397116764,1.0,0.0,0.0,1.0,2.0,304.0,304.0,304.0,304.0,304.0,0.0,43.125,0.6666659712791443,304.0,304.0,0.0,0.0,0.0,451.0,0.4229518745554916,0.3777305516984455,0.3310360009482846,0.32066978245899236,0.21565572752621895,0.3673728000361251,0.24924927467515606,0.1825927682008557,0.2421710073266276,1.0,1.0,1.0,1.0,1.0,1.0,1.0,1.0,1.0,0.0,1.0,1.0,1.0,0.0,0.0,1.0,1.0,1.0,1.0,1.0,1.0,0.0,0.0,0.0,1.0,1.0,1.0,1.0,0.0,1.0,0.0,1.0,1.0,1.0,1.0,0.0,0.0,0.0,1.0,1.0,1.0,1.0,0.0,0.0,1.0,1.0,0.0,1.0,1.0,1.0,0.0,0.0,0.0,0.0,0.0,1.0,1.0,0.0,0.0,1.0,1.0,0.0,1.0,1.0,1.0,0.0,0.0,0.0,0.0,0.0,0.0,0.0,0.0,0.0,0.0,0.0,0.0,0.0,0.0,0.0,1.0,1.0,1.0,1.0,1.0,1.0,1.0,1.0,1.0,1.0,1.0,1.0,1.0,1.0,1.0,1.0,1.0,1.0,1.0,0.0,0.0,0.0,0.0,0.0,0.0,0.0,0.0,0.0,0.0,0.0,0.0,1.0,1.0,0.0,0.0,0.0,0.0,0.0,0.0,1.0,1.0,1.0,1.0,1.0,0.0,0.0,0.0,0.0,0.0,0.0,0.0,1.0,1.0,0.0,0.0,0.0,0.0,1.0,0.0,0.0,0.0,0.0,0.0,0.0,0.0,0.0,1.0,1.0,1.0,1.0,1.0,1.0,1.0,1.0,1.0,1.0,1.0,0.0,0.0,0.0,0.0,0.0,0.0,0.0,0.0,0.0,0.0,0.0,0.0,0.0,0.0,0.0,0.0,1.0,0.0,0.0,0.0,0.0,1.0,1.0,0.0,0.0,0.0,0.0,0.0,0.0,0.0,0.0,0.0,1.0,1.0,1.0,1.0,1.0,1.0,1.0,1.0,1.0,1.0,1.0,1.0,1.0,1.0,1.0,1.0,1.0,0.0,0.0,0.0,0.0,0.0,0.0,0.0,0.0,0.0,0.0,0.0,0.0,0.0,0.0,0.0,0.0,0.0,0.0,0.0,0.0,0.0,0.0,0.0,0.0,1.0,1.0,0.0,0.0,0.0,0.0,0.0,0.0,0.0,0.0,0.0,1.0,0.0,0.0,0.0,0.0,0.0,0.0,0.0,0.0,0.0,0.0,0.0,0.0,0.0,0.0,0.0,0.0,0.0,0.0,0.0,0.0,0.0,0.0,0.0,0.0,0.0,0.0,0.0,0.0,-5.0,117605.5,0.0,0.0,0.0,0.0,0.0,0.0,100.0,0.7253474221334146,0.7640041318115623,0.8326446980729502,0.7313108905973065,0.7504402750025401,0.7338565832401982,0.733918673304659,0.7339327846829455,0.7313108905973065,0.7313108905973065,0.8373042751831656,0.7320841941274088,0.8372478296700195,0.8488360935189262,0.8371095381628114,0.7313108905973065,0.7313108905973065,0.7313108905973065,0.7313108905973065,0.7317172982919588,0.7688697350447613,0,4.007333185232471,21,3
0.7115944728553527,0.0019022137930255925,0.0020489721272056085,0.8830928754473307,0.31506192072792133,0.020187737776724127,0.2703796525214211,0.035495760941962724,0.8813487090911144,9.0,0.15974080220363282,0.7444683397116764,6.0,0.0,4.0,6.0,13.0,44.0,44.0,44.0,19.0,9.0,0.0,43.125,0.6666659712791443,274.0,0.0,0.0,0.0,0.0,274.0,0.4229518745554916,0.04524107878664725,0.09193562953680812,0.49442318330115936,0.60925311297005,0.3673728000361251,0.24924927467515606,0.1825927682008557,0.045991804111491175,1.0,3.0,3.0,1.0,1.0,3.0,3.0,3.0,3.0,2.0,1.0,1.0,1.0,0.0,0.0,0.0,0.0,1.0,1.0,1.0,1.0,0.0,1.0,0.0,0.0,1.0,1.0,1.0,0.0,1.0,0.0,1.0,1.0,1.0,1.0,0.0,0.0,0.0,0.0,0.0,1.0,1.0,0.0,0.0,0.0,0.0,0.0,1.0,1.0,1.0,0.0,1.0,0.0,1.0,1.0,1.0,1.0,0.0,0.0,0.0,0.0,0.0,1.0,1.0,1.0,0.0,1.0,0.0,0.0,0.0,0.0,0.0,0.0,0.0,0.0,0.0,0.0,0.0,0.0,0.0,1.0,1.0,1.0,1.0,1.0,1.0,1.0,1.0,1.0,1.0,1.0,1.0,1.0,1.0,1.0,1.0,1.0,1.0,1.0,0.0,0.0,0.0,0.0,0.0,0.0,0.0,0.0,0.0,0.0,0.0,0.0,1.0,1.0,0.0,0.0,0.0,0.0,0.0,0.0,1.0,1.0,1.0,1.0,1.0,0.0,0.0,0.0,0.0,0.0,0.0,0.0,1.0,1.0,0.0,0.0,0.0,0.0,1.0,0.0,0.0,0.0,0.0,0.0,0.0,0.0,0.0,1.0,1.0,1.0,1.0,1.0,1.0,1.0,1.0,1.0,1.0,1.0,0.0,0.0,0.0,0.0,0.0,0.0,0.0,0.0,0.0,0.0,0.0,0.0,0.0,0.0,0.0,0.0,1.0,0.0,0.0,0.0,0.0,1.0,1.0,0.0,0.0,0.0,0.0,0.0,0.0,0.0,0.0,0.0,1.0,1.0,1.0,1.0,1.0,1.0,1.0,1.0,1.0,1.0,1.0,1.0,1.0,1.0,1.0,1.0,1.0,0.0,0.0,0.0,0.0,0.0,0.0,0.0,0.0,0.0,0.0,0.0,0.0,0.0,0.0,0.0,0.0,1.0,1.0,0.0,0.0,0.0,0.0,1.0,1.0,1.0,1.0,0.0,0.0,0.0,0.0,0.0,0.0,0.0,0.0,0.0,1.0,0.0,0.0,0.0,0.0,0.0,0.0,0.0,25.95000076293945,25.95000076293945,25.95000076293945,0.0,0.0,0.0,0.0,0.0,0.0,0.0,0.0,0.0,0.0,0.0,0.0,0.0,0.0,0.0,0.0,0.0,0.0,-5.0,117605.5,0.0,0.0,0.0,0.0,0.0,0.0,100.0,0.7253474221334146,0.7640041318115623,0.8326446980729502,0.7313108905973065,0.7504402750025401,0.7338565832401982,0.733918673304659,0.7339327846829455,0.7313108905973065,0.7313108905973065,0.8373042751831656,0.7320841941274088,0.8372478296700195,0.8488360935189262,0.8371095381628114,0.7313108905973065,0.7313108905973065,0.7313108905973065,0.7313108905973065,0.7317172982919588,0.7688697350447613,0,3.8907993689765195,19,1
0.7115944728553527,0.004145922940585453,0.005263544100879421,0.8830928754473307,0.31506192072792133,0.13522933811991286,0.7271960126889514,0.03876395615312539,0.8813487090911144,9.0,0.38170431582393516,0.7444683397116764,1.0,0.0,0.0,0.0,1.0,0.0,98.0,8.0,0.0,9.0,0.0,43.125,0.6666659712791443,0.0,26.0,0.0,0.0,0.0,0.0,0.5770283695149072,0.5770283695149072,0.5770283695149072,0.32066978245899236,0.21565572752621895,0.31168365676612364,0.7118428331131958,0.7118371885618812,0.7118371885618812,1.0,1.0,1.0,1.0,1.0,1.0,1.0,1.0,1.0,0.0,0.0,0.0,1.0,0.0,0.0,1.0,1.0,1.0,1.0,1.0,1.0,0.0,0.0,0.0,0.0,0.0,1.0,1.0,0.0,1.0,0.0,1.0,1.0,1.0,1.0,0.0,0.0,0.0,0.0,0.0,1.0,1.0,0.0,0.0,1.0,1.0,0.0,1.0,1.0,1.0,0.0,0.0,0.0,0.0,0.0,1.0,1.0,0.0,0.0,1.0,1.0,0.0,1.0,1.0,1.0,0.0,0.0,0.0,0.0,0.0,0.0,0.0,0.0,0.0,0.0,0.0,0.0,0.0,0.0,0.0,1.0,1.0,1.0,1.0,1.0,1.0,1.0,1.0,1.0,1.0,1.0,1.0,1.0,1.0,1.0,1.0,1.0,1.0,1.0,0.0,0.0,0.0,0.0,0.0,0.0,0.0,0.0,0.0,0.0,0.0,0.0,1.0,1.0,0.0,0.0,0.0,0.0,0.0,0.0,1.0,1.0,1.0,1.0,1.0,0.0,0.0,0.0,0.0,0.0,0.0,0.0,1.0,1.0,0.0,0.0,0.0,0.0,1.0,0.0,0.0,0.0,0.0,0.0,0.0,0.0,0.0,1.0,1.0,1.0,1.0,1.0,1.0,1.0,1.0,1.0,1.0,1.0,0.0,0.0,0.0,0.0,0.0,0.0,0.0,0.0,0.0,0.0,0.0,0.0,0.0,0.0,0.0,0.0,1.0,0.0,0.0,0.0,0.0,1.0,1.0,0.0,0.0,0.0,0.0,0.0,0.0,0.0,0.0,0.0,1.0,1.0,1.0,1.0,1.0,1.0,1.0,1.0,1.0,1.0,1.0,1.0,1.0,1.0,1.0,1.0,1.0,0.0,0.0,0.0,0.0,0.0,0.0,0.0,0.0,0.0,0.0,0.0,0.0,0.0,0.0,0.0,0.0,1.0,1.0,0.0,0.0,0.0,0.0,0.0,0.0,1.0,1.0,0.0,0.0,0.0,0.0,0.0,0.0,0.0,0.0,0.0,1.0,0.0,0.0,0.0,0.0,0.0,0.0,0.0,0.0,0.0,0.0,0.0,0.0,0.0,0.0,0.0,0.0,0.0,0.0,0.0,0.0,0.0,0.0,0.0,0.0,0.0,0.0,0.0,0.0,-5.0,117605.5,0.0,0.0,0.0,0.0,0.0,0.0,100.0,0.7253474221334146,0.7640041318115623,0.8326446980729502,0.7313108905973065,0.7504402750025401,0.7338565832401982,0.733918673304659,0.7339327846829455,0.7313108905973065,0.7313108905973065,0.8373042751831656,0.7320841941274088,0.8372478296700195,0.8488360935189262,0.8371095381628114,0.7313108905973065,0.7313108905973065,0.7313108905973065,0.7313108905973065,0.7317172982919588,0.7688697350447613,0,4.0163830207523885,22,2
0.7115944728553527,0.0020066379923459883,0.024607421456068458,0.8830928754473307,0.31506192072792133,0.010315417527460742,0.7271960126889514,0.01665424865377451,0.8813487090911144,58.0,0.1693958072272835,0.7444683397116764,3.0,0.0,0.0,2.0,13.0,17.0,17.0,17.0,168.0,17.0,0.0,43.125,0.6666659712791443,31.0,168.0,0.0,0.0,0.0,168.0,0.4229518745554916,0.3777305516984455,0.3310360009482846,0.32066978245899236,0.21565572752621895,0.3673728000361251,0.24924927467515606,0.1825927682008557,0.2421710073266276,1.0,1.0,1.0,1.0,1.0,1.0,1.0,1.0,1.0,0.0,0.0,0.0,1.0,0.0,0.0,1.0,1.0,1.0,1.0,1.0,1.0,0.0,0.0,0.0,1.0,1.0,1.0,1.0,0.0,1.0,0.0,1.0,1.0,1.0,1.0,0.0,0.0,0.0,0.0,0.0,1.0,1.0,0.0,0.0,1.0,1.0,0.0,1.0,1.0,1.0,0.0,0.0,0.0,1.0,1.0,1.0,1.0,0.0,0.0,1.0,1.0,0.0,1.0,1.0,1.0,0.0,0.0,0.0,0.0,1.0,0.0,0.0,1.0,0.0,0.0,0.0,0.0,0.0,0.0,0.0,1.0,1.0,1.0,1.0,1.0,1.0,1.0,1.0,1.0,1.0,1.0,1.0,1.0,1.0,1.0,1.0,1.0,1.0,1.0,0.0,117.0,0.0,0.0,117.0,0.0,0.0,0.0,0.0,0.0,0.0,0.0,1.0,1.0,0.0,0.0,0.0,0.0,0.0,0.0,1.0,1.0,1.0,1.0,1.0,0.0,0.0,0.0,0.0,0.0,0.0,0.0,1.0,1.0,0.0,0.0,0.0,0.0,1.0,0.0,0.0,0.0,0.0,0.0,0.0,0.0,0.0,1.0,1.0,1.0,1.0,1.0,1.0,1.0,1.0,1.0,1.0,1.0,0.0,0.0,0.0,0.0,0.0,0.0,0.0,0.0,0.0,0.0,0.0,0.0,0.0,0.0,0.0,0.0,1.0,0.0,0.0,0.0,0.0,1.0,1.0,0.0,0.0,0.0,0.0,0.0,0.0,0.0,0.0,0.0,1.0,1.0,1.0,1.0,1.0,1.0,1.0,1.0,1.0,1.0,1.0,1.0,1.0,1.0,1.0,1.0,1.0,0.0,0.0,0.0,0.0,0.0,0.0,0.0,0.0,0.0,0.0,0.0,0.0,0.0,0.0,0.0,0.0,1.0,1.0,0.0,1.0,0.0,0.0,1.0,1.0,1.0,1.0,0.0,0.0,0.0,0.0,0.0,0.0,0.0,0.0,0.0,1.0,0.0,117.0,0.0,0.0,117.0,0.0,0.0,117.0,117.0,117.0,0.0,0.0,0.0,0.0,0.0,0.0,0.0,0.0,0.0,0.0,0.0,0.0,0.0,0.0,0.0,0.0,0.0,0.0,-5.0,117605.5,0.0,0.0,0.0,0.0,0.0,0.0,100.0,0.7253474221334146,0.7640041318115623,0.8326446980729502,0.7313108905973065,0.7504402750025401,0.7338565832401982,0.733918673304659,0.7339327846829455,0.7313108905973065,0.7313108905973065,0.8373042751831656,0.7320841941274088,0.8372478296700195,0.8488360935189262,0.8371095381628114,0.7313108905973065,0.7313108905973065,0.7313108905973065,0.7313108905973065,0.7317172982919588,0.7688697350447613,0,4.695924549256556,23,3
0.7115944728553527,0.025908490534087444,0.029210553053137807,0.8830928754473307,0.31506192072792133,0.020046623993858727,0.7271960126889514,0.07170273534956706,0.8813487090911144,145.0,0.15974080220363282,0.7444683397116764,1.0,0.0,0.0,1.0,2.0,59.0,59.0,30.0,19.0,9.0,0.0,43.125,0.6666659712791443,59.0,59.0,0.0,0.0,0.0,59.0,0.4229518745554916,0.3777305516984455,0.3310360009482846,0.08535126042830855,0.17509115950373105,0.3673728000361251,0.7118428331131958,0.7118371885618812,0.7118371885618812,1.0,1.0,1.0,0.0,0.0,1.0,1.0,1.0,1.0,0.0,1.0,1.0,1.0,0.0,0.0,0.0,0.0,1.0,1.0,1.0,1.0,0.0,0.0,0.0,0.0,1.0,1.0,1.0,0.0,1.0,0.0,1.0,1.0,1.0,1.0,0.0,0.0,0.0,1.0,1.0,1.0,1.0,0.0,0.0,0.0,0.0,0.0,1.0,1.0,1.0,0.0,0.0,0.0,1.0,1.0,1.0,1.0,0.0,0.0,0.0,0.0,0.0,1.0,1.0,1.0,0.0,0.0,0.0,0.0,3.0,0.0,0.0,1.0,0.0,0.0,1.0,0.0,0.0,1.0,0.0,1.0,1.0,1.0,1.0,1.0,1.0,1.0,1.0,1.0,1.0,1.0,1.0,1.0,1.0,1.0,1.0,1.0,1.0,1.0,0.0,147.0,0.0,0.0,49.0,0.0,0.0,49.0,0.0,0.0,49.0,0.0,1.0,1.0,0.0,0.0,0.0,0.0,0.0,0.0,1.0,1.0,1.0,1.0,1.0,0.0,0.0,0.0,0.0,0.0,0.0,0.0,1.0,1.0,0.0,0.0,0.0,0.0,1.0,0.0,0.0,0.0,0.0,0.0,0.0,0.0,0.0,1.0,1.0,1.0,1.0,1.0,1.0,1.0,1.0,1.0,1.0,1.0,0.0,0.0,0.0,0.0,0.0,0.0,0.0,0.0,0.0,0.0,0.0,0.0,0.0,0.0,0.0,0.0,1.0,0.0,0.0,0.0,0.0,1.0,1.0,0.0,0.0,0.0,0.0,0.0,0.0,0.0,0.0,0.0,1.0,1.0,1.0,1.0,1.0,1.0,1.0,1.0,1.0,1.0,1.0,1.0,1.0,1.0,1.0,1.0,1.0,0.0,0.0,0.0,0.0,0.0,0.0,0.0,0.0,0.0,0.0,0.0,0.0,0.0,0.0,0.0,0.0,0.0,0.0,0.0,1.0,0.0,0.0,0.0,0.0,1.0,1.0,0.0,1.0,0.0,1.0,0.0,0.0,0.0,0.0,0.0,1.0,0.0,147.0,0.0,0.0,49.0,0.0,0.0,0.0,49.0,0.0,0.0,0.0,0.0,49.0,0.0,0.0,0.0,0.0,0.0,0.0,0.0,0.0,0.0,0.0,0.0,0.0,0.0,0.0,-5.0,117605.5,0.0,0.0,0.0,0.0,0.0,0.0,100.0,0.7253474221334146,0.7640041318115623,0.8326446980729502,0.7313108905973065,0.7504402750025401,0.7338565832401982,0.733918673304659,0.7339327846829455,0.7313108905973065,0.7313108905973065,0.8373042751831656,0.7320841941274088,0.8372478296700195,0.8488360935189262,0.8371095381628114,0.7313108905973065,0.7313108905973065,0.7313108905973065,0.7313108905973065,0.7317172982919588,0.7688697350447613,0,3.4011973816621555,15,0
0.7115944728553527,0.00045720865648389607,0.00045720865648389607,0.8830928754473307,0.6530604757227848,0.5046285320779851,0.7271960126889514,0.025583928833497024,0.8813487090911144,9.0,0.38170431582393516,0.7444683397116764,5.0,0.0,1.0,3.0,11.0,0.0,98.0,8.0,19.0,9.0,0.0,43.125,0.6666659712791443,0.0,26.0,0.0,0.0,0.0,509.0,0.5770283695149072,0.5770283695149072,0.5770283695149072,0.32066978245899236,0.21565572752621895,0.3673728000361251,0.7118428331131958,0.7118371885618812,0.7118371885618812,1.0,1.0,1.0,1.0,1.0,1.0,1.0,1.0,1.0,0.0,0.0,0.0,1.0,0.0,0.0,0.0,0.0,1.0,1.0,0.0,0.0,0.0,0.0,0.0,0.0,1.0,1.0,1.0,0.0,1.0,0.0,1.0,1.0,1.0,1.0,0.0,0.0,0.0,0.0,0.0,1.0,1.0,0.0,0.0,0.0,0.0,0.0,1.0,0.0,0.0,0.0,0.0,0.0,1.0,1.0,1.0,1.0,0.0,0.0,1.0,1.0,0.0,1.0,1.0,1.0,0.0,1.0,0.0,0.0,0.0,0.0,0.0,0.0,0.0,0.0,0.0,0.0,0.0,0.0,0.0,1.0,1.0,1.0,1.0,1.0,1.0,1.0,1.0,1.0,1.0,1.0,1.0,1.0,1.0,1.0,1.0,1.0,1.0,1.0,0.0,0.0,0.0,0.0,0.0,0.0,0.0,0.0,0.0,0.0,0.0,0.0,1.0,1.0,0.0,0.0,0.0,0.0,0.0,0.0,1.0,1.0,1.0,1.0,1.0,0.0,0.0,0.0,0.0,0.0,0.0,0.0,1.0,1.0,0.0,0.0,0.0,0.0,1.0,0.0,0.0,0.0,0.0,0.0,0.0,0.0,0.0,1.0,1.0,1.0,1.0,1.0,1.0,1.0,1.0,1.0,1.0,1.0,0.0,0.0,0.0,0.0,0.0,0.0,0.0,0.0,0.0,0.0,0.0,0.0,0.0,0.0,0.0,0.0,1.0,0.0,0.0,0.0,0.0,1.0,1.0,0.0,0.0,0.0,0.0,0.0,0.0,0.0,0.0,0.0,1.0,1.0,1.0,1.0,1.0,1.0,1.0,1.0,1.0,1.0,1.0,1.0,1.0,1.0,1.0,1.0,1.0,0.0,0.0,0.0,0.0,0.0,0.0,0.0,0.0,0.0,0.0,0.0,0.0,0.0,0.0,0.0,0.0,1.0,1.0,0.0,0.0,0.0,0.0,0.0,0.0,1.0,1.0,0.0,0.0,0.0,0.0,0.0,0.0,0.0,0.0,0.0,1.0,0.0,0.0,0.0,0.0,0.0,0.0,0.0,0.0,0.0,0.0,0.0,0.0,0.0,0.0,0.0,0.0,0.0,0.0,0.0,0.0,0.0,0.0,0.0,0.0,0.0,0.0,0.0,0.0,-5.0,117605.5,0.0,0.0,0.0,0.0,0.0,0.0,100.0,0.7253474221334146,0.7640041318115623,0.8326446980729502,0.7313108905973065,0.7504402750025401,0.7338565832401982,0.733918673304659,0.7339327846829455,0.7313108905973065,0.7313108905973065,0.8373042751831656,0.7320841941274088,0.8372478296700195,0.8488360935189262,0.8371095381628114,0.7313108905973065,0.7313108905973065,0.7313108905973065,0.7313108905973065,0.7317172982919588,0.7688697350447613,0,5.424950017481403,4,5
0.7115944728553527,0.0009567514478274122,0.07636513473543988,0.8830928754473307,0.6530604757227848,0.5046285320779851,0.7271960126889514,0.024782402546821552,0.8813487090911144,249.0,0.04797868617423601,0.7444683397116764,5.0,0.0,0.0,5.0,74.0,483.0,483.0,12.0,364.0,12.0,0.0,43.125,0.6666659712791443,38.0,364.0,0.0,0.0,0.0,484.0,0.4229518745554916,0.3777305516984455,0.3310360009482846,0.08535126042830855,0.17509115950373105,0.31168365676612364,0.7118428331131958,0.7118371885618812,0.7118371885618812,1.0,1.0,1.0,1.0,1.0,1.0,1.0,1.0,1.0,0.0,1.0,1.0,1.0,0.0,0.0,0.0,0.0,1.0,1.0,1.0,1.0,0.0,0.0,0.0,0.0,0.0,1.0,1.0,0.0,1.0,0.0,1.0,1.0,1.0,1.0,0.0,0.0,0.0,0.0,0.0,1.0,1.0,0.0,0.0,1.0,1.0,0.0,1.0,1.0,1.0,0.0,0.0,0.0,0.0,0.0,1.0,1.0,0.0,0.0,1.0,1.0,0.0,1.0,1.0,1.0,0.0,0.0,0.0,0.0,2.0,0.0,0.0,2.0,0.0,0.0,0.0,0.0,0.0,0.0,0.0,1.0,1.0,1.0,1.0,1.0,1.0,1.0,1.0,1.0,1.0,1.0,1.0,1.0,1.0,1.0,1.0,1.0,1.0,1.0,0.0,312.0,0.0,0.0,312.0,0.0,0.0,0.0,0.0,0.0,0.0,0.0,1.0,1.0,0.0,0.0,0.0,0.0,0.0,0.0,1.0,1.0,1.0,1.0,1.0,0.0,0.0,0.0,0.0,0.0,0.0,0.0,1.0,1.0,0.0,0.0,0.0,0.0,1.0,0.0,0.0,0.0,0.0,0.0,0.0,0.0,0.0,1.0,1.0,1.0,1.0,1.0,1.0,1.0,1.0,1.0,1.0,1.0,0.0,0.0,0.0,0.0,0.0,0.0,0.0,0.0,0.0,0.0,0.0,0.0,0.0,0.0,0.0,0.0,1.0,0.0,0.0,0.0,0.0,1.0,1.0,0.0,0.0,0.0,0.0,0.0,0.0,0.0,0.0,0.0,1.0,1.0,1.0,1.0,1.0,1.0,1.0,1.0,1.0,1.0,1.0,1.0,1.0,1.0,1.0,1.0,1.0,0.0,0.0,0.0,0.0,0.0,0.0,0.0,0.0,0.0,0.0,0.0,0.0,0.0,0.0,0.0,0.0,0.0,0.0,0.0,3.0,0.0,0.0,0.0,0.0,1.0,2.0,0.0,0.0,0.0,0.0,0.0,0.0,0.0,0.0,0.0,1.0,0.0,538.0,0.0,0.0,538.0,0.0,0.0,0.0,0.0,0.0,0.0,0.0,0.0,0.0,0.0,0.0,0.0,0.0,0.0,0.0,0.0,0.0,0.0,0.0,0.0,0.0,0.0,0.0,-5.0,117605.5,0.0,0.0,0.0,0.0,0.0,0.0,100.0,0.7253474221334146,0.7640041318115623,0.8326446980729502,0.7313108905973065,0.7504402750025401,0.7338565832401982,0.733918673304659,0.7339327846829455,0.7313108905973065,0.7313108905973065,0.8373042751831656,0.7320841941274088,0.8372478296700195,0.8488360935189262,0.8371095381628114,0.7313108905973065,0.7313108905973065,0.7313108905973065,0.7313108905973065,0.7317172982919588,0.7688697350447613,0,5.424950017481403,15,0
0.7115944728553527,0.00017215881509578804,0.024607421456068458,0.8830928754473307,0.31506192072792133,0.09485104029080728,0.7271960126889514,0.0269160429437464,0.8813487090911144,9.0,0.1693958072272835,0.7444683397116764,2.0,0.0,1.0,2.0,8.0,458.0,98.0,457.0,458.0,9.0,0.0,43.125,0.6666659712791443,285.0,26.0,0.0,0.0,0.0,458.0,0.5770283695149072,0.5770283695149072,0.5770283695149072,0.49442318330115936,0.60925311297005,0.3673728000361251,0.7118428331131958,0.7118371885618812,0.7118371885618812,1.0,1.0,1.0,1.0,1.0,1.0,1.0,1.0,1.0,0.0,1.0,1.0,1.0,0.0,0.0,1.0,1.0,1.0,1.0,1.0,1.0,0.0,1.0,0.0,0.0,0.0,1.0,1.0,0.0,1.0,0.0,1.0,1.0,1.0,1.0,2.0,0.0,0.0,0.0,0.0,1.0,1.0,0.0,0.0,1.0,1.0,0.0,1.0,1.0,1.0,0.0,2.0,0.0,0.0,0.0,1.0,1.0,0.0,0.0,1.0,1.0,0.0,1.0,1.0,1.0,0.0,2.0,0.0,0.0,0.0,0.0,0.0,0.0,0.0,0.0,0.0,0.0,0.0,0.0,0.0,1.0,1.0,1.0,1.0,1.0,1.0,1.0,1.0,1.0,1.0,1.0,1.0,1.0,1.0,1.0,1.0,1.0,1.0,1.0,0.0,0.0,0.0,0.0,0.0,0.0,0.0,0.0,0.0,0.0,0.0,0.0,1.0,1.0,0.0,0.0,0.0,0.0,0.0,0.0,1.0,1.0,1.0,1.0,1.0,0.0,0.0,0.0,0.0,0.0,0.0,0.0,1.0,1.0,0.0,0.0,0.0,0.0,1.0,0.0,0.0,0.0,0.0,0.0,0.0,0.0,0.0,1.0,1.0,1.0,1.0,1.0,1.0,1.0,1.0,1.0,1.0,1.0,0.0,0.0,0.0,0.0,0.0,0.0,0.0,0.0,0.0,0.0,0.0,0.0,0.0,0.0,0.0,0.0,1.0,0.0,0.0,0.0,0.0,1.0,1.0,0.0,0.0,0.0,0.0,0.0,0.0,0.0,0.0,0.0,1.0,1.0,1.0,1.0,1.0,1.0,1.0,1.0,1.0,1.0,1.0,1.0,1.0,1.0,1.0,1.0,1.0,0.0,0.0,0.0,0.0,0.0,0.0,0.0,0.0,0.0,0.0,0.0,0.0,0.0,0.0,0.0,0.0,0.0,0.0,0.0,0.0,0.0,0.0,0.0,0.0,1.0,1.0,0.0,0.0,0.0,0.0,0.0,0.0,0.0,0.0,0.0,1.0,0.0,0.0,0.0,0.0,0.0,0.0,0.0,0.0,0.0,0.0,0.0,0.0,0.0,0.0,0.0,0.0,0.0,0.0,0.0,0.0,0.0,0.0,0.0,0.0,0.0,0.0,0.0,0.0,-5.0,117605.5,0.0,0.0,0.0,0.0,0.0,0.0,100.0,0.7253474221334146,0.7640041318115623,0.8326446980729502,0.7313108905973065,0.7504402750025401,0.7338565832401982,0.733918673304659,0.7339327846829455,0.7313108905973065,0.7313108905973065,0.8373042751831656,0.7320841941274088,0.8372478296700195,0.8488360935189262,0.8371095381628114,0.7313108905973065,0.7313108905973065,0.7313108905973065,0.7313108905973065,0.7317172982919588,0.7688697350447613,0,3.08876713952118,23,2
0.11594190627786997,0.0018203677989636605,0.00859665165216017,0.09515866833745386,0.31506192072792133,0.13522933811991286,0.2703796525214211,5.080096183154401e-05,0.0061469163816168255,9.0,0.06546268387125907,0.04003115792325668,2.0,0.0,0.0,0.0,2.0,0.0,98.0,8.0,0.0,0.0,0.0,262.04165649414057,0.0416660010814666,0.0,26.0,0.0,0.0,0.0,0.0,0.5770283695149072,0.5770283695149072,0.5770283695149072,0.32066978245899236,0.60925311297005,0.3209435431977512,0.7118428331131958,0.7118371885618812,0.7118371885618812,1.0,1.0,1.0,1.0,1.0,1.0,1.0,1.0,1.0,0.0,0.0,0.0,1.0,1.0,1.0,1.0,1.0,2.0,2.0,1.0,1.0,0.0,0.0,1.0,0.0,0.0,1.0,1.0,1.0,1.0,2.0,2.0,2.0,1.0,1.0,0.0,1.0,1.0,0.0,0.0,1.0,1.0,1.0,1.0,1.0,1.0,1.0,1.0,1.0,1.0,0.0,0.0,1.0,0.0,0.0,1.0,1.0,1.0,1.0,1.0,1.0,2.0,2.0,2.0,1.0,0.0,0.0,1.0,0.0,0.0,0.0,0.0,0.0,0.0,0.0,0.0,0.0,0.0,0.0,0.0,1.0,1.0,1.0,1.0,1.0,1.0,1.0,1.0,1.0,1.0,1.0,1.0,1.0,1.0,1.0,1.0,1.0,1.0,1.0,0.0,0.0,0.0,0.0,0.0,0.0,0.0,0.0,0.0,0.0,0.0,0.0,1.0,1.0,0.0,0.0,0.0,0.0,0.0,0.0,1.0,1.0,1.0,1.0,1.0,0.0,0.0,0.0,0.0,1.0,1.0,1.0,2.0,2.0,1.0,1.0,1.0,1.0,2.0,0.0,0.0,0.0,0.0,0.0,0.0,0.0,0.0,1.0,2.0,2.0,2.0,1.0,1.0,1.0,1.0,1.0,2.0,2.0,102.95780181884766,102.95780181884766,102.95780181884766,102.95780181884766,102.95780181884766,102.95780181884766,102.95780181884766,0.0,0.0,0.0,0.0,0.0,0.0,3.0,0.0,0.0,0.0,0.0,1.0,0.0,0.0,1.0,1.0,0.0,2.0,0.0,0.0,0.0,0.0,0.0,0.0,0.0,1.0,1.0,1.0,1.0,0.0,1.0,1.0,2.0,0.0,1.0,0.0,1.0,1.0,0.0,1.0,3.0,1.0,0.0,177.51400756835938,0.0,0.0,12.688199996948242,0.0,0.0,0.0,0.0,164.8258056640625,0.0,0.0,0.0,0.0,0.0,0.0,1.0,1.0,0.0,0.0,0.0,0.0,0.0,0.0,1.0,1.0,0.0,0.0,0.0,0.0,0.0,0.0,0.0,1.0,1.0,1.0,0.0,0.0,0.0,0.0,0.0,0.0,0.0,0.0,0.0,0.0,0.0,0.0,0.0,0.0,0.0,0.0,0.0,0.0,0.0,0.0,0.0,0.0,0.0,0.0,0.0,0.0,0.0,0.0,-10.0,89861.0,0.0,0.0,-2.0,-100.0,0.0,0.0,100.0,0.23774003454465403,0.11191734119054876,0.8326446980729502,0.126260146080988,0.12278592474684187,0.16532326345378806,1.9755929601156004e-05,0.004526930154322033,0.143569162687258,0.1403291902326684,0.8373042751831656,0.0016961876700421084,0.8372478296700195,0.8488360935189262,0.8371095381628114,0.1058635599056231,0.25404432101692237,0.20965556947878214,0.1548639098678046,0.1654474435827096,0.7688697350447613,1,3.77679875215182,1,2
0.11594190627786997,0.0021590408778406206,0.0059916912204648854,0.09515866833745386,0.6530604757227848,0.03314480531942516,0.7271960126889514,0.10986272451202854,0.10986272451202854,9.0,0.38170431582393516,0.10529628249850419,3.0,0.0,0.0,0.0,8.0,155.0,155.0,46.0,19.0,9.0,0.0,46.70833206176758,0.7083330154418945,0.0,26.0,0.0,0.0,0.0,42.0,0.5770283695149072,0.5770283695149072,0.5770283695149072,0.09955577381153972,0.60925311297005,0.3209435431977512,0.7118428331131958,0.7118371885618812,0.7118371885618812,1.0,1.0,1.0,1.0,1.0,1.0,1.0,1.0,1.0,0.0,0.0,0.0,1.0,0.0,0.0,0.0,0.0,1.0,1.0,0.0,0.0,0.0,0.0,0.0,0.0,1.0,1.0,1.0,0.0,1.0,0.0,1.0,1.0,1.0,1.0,0.0,0.0,0.0,0.0,0.0,3.0,3.0,1.0,1.0,1.0,1.0,1.0,1.0,1.0,1.0,0.0,0.0,1.0,0.0,1.0,1.0,1.0,0.0,0.0,1.0,1.0,0.0,1.0,1.0,1.0,0.0,0.0,0.0,0.0,0.0,0.0,0.0,0.0,0.0,0.0,0.0,0.0,0.0,0.0,0.0,1.0,1.0,1.0,1.0,1.0,1.0,1.0,1.0,1.0,1.0,1.0,1.0,1.0,1.0,1.0,1.0,1.0,1.0,1.0,0.0,0.0,0.0,0.0,0.0,0.0,0.0,0.0,0.0,0.0,0.0,0.0,1.0,1.0,0.0,0.0,0.0,0.0,0.0,0.0,1.0,1.0,1.0,1.0,1.0,0.0,0.0,0.0,0.0,0.0,0.0,0.0,1.0,1.0,0.0,0.0,0.0,0.0,1.0,0.0,0.0,0.0,0.0,0.0,0.0,0.0,0.0,1.0,1.0,1.0,1.0,1.0,1.0,1.0,1.0,1.0,1.0,1.0,0.0,0.0,0.0,0.0,0.0,0.0,0.0,0.0,0.0,0.0,0.0,0.0,0.0,0.0,0.0,0.0,1.0,0.0,0.0,0.0,0.0,1.0,1.0,0.0,0.0,0.0,0.0,0.0,0.0,0.0,0.0,0.0,1.0,1.0,1.0,1.0,1.0,1.0,1.0,1.0,1.0,1.0,1.0,1.0,1.0,1.0,1.0,1.0,1.0,0.0,0.0,0.0,0.0,0.0,0.0,0.0,0.0,0.0,0.0,0.0,0.0,0.0,0.0,0.0,0.0,0.0,0.0,0.0,0.0,0.0,0.0,0.0,0.0,1.0,1.0,0.0,0.0,0.0,0.0,0.0,0.0,0.0,0.0,0.0,1.0,0.0,0.0,0.0,0.0,0.0,0.0,0.0,0.0,0.0,0.0,0.0,0.0,0.0,0.0,0.0,0.0,0.0,0.0,0.0,0.0,0.0,0.0,0.0,0.0,0.0,0.0,0.0,0.0,0.0,99161.0,0.0,0.0,0.0,0.0,0.0,0.0,100.0,0.23774003454465403,0.007131890586017317,0.8326446980729502,0.126260146080988,0.12278592474684187,0.09363463948250754,0.006090470868470665,0.045991804111491175,0.143569162687258,0.1403291902326684,0.8373042751831656,0.0056219731093575375,0.8372478296700195,0.8488360935189262,0.8371095381628114,0.1058635599056231,0.25404432101692237,0.20965556947878214,0.1548639098678046,0.10283525812533162,0.00015522516115194004,1,3.5401764089436063,17,3
0.07510639979228051,4.797868617423601e-05,0.0004402750025400481,0.8830928754473307,0.31506192072792133,0.01840405956130547,0.7271960126889514,0.01627606371569524,0.8813487090911144,9.0,0.1693958072272835,0.7444683397116764,1.0,0.0,0.0,0.0,1.0,0.0,98.0,8.0,19.0,9.0,0.0,43.125,0.6666659712791443,10.0,26.0,0.0,0.0,0.0,42.0,0.5770283695149072,0.5770283695149072,0.5770283695149072,0.49442318330115936,0.60925311297005,0.3209435431977512,0.7118428331131958,0.7118371885618812,0.7118371885618812,1.0,1.0,1.0,1.0,1.0,1.0,1.0,1.0,1.0,0.0,1.0,1.0,1.0,0.0,0.0,1.0,1.0,1.0,1.0,1.0,1.0,0.0,0.0,0.0,0.0,1.0,1.0,1.0,0.0,1.0,0.0,1.0,1.0,1.0,1.0,0.0,0.0,0.0,1.0,1.0,1.0,1.0,0.0,0.0,1.0,1.0,0.0,1.0,1.0,1.0,0.0,0.0,0.0,0.0,1.0,1.0,1.0,0.0,0.0,1.0,1.0,0.0,1.0,1.0,1.0,0.0,0.0,0.0,0.0,0.0,0.0,0.0,0.0,0.0,0.0,0.0,0.0,0.0,0.0,0.0,1.0,1.0,1.0,1.0,1.0,1.0,1.0,1.0,1.0,1.0,1.0,1.0,1.0,1.0,1.0,1.0,1.0,1.0,1.0,0.0,0.0,0.0,0.0,0.0,0.0,0.0,0.0,0.0,0.0,0.0,0.0,0.0,0.0,0.0,0.0,18.0,30.0,0.0,0.0,0.0,0.0,0.0,0.0,0.0,0.0,0.0,1675.0,2946.989990234375,0.0,0.0,0.0,1.0,1.0,0.0,0.0,0.0,0.0,1.0,0.0,0.0,0.0,0.0,0.0,0.0,0.0,0.0,1.0,1.0,1.0,1.0,1.0,1.0,1.0,1.0,1.0,1.0,1.0,0.0,0.0,0.0,0.0,0.0,0.0,0.0,0.0,0.0,0.0,0.0,0.0,0.0,0.0,0.0,0.0,1.0,0.0,0.0,0.0,0.0,1.0,1.0,0.0,0.0,0.0,0.0,0.0,0.0,0.0,0.0,0.0,1.0,1.0,1.0,1.0,1.0,1.0,1.0,1.0,1.0,1.0,1.0,1.0,1.0,1.0,1.0,1.0,1.0,0.0,0.0,0.0,0.0,0.0,0.0,0.0,0.0,0.0,0.0,0.0,0.0,0.0,0.0,0.0,0.0,1.0,1.0,0.0,0.0,0.0,0.0,0.0,0.0,1.0,1.0,0.0,0.0,0.0,0.0,0.0,0.0,0.0,1.0,1.0,1.0,0.0,0.0,0.0,0.0,0.0,0.0,0.0,0.0,0.0,0.0,0.0,0.0,0.0,0.0,0.0,0.0,0.0,0.0,0.0,0.0,0.0,0.0,0.0,0.0,0.0,0.0,0.0,0.0,-5.0,210611.0,0.0,0.0,0.0,0.0,0.0,0.0,100.0,0.23774003454465403,0.07440929770492544,0.09010397263521523,0.12329957891647193,0.12677380025061807,0.16532326345378806,0.013865840304354208,0.0019050360686829004,0.12511994671543558,0.12835991917002518,0.0017018322213567243,0.031126878224449938,0.05448685383998826,0.007939061424007406,0.03915343019383389,0.16282554949707048,0.25404432101692237,0.05903353992391145,0.1548639098678046,0.10283525812533162,0.04250347139905849,1,3.58351893845611,3,1
0.7115944728553527,0.005198631760761337,0.06278434427247379,0.8830928754473307,0.6530604757227848,0.5046285320779851,0.7271960126889514,0.07061615922150348,0.8813487090911144,9.0,0.38170431582393516,0.7444683397116764,5.0,0.0,3.0,4.0,11.0,0.0,98.0,0.0,266.0,0.0,0.0,43.125,0.6666659712791443,0.0,0.0,0.0,0.0,0.0,0.0,0.4229518745554916,0.04524107878664725,0.09193562953680812,0.32066978245899236,0.17509115950373105,0.3673728000361251,0.24924927467515606,0.10557004323726307,0.2421710073266276,1.0,1.0,1.0,1.0,1.0,1.0,1.0,1.0,1.0,0.0,1.0,1.0,1.0,0.0,0.0,1.0,1.0,1.0,1.0,1.0,1.0,0.0,0.0,0.0,0.0,0.0,2.0,2.0,0.0,1.0,0.0,1.0,1.0,2.0,2.0,0.0,0.0,0.0,1.0,1.0,1.0,1.0,0.0,0.0,1.0,1.0,0.0,1.0,1.0,1.0,0.0,0.0,0.0,1.0,1.0,1.0,1.0,0.0,0.0,1.0,1.0,0.0,1.0,1.0,1.0,0.0,0.0,0.0,1.0,1.0,1.0,0.0,0.0,0.0,0.0,0.0,0.0,1.0,1.0,1.0,1.0,1.0,1.0,1.0,1.0,1.0,1.0,1.0,1.0,1.0,1.0,1.0,1.0,1.0,1.0,1.0,1.0,1.0,1.0,87.0,87.0,87.0,0.0,0.0,0.0,0.0,0.0,0.0,87.0,87.0,0.0,1.0,1.0,0.0,0.0,0.0,0.0,0.0,0.0,1.0,1.0,1.0,1.0,1.0,0.0,0.0,0.0,0.0,0.0,0.0,0.0,1.0,1.0,0.0,0.0,0.0,0.0,1.0,0.0,0.0,0.0,0.0,0.0,0.0,0.0,0.0,1.0,1.0,1.0,1.0,1.0,1.0,1.0,1.0,1.0,1.0,1.0,0.0,0.0,0.0,0.0,0.0,0.0,0.0,0.0,0.0,0.0,0.0,0.0,0.0,0.0,0.0,0.0,1.0,0.0,0.0,0.0,0.0,1.0,1.0,0.0,0.0,0.0,0.0,0.0,0.0,0.0,0.0,0.0,1.0,1.0,1.0,1.0,1.0,1.0,1.0,1.0,1.0,1.0,1.0,1.0,1.0,1.0,1.0,1.0,1.0,0.0,0.0,0.0,0.0,0.0,0.0,0.0,0.0,0.0,0.0,0.0,0.0,0.0,1.0,1.0,0.0,2.0,2.0,0.0,0.0,0.0,0.0,0.0,0.0,1.0,1.0,0.0,1.0,1.0,1.0,1.0,1.0,1.0,0.0,0.0,1.0,87.0,87.0,87.0,0.0,0.0,0.0,0.0,0.0,0.0,0.0,0.0,0.0,87.0,87.0,0.0,0.0,0.0,0.0,0.0,0.0,0.0,0.0,0.0,0.0,0.0,0.0,0.0,0.0,-5.0,117605.5,0.0,0.0,0.0,0.0,0.0,0.0,100.0,0.7253474221334146,0.7640041318115623,0.8326446980729502,0.7313108905973065,0.7504402750025401,0.7338565832401982,0.733918673304659,0.7339327846829455,0.7313108905973065,0.7313108905973065,0.8373042751831656,0.7320841941274088,0.8372478296700195,0.8488360935189262,0.8371095381628114,0.7313108905973065,0.7313108905973065,0.7313108905973065,0.7313108905973065,0.7317172982919588,0.7688697350447613,0,4.477336814478207,4,0
0.7115944728553527,0.00010442419932039602,0.07187207188900555,0.8830928754473307,0.6530604757227848,0.5046285320779851,0.7271960126889514,0.07061615922150348,0.8813487090911144,5.0,0.1693958072272835,0.7444683397116764,1.0,0.0,0.0,1.0,1.0,0.0,98.0,8.0,0.0,9.0,0.0,43.125,0.6666659712791443,0.0,0.0,0.0,0.0,0.0,0.0,0.4229518745554916,0.3777305516984455,0.09193562953680812,0.32066978245899236,0.21565572752621895,0.31168365676612364,0.24924927467515606,0.10557004323726307,0.2421710073266276,1.0,1.0,1.0,1.0,1.0,1.0,1.0,1.0,1.0,0.0,1.0,1.0,1.0,0.0,0.0,1.0,1.0,1.0,1.0,1.0,1.0,0.0,0.0,0.0,1.0,1.0,1.0,1.0,0.0,1.0,0.0,1.0,1.0,1.0,1.0,0.0,0.0,0.0,1.0,1.0,1.0,1.0,0.0,0.0,1.0,1.0,0.0,1.0,1.0,1.0,0.0,0.0,0.0,1.0,1.0,1.0,1.0,0.0,0.0,1.0,1.0,0.0,1.0,1.0,1.0,0.0,0.0,0.0,0.0,0.0,0.0,0.0,0.0,0.0,0.0,0.0,0.0,0.0,0.0,0.0,1.0,1.0,1.0,1.0,1.0,1.0,1.0,1.0,1.0,1.0,1.0,1.0,1.0,1.0,1.0,1.0,1.0,1.0,1.0,0.0,0.0,0.0,0.0,0.0,0.0,0.0,0.0,0.0,0.0,0.0,0.0,1.0,1.0,0.0,0.0,0.0,0.0,0.0,0.0,1.0,1.0,1.0,1.0,1.0,0.0,0.0,0.0,0.0,0.0,0.0,0.0,1.0,1.0,0.0,0.0,0.0,0.0,1.0,0.0,0.0,0.0,0.0,0.0,0.0,0.0,0.0,1.0,1.0,1.0,1.0,1.0,1.0,1.0,1.0,1.0,1.0,1.0,0.0,0.0,0.0,0.0,0.0,0.0,0.0,0.0,0.0,0.0,0.0,0.0,0.0,0.0,0.0,0.0,1.0,0.0,0.0,0.0,0.0,1.0,1.0,0.0,0.0,0.0,0.0,0.0,0.0,0.0,0.0,0.0,1.0,1.0,1.0,1.0,1.0,1.0,1.0,1.0,1.0,1.0,1.0,1.0,1.0,1.0,1.0,1.0,1.0,0.0,0.0,0.0,0.0,0.0,0.0,0.0,0.0,0.0,0.0,0.0,0.0,0.0,0.0,0.0,0.0,1.0,1.0,0.0,0.0,0.0,0.0,0.0,0.0,1.0,1.0,0.0,0.0,0.0,0.0,0.0,0.0,0.0,0.0,0.0,1.0,0.0,0.0,0.0,0.0,0.0,0.0,0.0,0.0,0.0,0.0,0.0,0.0,0.0,0.0,0.0,0.0,0.0,0.0,0.0,0.0,0.0,0.0,0.0,0.0,0.0,0.0,0.0,0.0,-5.0,117605.5,0.0,0.0,0.0,0.0,0.0,0.0,100.0,0.7253474221334146,0.7640041318115623,0.8326446980729502,0.7313108905973065,0.7504402750025401,0.7338565832401982,0.733918673304659,0.7339327846829455,0.7313108905973065,0.7313108905973065,0.8373042751831656,0.7320841941274088,0.8372478296700195,0.8488360935189262,0.8371095381628114,0.7313108905973065,0.7313108905973065,0.7313108905973065,0.7313108905973065,0.7317172982919588,0.7688697350447613,0,3.624340932976365,22,5
0.7115944728553527,0.025908490534087444,0.029210553053137807,0.8830928754473307,0.31506192072792133,0.09485104029080728,0.7271960126889514,0.041933371716282274,0.8813487090911144,9.0,0.38170431582393516,0.7444683397116764,2.0,0.0,0.0,1.0,10.0,6.0,6.0,2.0,240.0,2.0,0.0,43.125,0.6666659712791443,0.0,247.0,0.0,0.0,0.0,247.0,0.4229518745554916,0.3777305516984455,0.3310360009482846,0.32066978245899236,0.17509115950373105,0.3673728000361251,0.24924927467515606,0.10557004323726307,0.2421710073266276,1.0,1.0,1.0,1.0,1.0,1.0,1.0,1.0,1.0,0.0,1.0,1.0,1.0,0.0,0.0,1.0,1.0,1.0,1.0,1.0,1.0,0.0,0.0,0.0,0.0,0.0,1.0,1.0,0.0,1.0,0.0,1.0,1.0,1.0,1.0,0.0,0.0,0.0,1.0,1.0,1.0,2.0,0.0,0.0,1.0,2.0,0.0,1.0,1.0,1.0,0.0,0.0,0.0,1.0,1.0,1.0,1.0,0.0,0.0,1.0,2.0,0.0,1.0,1.0,1.0,0.0,0.0,0.0,0.0,0.0,0.0,0.0,0.0,0.0,0.0,0.0,0.0,0.0,0.0,0.0,1.0,1.0,1.0,1.0,1.0,1.0,1.0,1.0,1.0,1.0,1.0,1.0,1.0,1.0,1.0,1.0,1.0,1.0,1.0,0.0,0.0,0.0,0.0,0.0,0.0,0.0,0.0,0.0,0.0,0.0,0.0,1.0,1.0,0.0,0.0,0.0,0.0,0.0,0.0,1.0,1.0,1.0,1.0,1.0,0.0,0.0,0.0,0.0,0.0,0.0,0.0,1.0,1.0,0.0,0.0,0.0,0.0,1.0,0.0,0.0,0.0,0.0,0.0,0.0,0.0,0.0,1.0,1.0,1.0,1.0,1.0,1.0,1.0,1.0,1.0,1.0,1.0,0.0,0.0,0.0,0.0,0.0,0.0,0.0,0.0,0.0,0.0,0.0,0.0,0.0,0.0,0.0,0.0,1.0,0.0,0.0,0.0,0.0,1.0,1.0,0.0,0.0,0.0,0.0,0.0,0.0,0.0,0.0,0.0,1.0,1.0,1.0,1.0,1.0,1.0,1.0,1.0,1.0,1.0,1.0,1.0,1.0,1.0,1.0,1.0,1.0,0.0,0.0,0.0,0.0,0.0,0.0,0.0,0.0,0.0,0.0,0.0,0.0,0.0,0.0,2.0,0.0,1.0,3.0,0.0,2.0,0.0,2.0,1.0,2.0,1.0,2.0,0.0,0.0,0.0,0.0,0.0,0.0,0.0,0.0,0.0,1.0,0.0,176.0,176.0,0.0,176.0,0.0,176.0,117.0,176.0,176.0,0.0,0.0,0.0,0.0,0.0,0.0,0.0,0.0,0.0,0.0,0.0,0.0,0.0,0.0,0.0,0.0,0.0,0.0,-5.0,117605.5,0.0,0.0,0.0,0.0,0.0,0.0,100.0,0.7253474221334146,0.7640041318115623,0.8326446980729502,0.7313108905973065,0.7504402750025401,0.7338565832401982,0.733918673304659,0.7339327846829455,0.7313108905973065,0.7313108905973065,0.8373042751831656,0.7320841941274088,0.8372478296700195,0.8488360935189262,0.8371095381628114,0.7313108905973065,0.7313108905973065,0.7313108905973065,0.7313108905973065,0.7317172982919588,0.7688697350447613,0,3.6888794541139363,20,2
0.7115944728553527,0.005037762048294781,0.011986204716587078,0.8830928754473307,0.31506192072792133,0.13522933811991286,0.7271960126889514,0.03876395615312539,0.8813487090911144,17.0,0.38170431582393516,0.7444683397116764,2.0,0.0,2.0,2.0,4.0,0.0,98.0,8.0,525.0,371.0,0.0,43.125,0.6666659712791443,0.0,0.0,0.0,0.0,0.0,525.0,0.4229518745554916,0.3777305516984455,0.3310360009482846,0.49442318330115936,0.60925311297005,0.3673728000361251,0.24924927467515606,0.1825927682008557,0.2421710073266276,1.0,1.0,1.0,1.0,1.0,1.0,1.0,1.0,1.0,1.0,1.0,1.0,1.0,0.0,0.0,1.0,1.0,1.0,1.0,1.0,1.0,0.0,1.0,0.0,0.0,0.0,1.0,1.0,0.0,1.0,0.0,1.0,1.0,1.0,1.0,0.0,0.0,0.0,1.0,1.0,1.0,1.0,0.0,0.0,1.0,1.0,0.0,1.0,1.0,1.0,0.0,1.0,0.0,0.0,0.0,1.0,1.0,0.0,0.0,1.0,1.0,0.0,1.0,1.0,1.0,0.0,0.0,0.0,0.0,0.0,0.0,0.0,0.0,0.0,0.0,0.0,0.0,0.0,0.0,0.0,1.0,1.0,1.0,1.0,1.0,1.0,1.0,1.0,1.0,1.0,1.0,1.0,1.0,1.0,1.0,1.0,1.0,1.0,1.0,0.0,0.0,0.0,0.0,0.0,0.0,0.0,0.0,0.0,0.0,0.0,0.0,1.0,1.0,0.0,0.0,0.0,0.0,0.0,0.0,1.0,1.0,1.0,1.0,1.0,0.0,0.0,0.0,0.0,0.0,0.0,0.0,1.0,1.0,0.0,0.0,0.0,0.0,1.0,0.0,0.0,0.0,0.0,0.0,0.0,0.0,0.0,1.0,1.0,1.0,1.0,1.0,1.0,1.0,1.0,1.0,1.0,1.0,0.0,0.0,0.0,0.0,0.0,0.0,0.0,0.0,0.0,0.0,0.0,0.0,0.0,0.0,0.0,0.0,1.0,0.0,0.0,0.0,0.0,1.0,1.0,0.0,0.0,0.0,0.0,0.0,0.0,0.0,0.0,0.0,1.0,1.0,1.0,1.0,1.0,1.0,1.0,1.0,1.0,1.0,1.0,1.0,1.0,1.0,1.0,1.0,1.0,0.0,0.0,0.0,0.0,0.0,0.0,0.0,0.0,0.0,0.0,0.0,0.0,0.0,0.0,0.0,0.0,1.0,1.0,0.0,0.0,0.0,0.0,0.0,0.0,1.0,1.0,0.0,0.0,0.0,0.0,0.0,0.0,0.0,0.0,0.0,1.0,0.0,0.0,0.0,0.0,0.0,0.0,0.0,0.0,0.0,0.0,0.0,0.0,0.0,0.0,0.0,0.0,0.0,0.0,0.0,0.0,0.0,0.0,0.0,0.0,0.0,0.0,0.0,0.0,-5.0,117605.5,0.0,0.0,0.0,0.0,0.0,0.0,100.0,0.7253474221334146,0.7640041318115623,0.8326446980729502,0.7313108905973065,0.7504402750025401,0.7338565832401982,0.733918673304659,0.7339327846829455,0.7313108905973065,0.7313108905973065,0.8373042751831656,0.7320841941274088,0.8372478296700195,0.8488360935189262,0.8371095381628114,0.7313108905973065,0.7313108905973065,0.7313108905973065,0.7313108905973065,0.7317172982919588,0.7688697350447613,0,4.233381604239311,23,6
0.11594190627786997,0.017591244172000767,0.027421230286404533,0.09515866833745386,0.6530604757227848,0.03314480531942516,0.7271960126889514,0.10986272451202854,0.10986272451202854,9.0,0.07852699788893781,0.04876610108262494,2.0,0.0,0.0,0.0,1.0,9.0,98.0,0.0,9.0,0.0,9.0,4.583333015441895,0.5833330154418945,0.0,26.0,9.0,0.0,0.0,0.0,0.5770283695149072,0.5770283695149072,0.5770283695149072,0.09955577381153972,0.60925311297005,0.3209435431977512,0.7118428331131958,0.7118371885618812,0.7118371885618812,1.0,1.0,1.0,1.0,1.0,1.0,1.0,1.0,1.0,0.0,0.0,0.0,1.0,1.0,1.0,1.0,1.0,1.0,1.0,1.0,1.0,0.0,0.0,1.0,0.0,0.0,1.0,1.0,1.0,1.0,1.0,2.0,2.0,1.0,1.0,0.0,1.0,1.0,0.0,0.0,1.0,1.0,1.0,1.0,1.0,1.0,1.0,1.0,1.0,1.0,0.0,0.0,1.0,0.0,0.0,1.0,1.0,1.0,1.0,1.0,1.0,1.0,1.0,1.0,1.0,0.0,0.0,1.0,0.0,0.0,0.0,0.0,0.0,0.0,0.0,0.0,0.0,0.0,0.0,0.0,1.0,1.0,1.0,1.0,1.0,1.0,1.0,1.0,1.0,1.0,1.0,1.0,1.0,1.0,1.0,1.0,1.0,1.0,1.0,0.0,0.0,0.0,0.0,0.0,0.0,0.0,0.0,0.0,0.0,0.0,0.0,1.0,1.0,0.0,0.0,0.0,0.0,0.0,0.0,1.0,1.0,1.0,1.0,1.0,0.0,0.0,0.0,0.0,0.0,0.0,0.0,1.0,1.0,0.0,0.0,0.0,0.0,1.0,0.0,0.0,0.0,0.0,0.0,0.0,0.0,0.0,1.0,1.0,1.0,1.0,1.0,1.0,1.0,1.0,1.0,1.0,1.0,0.0,0.0,0.0,0.0,0.0,0.0,0.0,0.0,0.0,0.0,0.0,0.0,0.0,0.0,0.0,0.0,1.0,0.0,0.0,0.0,0.0,1.0,1.0,0.0,0.0,0.0,0.0,0.0,0.0,0.0,0.0,0.0,1.0,1.0,1.0,1.0,1.0,1.0,1.0,1.0,1.0,1.0,1.0,1.0,1.0,1.0,1.0,1.0,1.0,0.0,0.0,0.0,0.0,0.0,0.0,0.0,0.0,0.0,0.0,0.0,0.0,0.0,2.0,2.0,0.0,1.0,1.0,0.0,0.0,0.0,0.0,0.0,0.0,2.0,3.0,2.0,0.0,0.0,0.0,0.0,0.0,0.0,2.0,2.0,1.0,113.80159759521484,170.702392578125,113.80159759521484,0.0,0.0,0.0,0.0,0.0,0.0,0.0,113.80159759521484,113.80159759521484,0.0,0.0,0.0,0.0,0.0,0.0,0.0,0.0,0.0,0.0,0.0,0.0,0.0,0.0,0.0,0.0,-5.0,108611.0,0.0,0.0,0.0,0.0,0.0,0.0,93.33000183105467,0.23774003454465403,0.11191734119054876,0.8326446980729502,0.12329957891647193,0.12677380025061807,0.09363463948250754,0.014726634379833146,0.0029323444079430126,0.143569162687258,0.1403291902326684,0.8373042751831656,0.06130264955238708,0.8372478296700195,0.8488360935189262,0.8371095381628114,0.1058635599056231,0.25404432101692237,0.20965556947878214,0.1548639098678046,0.1654474435827096,0.7688697350447613,1,4.0587346555869726,14,0
0.7115944728553527,0.0017187658753005724,0.01705218952145494,0.8830928754473307,0.6530604757227848,0.5046285320779851,0.7271960126889514,0.008167665752249354,0.8813487090911144,9.0,0.1693958072272835,0.7444683397116764,1.0,0.0,1.0,0.0,1.0,0.0,98.0,8.0,491.0,425.0,0.0,43.125,0.6666659712791443,491.0,26.0,0.0,0.0,0.0,491.0,0.5770283695149072,0.5770283695149072,0.5770283695149072,0.49442318330115936,0.60925311297005,0.31168365676612364,0.7118428331131958,0.7118371885618812,0.7118371885618812,1.0,1.0,1.0,1.0,1.0,1.0,1.0,1.0,1.0,0.0,1.0,1.0,1.0,0.0,0.0,1.0,1.0,1.0,1.0,1.0,1.0,0.0,1.0,0.0,1.0,1.0,1.0,1.0,0.0,1.0,0.0,1.0,1.0,1.0,1.0,1.0,0.0,0.0,0.0,0.0,1.0,1.0,0.0,0.0,1.0,1.0,0.0,1.0,1.0,1.0,0.0,1.0,0.0,1.0,1.0,1.0,1.0,0.0,0.0,1.0,1.0,0.0,1.0,1.0,1.0,0.0,1.0,0.0,0.0,0.0,0.0,0.0,0.0,0.0,0.0,0.0,0.0,0.0,0.0,0.0,1.0,1.0,1.0,1.0,1.0,1.0,1.0,1.0,1.0,1.0,1.0,1.0,1.0,1.0,1.0,1.0,1.0,1.0,1.0,0.0,0.0,0.0,0.0,0.0,0.0,0.0,0.0,0.0,0.0,0.0,0.0,1.0,1.0,0.0,0.0,0.0,0.0,0.0,0.0,1.0,1.0,1.0,1.0,1.0,0.0,0.0,0.0,0.0,0.0,0.0,0.0,1.0,1.0,0.0,0.0,0.0,0.0,1.0,0.0,0.0,0.0,0.0,0.0,0.0,0.0,0.0,1.0,1.0,1.0,1.0,1.0,1.0,1.0,1.0,1.0,1.0,1.0,0.0,0.0,0.0,0.0,0.0,0.0,0.0,0.0,0.0,0.0,0.0,0.0,0.0,0.0,0.0,0.0,1.0,0.0,0.0,0.0,0.0,1.0,1.0,0.0,0.0,0.0,0.0,0.0,0.0,0.0,0.0,0.0,1.0,1.0,1.0,1.0,1.0,1.0,1.0,1.0,1.0,1.0,1.0,1.0,1.0,1.0,1.0,1.0,1.0,0.0,0.0,0.0,0.0,0.0,0.0,0.0,0.0,0.0,0.0,0.0,0.0,0.0,0.0,0.0,0.0,1.0,1.0,0.0,0.0,0.0,0.0,0.0,0.0,1.0,1.0,0.0,0.0,0.0,0.0,0.0,0.0,0.0,0.0,0.0,1.0,0.0,0.0,0.0,0.0,0.0,0.0,0.0,0.0,0.0,0.0,0.0,0.0,0.0,0.0,0.0,0.0,0.0,0.0,0.0,0.0,0.0,0.0,0.0,0.0,0.0,0.0,0.0,0.0,-5.0,117605.5,0.0,0.0,0.0,0.0,0.0,0.0,100.0,0.7253474221334146,0.7640041318115623,0.8326446980729502,0.7313108905973065,0.7504402750025401,0.7338565832401982,0.733918673304659,0.7339327846829455,0.7313108905973065,0.7313108905973065,0.8373042751831656,0.7320841941274088,0.8372478296700195,0.8488360935189262,0.8371095381628114,0.7313108905973065,0.7313108905973065,0.7313108905973065,0.7313108905973065,0.7317172982919588,0.7688697350447613,0,4.07668962698338,16,4
0.11594190627786997,0.007380250843860421,0.0024779580271164247,0.09515866833745386,0.6530604757227848,0.03314480531942516,0.7271960126889514,0.10986272451202854,0.10986272451202854,9.0,0.38170431582393516,0.10529628249850419,2.0,0.0,0.0,0.0,1.0,0.0,98.0,8.0,0.0,0.0,0.0,43.125,0.6666659712791443,0.0,26.0,0.0,0.0,0.0,0.0,0.5770283695149072,0.5770283695149072,0.5770283695149072,0.09955577381153972,0.60925311297005,0.3209435431977512,0.7118428331131958,0.7118371885618812,0.7118371885618812,1.0,1.0,1.0,1.0,1.0,1.0,1.0,1.0,1.0,0.0,0.0,0.0,1.0,1.0,1.0,1.0,1.0,1.0,1.0,1.0,1.0,0.0,0.0,1.0,0.0,0.0,2.0,2.0,3.0,1.0,1.0,2.0,2.0,1.0,1.0,0.0,1.0,1.0,0.0,0.0,1.0,1.0,1.0,1.0,1.0,1.0,1.0,1.0,1.0,1.0,0.0,0.0,1.0,0.0,0.0,2.0,2.0,1.0,3.0,1.0,1.0,1.0,2.0,2.0,1.0,0.0,0.0,1.0,0.0,0.0,0.0,0.0,0.0,0.0,0.0,0.0,0.0,0.0,0.0,0.0,1.0,1.0,1.0,1.0,1.0,1.0,1.0,1.0,1.0,1.0,1.0,1.0,1.0,1.0,1.0,1.0,1.0,1.0,1.0,0.0,0.0,0.0,0.0,0.0,0.0,0.0,0.0,0.0,0.0,0.0,0.0,1.0,1.0,0.0,0.0,0.0,0.0,0.0,0.0,1.0,1.0,1.0,1.0,1.0,0.0,0.0,0.0,0.0,0.0,0.0,0.0,1.0,1.0,0.0,0.0,0.0,0.0,1.0,0.0,0.0,0.0,0.0,0.0,0.0,0.0,0.0,1.0,1.0,1.0,1.0,1.0,1.0,1.0,1.0,1.0,1.0,1.0,0.0,0.0,0.0,0.0,0.0,0.0,0.0,0.0,0.0,0.0,0.0,0.0,2.0,2.0,2.0,0.0,3.0,0.0,0.0,0.0,0.0,3.0,3.0,1.0,1.0,1.0,1.0,1.0,1.0,1.0,1.0,1.0,1.0,1.0,1.0,1.0,1.0,2.0,1.0,1.0,1.0,1.0,1.0,2.0,2.0,2.0,0.0,0.0,0.0,55.58639907836914,55.58639907836914,55.58639907836914,0.0,0.0,0.0,0.0,0.0,27.79319953918457,27.79319953918457,27.79319953918457,27.79319953918457,27.79319953918457,0.0,0.0,0.0,1.0,1.0,0.0,0.0,0.0,0.0,0.0,0.0,1.0,1.0,0.0,0.0,0.0,0.0,0.0,0.0,0.0,1.0,1.0,1.0,0.0,0.0,0.0,0.0,0.0,0.0,0.0,0.0,0.0,0.0,0.0,0.0,0.0,0.0,0.0,0.0,0.0,0.0,0.0,0.0,0.0,0.0,0.0,0.0,0.0,0.0,0.0,0.0,-20.0,432852.0,0.0,0.0,0.0,0.0,0.0,0.0,100.0,0.23774003454465403,0.01946241293279597,0.8326446980729502,0.019129384405233627,0.7504402750025401,0.09363463948250754,0.014726634379833146,0.0016623203621544123,0.12511994671543558,0.12835991917002518,0.8373042751831656,0.01613494993282984,0.8372478296700195,0.8488360935189262,0.8371095381628114,0.1058635599056231,0.25404432101692237,0.05903353992391145,0.11382519953488897,0.10283525812533162,0.7688697350447613,1,3.360132302043556,13,6
0.11594190627786997,0.00012135785326424402,0.0059916912204648854,0.09515866833745386,0.6530604757227848,0.020187737776724127,0.2703796525214211,0.10986272451202854,0.10986272451202854,9.0,0.38170431582393516,0.10529628249850419,2.0,0.0,0.0,0.0,1.0,1.0,98.0,0.0,4.0,0.0,4.0,3.625,0.625,0.0,26.0,4.0,4.0,2.0,4.0,0.5770283695149072,0.5770283695149072,0.5770283695149072,0.09955577381153972,0.60925311297005,0.3209435431977512,0.7118428331131958,0.7118371885618812,0.7118371885618812,1.0,1.0,1.0,1.0,1.0,1.0,1.0,1.0,1.0,0.0,0.0,0.0,1.0,1.0,1.0,1.0,1.0,1.0,1.0,1.0,1.0,0.0,0.0,1.0,0.0,0.0,1.0,4.0,1.0,1.0,1.0,1.0,2.0,1.0,1.0,0.0,1.0,1.0,0.0,0.0,2.0,3.0,1.0,1.0,1.0,1.0,1.0,1.0,1.0,1.0,0.0,0.0,1.0,0.0,0.0,1.0,4.0,1.0,1.0,1.0,1.0,1.0,1.0,2.0,1.0,0.0,0.0,1.0,1.0,1.0,1.0,0.0,0.0,0.0,1.0,1.0,1.0,0.0,0.0,0.0,1.0,1.0,1.0,1.0,1.0,1.0,1.0,1.0,1.0,1.0,1.0,1.0,1.0,1.0,1.0,1.0,1.0,1.0,1.0,66.63690185546875,66.63690185546875,66.63690185546875,0.0,0.0,0.0,66.63690185546875,66.63690185546875,66.63690185546875,0.0,0.0,0.0,1.0,1.0,0.0,0.0,0.0,0.0,0.0,0.0,1.0,1.0,1.0,1.0,1.0,0.0,0.0,0.0,0.0,1.0,5.0,0.0,1.0,6.0,0.0,0.0,1.0,1.0,1.0,1.0,2.0,2.0,2.0,0.0,2.0,0.0,2.0,1.0,1.0,1.0,1.0,1.0,1.0,1.0,1.0,1.0,1.0,2.0,66.63690185546875,310.739013671875,0.0,0.0,44.19139862060547,44.19139862060547,44.19139862060547,66.63690185546875,133.2738037109375,0.0,133.2738037109375,133.2738037109375,1.0,4.0,4.0,0.0,3.0,0.0,0.0,0.0,0.0,1.0,3.0,1.0,2.0,2.0,2.0,0.0,2.0,2.0,2.0,2.0,1.0,1.0,1.0,1.0,1.0,1.0,1.0,1.0,1.0,1.0,1.0,1.0,2.0,2.0,1.0,1.0,1.0,66.63690185546875,266.547607421875,266.547607421875,0.0,0.0,0.0,0.0,0.0,66.63690185546875,133.2738037109375,133.2738037109375,133.2738037109375,133.2738037109375,1.0,3.0,0.0,2.0,4.0,0.0,0.0,0.0,0.0,0.0,0.0,1.0,3.0,1.0,2.0,0.0,2.0,2.0,2.0,2.0,1.0,1.0,1.0,66.63690185546875,199.91070556640625,199.91070556640625,0.0,0.0,0.0,0.0,0.0,0.0,0.0,66.63690185546875,66.63690185546875,0.0,133.2738037109375,0.0,0.0,0.0,0.0,0.0,0.0,0.0,0.0,0.0,0.0,0.0,0.0,0.0,0.0,0.0,226611.0,0.0,0.0,0.0,0.0,0.0,0.0,100.0,0.23774003454465403,0.0023170883146498684,0.8326446980729502,0.126260146080988,0.12278592474684187,0.09363463948250754,0.032518260123502785,0.0004035854189950441,0.143569162687258,0.1403291902326684,0.8373042751831656,0.015638229417143632,0.8372478296700195,0.8488360935189262,0.8371095381628114,0.1058635599056231,0.25404432101692237,0.20965556947878214,0.1548639098678046,0.10283525812533162,0.00013546923155078404,1,4.214155170592611,15,2
0.11594190627786997,0.0024328016165994963,0.027421230286404533,0.09515866833745386,0.6530604757227848,0.5046285320779851,0.2703796525214211,0.10986272451202854,0.10986272451202854,9.0,0.07852699788893781,0.04876610108262494,1.0,0.0,0.0,0.0,1.0,0.0,98.0,8.0,0.0,9.0,0.0,43.125,0.6666659712791443,0.0,26.0,0.0,0.0,0.0,0.0,0.5770283695149072,0.5770283695149072,0.5770283695149072,0.09955577381153972,0.60925311297005,0.3209435431977512,0.7118428331131958,0.7118371885618812,0.7118371885618812,1.0,1.0,1.0,1.0,1.0,1.0,1.0,1.0,1.0,0.0,0.0,0.0,1.0,1.0,0.0,1.0,1.0,1.0,1.0,1.0,1.0,0.0,0.0,1.0,0.0,0.0,1.0,1.0,0.0,1.0,0.0,1.0,1.0,1.0,1.0,0.0,1.0,1.0,0.0,0.0,1.0,1.0,1.0,0.0,1.0,1.0,0.0,1.0,1.0,1.0,0.0,0.0,1.0,0.0,0.0,1.0,1.0,1.0,0.0,1.0,1.0,0.0,1.0,1.0,1.0,0.0,0.0,1.0,0.0,0.0,0.0,0.0,0.0,0.0,0.0,0.0,0.0,0.0,0.0,0.0,1.0,1.0,1.0,1.0,1.0,1.0,1.0,1.0,1.0,1.0,1.0,1.0,1.0,1.0,1.0,1.0,1.0,1.0,1.0,0.0,0.0,0.0,0.0,0.0,0.0,0.0,0.0,0.0,0.0,0.0,0.0,1.0,1.0,0.0,0.0,0.0,0.0,0.0,0.0,1.0,1.0,1.0,1.0,1.0,0.0,0.0,0.0,0.0,0.0,0.0,0.0,1.0,1.0,0.0,0.0,0.0,0.0,1.0,0.0,0.0,0.0,0.0,0.0,0.0,0.0,0.0,1.0,1.0,1.0,1.0,1.0,1.0,1.0,1.0,1.0,1.0,1.0,0.0,0.0,0.0,0.0,0.0,0.0,0.0,0.0,0.0,0.0,0.0,0.0,0.0,0.0,0.0,0.0,1.0,0.0,0.0,0.0,0.0,1.0,1.0,0.0,0.0,0.0,0.0,0.0,0.0,0.0,0.0,0.0,1.0,1.0,1.0,1.0,1.0,1.0,1.0,1.0,1.0,1.0,1.0,1.0,1.0,1.0,1.0,1.0,1.0,0.0,0.0,0.0,0.0,0.0,0.0,0.0,0.0,0.0,0.0,0.0,0.0,0.0,0.0,0.0,0.0,1.0,1.0,0.0,0.0,0.0,0.0,0.0,0.0,1.0,1.0,0.0,0.0,0.0,0.0,0.0,0.0,0.0,0.0,0.0,1.0,0.0,0.0,0.0,0.0,0.0,0.0,0.0,0.0,0.0,0.0,0.0,0.0,0.0,0.0,0.0,0.0,0.0,0.0,0.0,0.0,0.0,0.0,0.0,0.0,0.0,0.0,0.0,0.0,-5.0,117605.5,0.0,0.0,0.0,0.0,0.0,0.0,100.0,0.7253474221334146,0.7640041318115623,0.8326446980729502,0.7313108905973065,0.7504402750025401,0.7338565832401982,0.733918673304659,0.7339327846829455,0.7313108905973065,0.7313108905973065,0.8373042751831656,0.7320841941274088,0.8372478296700195,0.8488360935189262,0.8371095381628114,0.7313108905973065,0.7313108905973065,0.7313108905973065,0.7313108905973065,0.7317172982919588,0.7688697350447613,0,5.197922280492881,22,3
0.7115944728553527,0.0012756685971032162,0.004016098260349285,0.8830928754473307,0.31506192072792133,0.028900102730833925,0.7271960126889514,0.06695566769397501,0.8813487090911144,697.0,0.38170431582393516,0.7444683397116764,1.0,0.0,1.0,1.0,1.0,0.0,98.0,8.0,0.0,9.0,0.0,43.125,0.6666659712791443,0.0,0.0,0.0,0.0,0.0,0.0,0.4229518745554916,0.04524107878664725,0.09193562953680812,0.49442318330115936,0.60925311297005,0.31168365676612364,0.24924927467515606,0.1825927682008557,0.045991804111491175,1.0,1.0,1.0,1.0,1.0,1.0,1.0,1.0,1.0,1.0,1.0,1.0,1.0,0.0,0.0,1.0,1.0,1.0,1.0,1.0,1.0,0.0,1.0,0.0,1.0,1.0,1.0,1.0,0.0,1.0,0.0,1.0,1.0,1.0,1.0,1.0,0.0,0.0,1.0,1.0,1.0,1.0,0.0,0.0,1.0,1.0,0.0,1.0,1.0,1.0,0.0,1.0,0.0,1.0,1.0,1.0,1.0,0.0,0.0,1.0,1.0,0.0,1.0,1.0,1.0,0.0,1.0,0.0,0.0,0.0,0.0,0.0,0.0,0.0,0.0,0.0,0.0,0.0,0.0,0.0,1.0,1.0,1.0,1.0,1.0,1.0,1.0,1.0,1.0,1.0,1.0,1.0,1.0,1.0,1.0,1.0,1.0,1.0,1.0,0.0,0.0,0.0,0.0,0.0,0.0,0.0,0.0,0.0,0.0,0.0,0.0,1.0,1.0,0.0,0.0,0.0,0.0,0.0,0.0,1.0,1.0,1.0,1.0,1.0,0.0,0.0,0.0,0.0,0.0,0.0,0.0,1.0,1.0,0.0,0.0,0.0,0.0,1.0,0.0,0.0,0.0,0.0,0.0,0.0,0.0,0.0,1.0,1.0,1.0,1.0,1.0,1.0,1.0,1.0,1.0,1.0,1.0,0.0,0.0,0.0,0.0,0.0,0.0,0.0,0.0,0.0,0.0,0.0,0.0,0.0,0.0,0.0,0.0,1.0,0.0,0.0,0.0,0.0,1.0,1.0,0.0,0.0,0.0,0.0,0.0,0.0,0.0,0.0,0.0,1.0,1.0,1.0,1.0,1.0,1.0,1.0,1.0,1.0,1.0,1.0,1.0,1.0,1.0,1.0,1.0,1.0,0.0,0.0,0.0,0.0,0.0,0.0,0.0,0.0,0.0,0.0,0.0,0.0,0.0,0.0,0.0,0.0,1.0,1.0,0.0,0.0,0.0,0.0,0.0,0.0,1.0,1.0,0.0,0.0,0.0,0.0,0.0,0.0,0.0,0.0,0.0,1.0,0.0,0.0,0.0,0.0,0.0,0.0,0.0,0.0,0.0,0.0,0.0,0.0,0.0,0.0,0.0,0.0,0.0,0.0,0.0,0.0,0.0,0.0,0.0,0.0,0.0,0.0,0.0,0.0,-5.0,117605.5,0.0,0.0,0.0,0.0,0.0,0.0,100.0,0.7253474221334146,0.7640041318115623,0.8326446980729502,0.7313108905973065,0.7504402750025401,0.7338565832401982,0.733918673304659,0.7339327846829455,0.7313108905973065,0.7313108905973065,0.8373042751831656,0.7320841941274088,0.8372478296700195,0.8488360935189262,0.8371095381628114,0.7313108905973065,0.7313108905973065,0.7313108905973065,0.7313108905973065,0.7317172982919588,0.7688697350447613,0,5.496963286261846,19,2
0.7115944728553527,0.0173203057088992,0.08156376649620121,0.8830928754473307,0.6530604757227848,0.5046285320779851,0.7271960126889514,0.08114606969891963,0.8813487090911144,30.0,0.0011317325385805082,0.7444683397116764,1.0,0.0,0.0,1.0,3.0,27.0,27.0,13.0,25.0,13.0,0.0,43.125,0.6666659712791443,26.0,26.0,0.0,0.0,0.0,26.0,0.4229518745554916,0.3777305516984455,0.3310360009482846,0.08535126042830855,0.17509115950373105,0.3673728000361251,0.24924927467515606,0.1825927682008557,0.2421710073266276,1.0,1.0,1.0,1.0,2.0,1.0,1.0,1.0,1.0,0.0,1.0,1.0,1.0,0.0,0.0,1.0,2.0,1.0,1.0,1.0,1.0,0.0,0.0,0.0,1.0,1.0,1.0,1.0,0.0,1.0,0.0,1.0,1.0,1.0,1.0,0.0,0.0,0.0,1.0,1.0,1.0,1.0,0.0,0.0,1.0,2.0,0.0,1.0,1.0,1.0,0.0,0.0,0.0,1.0,1.0,1.0,1.0,0.0,0.0,1.0,2.0,0.0,1.0,1.0,1.0,0.0,0.0,0.0,0.0,3.0,0.0,0.0,2.0,0.0,0.0,1.0,0.0,0.0,0.0,0.0,1.0,1.0,1.0,1.0,1.0,1.0,1.0,1.0,1.0,1.0,1.0,1.0,1.0,1.0,1.0,1.0,1.0,1.0,1.0,0.0,540.0,0.0,0.0,344.0,0.0,0.0,196.0,0.0,0.0,0.0,0.0,1.0,1.0,0.0,0.0,0.0,0.0,0.0,0.0,1.0,1.0,1.0,1.0,1.0,0.0,0.0,0.0,0.0,0.0,0.0,0.0,1.0,1.0,0.0,0.0,0.0,0.0,1.0,0.0,0.0,0.0,0.0,0.0,0.0,0.0,0.0,1.0,1.0,1.0,1.0,1.0,1.0,1.0,1.0,1.0,1.0,1.0,0.0,0.0,0.0,0.0,0.0,0.0,0.0,0.0,0.0,0.0,0.0,0.0,0.0,0.0,0.0,0.0,1.0,0.0,0.0,0.0,0.0,1.0,1.0,0.0,0.0,0.0,0.0,0.0,0.0,0.0,0.0,0.0,1.0,1.0,1.0,1.0,1.0,1.0,1.0,1.0,1.0,1.0,1.0,1.0,1.0,1.0,1.0,1.0,1.0,0.0,0.0,0.0,0.0,0.0,0.0,0.0,0.0,0.0,0.0,0.0,0.0,0.0,0.0,0.0,0.0,1.0,2.0,0.0,2.0,0.0,0.0,1.0,2.0,1.0,1.0,0.0,0.0,0.0,0.0,0.0,0.0,0.0,0.0,0.0,1.0,0.0,540.0,0.0,0.0,344.0,0.0,0.0,295.0,344.0,344.0,0.0,0.0,0.0,0.0,0.0,0.0,0.0,0.0,0.0,0.0,0.0,0.0,0.0,0.0,0.0,0.0,0.0,0.0,-5.0,117605.5,0.0,0.0,0.0,0.0,0.0,0.0,100.0,0.7253474221334146,0.7640041318115623,0.8326446980729502,0.7313108905973065,0.7504402750025401,0.7338565832401982,0.733918673304659,0.7339327846829455,0.7313108905973065,0.7313108905973065,0.8373042751831656,0.7320841941274088,0.8372478296700195,0.8488360935189262,0.8371095381628114,0.7313108905973065,0.7313108905973065,0.7313108905973065,0.7313108905973065,0.7317172982919588,0.7688697350447613,0,5.37989735354046,3,2
0.07953737257425407,3.386730788769601e-05,0.029210553053137807,0.8830928754473307,0.31506192072792133,0.0007958817353608562,0.2703796525214211,0.06695566769397501,0.8813487090911144,9.0,0.06546268387125907,0.04003115792325668,1.0,0.0,0.0,0.0,0.0,0.0,98.0,8.0,19.0,9.0,0.0,43.125,0.6666659712791443,10.0,26.0,0.0,0.0,0.0,42.0,0.5770283695149072,0.5770283695149072,0.5770283695149072,0.49442318330115936,0.60925311297005,0.3209435431977512,0.7118428331131958,0.7118371885618812,0.7118371885618812,1.0,1.0,1.0,1.0,1.0,1.0,1.0,1.0,1.0,0.0,1.0,1.0,1.0,0.0,0.0,1.0,1.0,1.0,1.0,1.0,1.0,0.0,0.0,0.0,0.0,1.0,1.0,1.0,0.0,1.0,0.0,1.0,1.0,1.0,1.0,0.0,0.0,0.0,1.0,1.0,1.0,1.0,0.0,0.0,1.0,1.0,0.0,1.0,1.0,1.0,0.0,0.0,0.0,0.0,1.0,1.0,1.0,0.0,0.0,1.0,1.0,0.0,1.0,1.0,1.0,0.0,0.0,0.0,0.0,0.0,0.0,0.0,0.0,0.0,0.0,0.0,0.0,0.0,0.0,0.0,1.0,1.0,1.0,1.0,1.0,1.0,1.0,1.0,1.0,1.0,1.0,1.0,1.0,1.0,1.0,1.0,1.0,1.0,1.0,0.0,0.0,0.0,0.0,0.0,0.0,0.0,0.0,0.0,0.0,0.0,0.0,1.0,1.0,0.0,0.0,0.0,0.0,0.0,0.0,1.0,1.0,1.0,1.0,1.0,0.0,0.0,0.0,0.0,0.0,0.0,0.0,1.0,1.0,0.0,0.0,0.0,0.0,1.0,0.0,0.0,0.0,0.0,0.0,0.0,0.0,0.0,1.0,1.0,1.0,1.0,1.0,1.0,1.0,1.0,1.0,1.0,1.0,0.0,0.0,0.0,0.0,0.0,0.0,0.0,0.0,0.0,0.0,0.0,0.0,0.0,0.0,0.0,0.0,0.0,0.0,0.0,0.0,0.0,1.0,1.0,0.0,0.0,0.0,22.0,0.0,0.0,0.0,0.0,0.0,1.0,1.0,1.0,1.0,0.0,1.0,1.0,1.0,0.0,1.0,0.0,1.0,1.0,0.0,1.0,1.0,1.0,0.0,0.0,0.0,0.0,0.0,0.0,0.0,0.0,0.0,0.0,0.0,0.0,0.0,0.0,0.0,0.0,1.0,1.0,0.0,0.0,0.0,0.0,0.0,0.0,1.0,1.0,0.0,0.0,0.0,0.0,0.0,0.0,0.0,0.0,0.0,1.0,0.0,0.0,0.0,0.0,0.0,0.0,0.0,0.0,0.0,0.0,0.0,0.0,0.0,0.0,0.0,0.0,0.0,0.0,0.0,0.0,0.0,0.0,0.0,0.0,0.0,0.0,0.0,0.0,-5.0,117605.5,0.0,0.0,0.0,0.0,0.0,0.0,100.0,0.7253474221334146,0.7640041318115623,0.8326446980729502,0.7313108905973065,0.7504402750025401,0.7338565832401982,0.733918673304659,0.7339327846829455,0.7313108905973065,0.7313108905973065,0.8373042751831656,0.7320841941274088,0.8372478296700195,0.8488360935189262,0.8371095381628114,0.7313108905973065,0.7313108905973065,0.7313108905973065,0.7313108905973065,0.7317172982919588,0.7688697350447613,0,4.61512051684126,21,6
0.7115944728553527,6.209006446077601e-05,0.0007817703570743162,0.8830928754473307,0.31506192072792133,0.04845282848466376,0.2703796525214211,0.08114606969891963,0.8813487090911144,9.0,0.38170431582393516,0.7444683397116764,2.0,0.0,0.0,1.0,5.0,16.0,16.0,9.0,28.0,11.0,0.0,43.125,0.6666659712791443,28.0,26.0,0.0,0.0,0.0,28.0,0.5770283695149072,0.5770283695149072,0.5770283695149072,0.32066978245899236,0.17509115950373105,0.31168365676612364,0.7118428331131958,0.7118371885618812,0.7118371885618812,1.0,1.0,1.0,1.0,1.0,1.0,1.0,1.0,1.0,0.0,1.0,1.0,1.0,0.0,0.0,1.0,1.0,1.0,1.0,1.0,1.0,0.0,0.0,0.0,1.0,1.0,1.0,1.0,0.0,1.0,0.0,1.0,1.0,1.0,1.0,0.0,0.0,0.0,1.0,1.0,1.0,1.0,0.0,0.0,0.0,1.0,0.0,1.0,1.0,1.0,0.0,0.0,0.0,1.0,1.0,1.0,1.0,0.0,0.0,1.0,1.0,0.0,1.0,1.0,1.0,0.0,0.0,0.0,0.0,1.0,0.0,0.0,1.0,0.0,0.0,0.0,0.0,0.0,0.0,0.0,1.0,1.0,2.0,1.0,1.0,1.0,1.0,1.0,2.0,1.0,1.0,1.0,1.0,1.0,1.0,1.0,1.0,2.0,1.0,0.0,78.5,0.0,0.0,78.5,0.0,0.0,0.0,0.0,0.0,0.0,0.0,1.0,1.0,0.0,0.0,0.0,0.0,0.0,0.0,1.0,1.0,1.0,1.0,1.0,0.0,0.0,0.0,0.0,0.0,0.0,0.0,1.0,1.0,0.0,0.0,0.0,0.0,1.0,0.0,0.0,0.0,0.0,0.0,0.0,0.0,0.0,1.0,1.0,1.0,1.0,1.0,1.0,1.0,1.0,1.0,1.0,1.0,0.0,0.0,0.0,0.0,0.0,0.0,0.0,0.0,0.0,0.0,0.0,0.0,0.0,0.0,0.0,0.0,1.0,0.0,0.0,0.0,0.0,1.0,1.0,0.0,0.0,0.0,0.0,0.0,0.0,0.0,0.0,0.0,1.0,1.0,1.0,1.0,1.0,1.0,1.0,1.0,1.0,1.0,1.0,1.0,1.0,1.0,1.0,1.0,1.0,0.0,0.0,0.0,0.0,0.0,0.0,0.0,0.0,0.0,0.0,0.0,0.0,0.0,0.0,0.0,0.0,1.0,3.0,0.0,2.0,0.0,0.0,1.0,1.0,1.0,2.0,0.0,0.0,0.0,0.0,0.0,0.0,0.0,0.0,0.0,1.0,0.0,557.0,0.0,0.0,323.0,0.0,0.0,226.0,323.0,226.0,0.0,0.0,0.0,0.0,0.0,0.0,0.0,0.0,0.0,0.0,0.0,0.0,0.0,0.0,0.0,0.0,0.0,0.0,-5.0,117605.5,0.0,0.0,0.0,0.0,0.0,0.0,100.0,0.7253474221334146,0.7640041318115623,0.8326446980729502,0.7313108905973065,0.7504402750025401,0.7338565832401982,0.733918673304659,0.7339327846829455,0.7313108905973065,0.7313108905973065,0.8373042751831656,0.7320841941274088,0.8372478296700195,0.8488360935189262,0.8371095381628114,0.7313108905973065,0.7313108905973065,0.7313108905973065,0.7313108905973065,0.7317172982919588,0.7688697350447613,0,4.695924549256556,20,2
0.7115944728553527,0.00011571330194962803,0.004016098260349285,0.8830928754473307,0.31506192072792133,0.0017328772535871123,0.7271960126889514,0.013981553606303834,0.8813487090911144,297.0,0.38170431582393516,0.7444683397116764,6.0,0.0,5.0,3.0,17.0,0.0,98.0,0.0,0.0,9.0,0.0,43.125,0.6666659712791443,7.0,0.0,0.0,0.0,0.0,7.0,0.4229518745554916,0.3777305516984455,0.3310360009482846,0.08535126042830855,0.17509115950373105,0.3673728000361251,0.24924927467515606,0.1825927682008557,0.045991804111491175,1.0,1.0,1.0,1.0,1.0,1.0,1.0,1.0,1.0,0.0,0.0,0.0,1.0,0.0,0.0,0.0,0.0,1.0,1.0,1.0,1.0,0.0,1.0,0.0,1.0,1.0,1.0,1.0,0.0,1.0,0.0,1.0,1.0,1.0,1.0,0.0,0.0,0.0,1.0,1.0,1.0,1.0,0.0,0.0,1.0,1.0,0.0,1.0,1.0,1.0,0.0,0.0,0.0,0.0,0.0,1.0,1.0,0.0,0.0,0.0,0.0,0.0,1.0,1.0,1.0,0.0,1.0,0.0,2.0,3.0,2.0,0.0,1.0,0.0,1.0,1.0,1.0,1.0,1.0,1.0,1.0,1.0,1.0,1.0,1.0,1.0,1.0,1.0,1.0,1.0,1.0,1.0,1.0,1.0,1.0,1.0,1.0,2.0,1.0,100.0,125.0,100.0,0.0,25.0,0.0,50.0,50.0,50.0,50.0,50.0,0.0,1.0,1.0,0.0,0.0,0.0,0.0,0.0,0.0,1.0,1.0,1.0,1.0,1.0,0.0,0.0,0.0,0.0,0.0,0.0,0.0,1.0,1.0,0.0,0.0,0.0,0.0,1.0,0.0,0.0,0.0,0.0,0.0,0.0,0.0,0.0,1.0,1.0,1.0,1.0,1.0,1.0,1.0,1.0,1.0,1.0,1.0,0.0,0.0,0.0,0.0,0.0,0.0,0.0,0.0,0.0,0.0,0.0,0.0,0.0,0.0,0.0,0.0,1.0,0.0,0.0,0.0,0.0,1.0,1.0,0.0,0.0,0.0,0.0,0.0,0.0,0.0,0.0,0.0,1.0,1.0,1.0,1.0,1.0,1.0,1.0,1.0,1.0,1.0,1.0,1.0,1.0,1.0,1.0,1.0,1.0,0.0,0.0,0.0,0.0,0.0,0.0,0.0,0.0,0.0,0.0,0.0,0.0,0.0,2.0,2.0,0.0,3.0,3.0,0.0,0.0,0.0,0.0,0.0,0.0,1.0,1.0,1.0,1.0,1.0,1.0,1.0,1.0,1.0,0.0,0.0,1.0,100.0,100.0,100.0,0.0,0.0,0.0,0.0,0.0,0.0,0.0,50.0,50.0,50.0,50.0,0.0,0.0,0.0,0.0,0.0,0.0,0.0,0.0,0.0,0.0,0.0,0.0,0.0,0.0,-5.0,117605.5,0.0,0.0,0.0,0.0,0.0,0.0,100.0,0.7253474221334146,0.7640041318115623,0.8326446980729502,0.7313108905973065,0.7504402750025401,0.7338565832401982,0.733918673304659,0.7339327846829455,0.7313108905973065,0.7313108905973065,0.8373042751831656,0.7320841941274088,0.8372478296700195,0.8488360935189262,0.8371095381628114,0.7313108905973065,0.7313108905973065,0.7313108905973065,0.7313108905973065,0.7317172982919588,0.7688697350447613,0,3.9318256327243257,21,3
0.07953737257425407,0.0025626262968356647,0.07636513473543988,0.8830928754473307,0.6530604757227848,0.5046285320779851,0.7271960126889514,0.0269160429437464,0.8813487090911144,9.0,0.1693958072272835,0.10529628249850419,1.0,0.0,0.0,0.0,1.0,0.0,98.0,8.0,19.0,9.0,0.0,43.125,0.6666659712791443,10.0,26.0,0.0,0.0,0.0,42.0,0.5770283695149072,0.5770283695149072,0.5770283695149072,0.49442318330115936,0.60925311297005,0.3209435431977512,0.7118428331131958,0.7118371885618812,0.7118371885618812,1.0,1.0,1.0,1.0,1.0,1.0,1.0,1.0,1.0,0.0,1.0,1.0,1.0,0.0,0.0,1.0,1.0,1.0,1.0,1.0,1.0,0.0,0.0,0.0,0.0,1.0,1.0,1.0,0.0,1.0,0.0,1.0,1.0,1.0,1.0,0.0,0.0,0.0,1.0,1.0,1.0,1.0,0.0,0.0,1.0,1.0,0.0,1.0,1.0,1.0,0.0,0.0,0.0,0.0,1.0,1.0,1.0,0.0,0.0,1.0,1.0,0.0,1.0,1.0,1.0,0.0,0.0,0.0,0.0,0.0,0.0,0.0,0.0,0.0,0.0,0.0,0.0,0.0,0.0,0.0,1.0,1.0,1.0,1.0,1.0,1.0,1.0,1.0,1.0,1.0,1.0,1.0,1.0,1.0,1.0,1.0,1.0,1.0,1.0,0.0,0.0,0.0,0.0,0.0,0.0,0.0,0.0,0.0,0.0,0.0,0.0,1.0,1.0,0.0,0.0,0.0,0.0,0.0,0.0,1.0,1.0,1.0,1.0,1.0,0.0,0.0,0.0,0.0,0.0,0.0,0.0,1.0,1.0,0.0,0.0,0.0,0.0,1.0,0.0,0.0,0.0,0.0,0.0,0.0,0.0,0.0,1.0,1.0,1.0,1.0,1.0,1.0,1.0,1.0,1.0,1.0,1.0,0.0,0.0,0.0,0.0,0.0,0.0,0.0,0.0,0.0,0.0,0.0,0.0,0.0,0.0,0.0,0.0,0.0,0.0,0.0,0.0,0.0,1.0,1.0,0.0,0.0,0.0,50.0,0.0,0.0,0.0,0.0,0.0,1.0,1.0,1.0,1.0,0.0,1.0,1.0,1.0,0.0,1.0,0.0,1.0,1.0,0.0,1.0,1.0,1.0,0.0,0.0,0.0,0.0,0.0,0.0,0.0,0.0,0.0,0.0,0.0,0.0,0.0,0.0,0.0,0.0,1.0,1.0,0.0,0.0,0.0,0.0,0.0,0.0,1.0,1.0,0.0,0.0,0.0,0.0,0.0,0.0,0.0,0.0,0.0,1.0,0.0,0.0,0.0,0.0,0.0,0.0,0.0,0.0,0.0,0.0,0.0,0.0,0.0,0.0,0.0,0.0,0.0,0.0,0.0,0.0,0.0,0.0,0.0,0.0,0.0,0.0,0.0,0.0,-15.0,117605.5,0.0,0.0,0.0,0.0,0.0,0.0,100.0,0.23774003454465403,0.004910759643715921,0.8326446980729502,0.7313108905973065,0.7504402750025401,0.7338565832401982,0.733918673304659,0.7339327846829455,0.7313108905973065,0.7313108905973065,0.8373042751831656,0.7320841941274088,0.8372478296700195,0.8488360935189262,0.8371095381628114,0.7313108905973065,0.7313108905973065,0.7313108905973065,0.7313108905973065,0.7317172982919588,0.7688697350447613,1,4.61512051684126,18,6
0.07953737257425407,0.013292918345920684,0.04200675088337228,0.8830928754473307,0.6530604757227848,0.5046285320779851,0.2703796525214211,0.08114606969891963,0.8813487090911144,9.0,0.014317404409523487,0.10529628249850419,2.0,0.0,0.0,0.0,4.0,209.0,209.0,209.0,209.0,6.0,0.0,855.6666870117188,0.6666659712791443,379.0,26.0,0.0,0.0,0.0,379.0,0.5770283695149072,0.5770283695149072,0.5770283695149072,0.49442318330115936,0.60925311297005,0.3209435431977512,0.7118428331131958,0.7118371885618812,0.7118371885618812,1.0,1.0,1.0,1.0,1.0,1.0,1.0,1.0,1.0,0.0,0.0,0.0,1.0,0.0,1.0,1.0,1.0,1.0,1.0,1.0,1.0,0.0,0.0,1.0,0.0,0.0,1.0,1.0,1.0,1.0,1.0,1.0,1.0,1.0,1.0,0.0,1.0,0.0,0.0,0.0,1.0,1.0,0.0,1.0,1.0,1.0,1.0,1.0,1.0,1.0,0.0,0.0,1.0,0.0,0.0,1.0,1.0,0.0,1.0,1.0,1.0,1.0,1.0,1.0,1.0,0.0,0.0,1.0,0.0,1.0,1.0,0.0,1.0,1.0,0.0,0.0,0.0,0.0,0.0,0.0,1.0,1.0,1.0,1.0,1.0,1.0,1.0,1.0,1.0,1.0,1.0,1.0,1.0,1.0,1.0,1.0,1.0,2.0,2.0,0.0,175.0,175.0,0.0,175.0,175.0,0.0,0.0,0.0,0.0,0.0,0.0,1.0,1.0,0.0,0.0,0.0,0.0,0.0,0.0,1.0,1.0,1.0,1.0,1.0,0.0,0.0,0.0,0.0,0.0,0.0,0.0,1.0,1.0,0.0,0.0,0.0,0.0,1.0,0.0,0.0,0.0,0.0,0.0,0.0,0.0,0.0,1.0,1.0,1.0,1.0,1.0,1.0,1.0,1.0,1.0,1.0,1.0,0.0,0.0,0.0,0.0,0.0,0.0,0.0,0.0,0.0,0.0,0.0,0.0,0.0,0.0,0.0,0.0,1.0,0.0,0.0,0.0,0.0,1.0,1.0,0.0,0.0,0.0,0.0,0.0,0.0,0.0,0.0,0.0,1.0,1.0,1.0,1.0,1.0,1.0,1.0,1.0,1.0,1.0,1.0,1.0,1.0,1.0,1.0,1.0,1.0,0.0,0.0,0.0,0.0,0.0,0.0,0.0,0.0,0.0,0.0,0.0,0.0,0.0,0.0,0.0,0.0,0.0,0.0,0.0,0.0,0.0,0.0,0.0,0.0,1.0,1.0,0.0,0.0,0.0,0.0,0.0,0.0,0.0,1.0,1.0,1.0,0.0,0.0,0.0,0.0,0.0,0.0,0.0,0.0,0.0,0.0,0.0,0.0,0.0,0.0,0.0,1.0,1.0,0.0,1.0,1.0,0.0,0.0,0.0,0.0,175.0,175.0,0.0,0.0,-5.0,41482.0,0.0,0.0,19.0,0.0,3.0,0.0,96.33999633789062,0.03691254332193134,0.11191734119054876,0.027754258813966877,0.12329957891647193,0.12677380025061807,0.16532326345378806,0.02339102064776871,0.023438999333942945,0.143569162687258,0.1403291902326684,0.028431604971720797,0.06130264955238708,0.10807622402095257,0.035066775042051905,0.8371095381628114,0.16282554949707048,0.25404432101692237,0.20965556947878214,0.11382519953488897,0.1654474435827096,0.09231381447488739,1,4.330733340286331,16,0
0.11594190627786997,0.0013970264503674603,0.0013970264503674603,0.09515866833745386,0.6530604757227848,0.020187737776724127,0.2703796525214211,0.10986272451202854,0.10986272451202854,9.0,0.06546268387125907,0.04003115792325668,1.0,0.0,0.0,0.0,1.0,0.0,98.0,8.0,0.0,9.0,0.0,98.83333587646484,0.8333330154418945,10.0,26.0,0.0,0.0,0.0,0.0,0.5770283695149072,0.5770283695149072,0.5770283695149072,0.32066978245899236,0.60925311297005,0.3209435431977512,0.7118428331131958,0.7118371885618812,0.7118371885618812,1.0,1.0,1.0,1.0,1.0,1.0,1.0,1.0,1.0,0.0,1.0,1.0,1.0,0.0,0.0,1.0,1.0,1.0,1.0,1.0,1.0,0.0,0.0,0.0,0.0,0.0,1.0,1.0,1.0,1.0,1.0,1.0,1.0,1.0,1.0,0.0,1.0,1.0,0.0,0.0,1.0,1.0,1.0,1.0,1.0,1.0,1.0,1.0,1.0,1.0,0.0,0.0,1.0,0.0,0.0,1.0,1.0,1.0,1.0,1.0,1.0,1.0,1.0,1.0,1.0,0.0,0.0,1.0,0.0,0.0,0.0,0.0,0.0,0.0,0.0,0.0,0.0,0.0,0.0,0.0,1.0,1.0,1.0,1.0,1.0,1.0,1.0,1.0,1.0,1.0,1.0,1.0,1.0,1.0,1.0,1.0,1.0,1.0,1.0,0.0,0.0,0.0,0.0,0.0,0.0,0.0,0.0,0.0,0.0,0.0,0.0,1.0,1.0,0.0,0.0,0.0,0.0,0.0,0.0,1.0,1.0,1.0,1.0,1.0,0.0,0.0,0.0,0.0,0.0,0.0,0.0,1.0,1.0,0.0,0.0,0.0,0.0,1.0,0.0,0.0,0.0,0.0,0.0,0.0,0.0,0.0,1.0,1.0,1.0,1.0,1.0,1.0,1.0,1.0,1.0,1.0,1.0,0.0,0.0,0.0,0.0,0.0,0.0,0.0,0.0,0.0,0.0,0.0,0.0,2.0,3.0,2.0,0.0,0.0,0.0,1.0,0.0,0.0,2.0,2.0,2.0,2.0,2.0,0.0,0.0,0.0,0.0,0.0,0.0,1.0,1.0,2.0,2.0,0.0,2.0,1.0,2.0,0.0,2.0,0.0,3.0,3.0,0.0,2.0,3.0,2.0,85.19219970703125,146.69979858398438,85.19219970703125,0.0,61.50759887695313,0.0,0.0,0.0,85.19219970703125,85.19219970703125,85.19219970703125,0.0,0.0,0.0,0.0,0.0,1.0,1.0,0.0,0.0,0.0,0.0,0.0,0.0,1.0,1.0,0.0,0.0,0.0,0.0,0.0,0.0,0.0,1.0,1.0,1.0,0.0,0.0,0.0,0.0,0.0,0.0,0.0,0.0,0.0,0.0,0.0,0.0,0.0,0.0,0.0,0.0,0.0,0.0,0.0,0.0,0.0,0.0,0.0,0.0,0.0,0.0,0.0,0.0,-5.0,94043.0,0.0,0.0,-13.0,-34.0,0.0,0.0,100.0,0.23774003454465403,0.11191734119054876,0.03607150517605356,0.126260146080988,0.12278592474684187,0.09363463948250754,0.02339102064776871,0.045991804111491175,0.143569162687258,0.1403291902326684,0.8373042751831656,0.01907011661643016,0.8372478296700195,0.8488360935189262,0.8371095381628114,0.1058635599056231,0.014644788385771214,0.20965556947878214,0.11382519953488897,0.1654474435827096,0.01561282893622786,1,2.7172081388869755,20,6
0.7115944728553527,0.004574908840496269,0.005181698106817489,0.8830928754473307,0.6530604757227848,0.5046285320779851,0.2703796525214211,0.014670188866686987,0.8813487090911144,9.0,0.38170431582393516,0.7444683397116764,3.0,0.0,0.0,1.0,0.0,0.0,98.0,8.0,0.0,9.0,0.0,43.125,0.6666659712791443,44.0,26.0,0.0,0.0,0.0,0.0,0.5770283695149072,0.5770283695149072,0.5770283695149072,0.09955577381153972,0.17509115950373105,0.3673728000361251,0.7118428331131958,0.7118371885618812,0.7118371885618812,1.0,1.0,1.0,1.0,1.0,1.0,1.0,1.0,1.0,0.0,1.0,1.0,1.0,0.0,0.0,0.0,0.0,2.0,2.0,1.0,1.0,0.0,0.0,0.0,0.0,0.0,1.0,1.0,0.0,1.0,0.0,1.0,1.0,1.0,1.0,0.0,0.0,0.0,0.0,0.0,1.0,1.0,0.0,0.0,1.0,1.0,0.0,1.0,1.0,1.0,0.0,0.0,0.0,0.0,0.0,1.0,1.0,0.0,0.0,1.0,1.0,0.0,1.0,1.0,1.0,0.0,0.0,0.0,0.0,0.0,0.0,0.0,0.0,0.0,0.0,0.0,0.0,0.0,0.0,0.0,1.0,1.0,1.0,1.0,1.0,1.0,1.0,1.0,1.0,1.0,1.0,1.0,1.0,1.0,1.0,1.0,1.0,1.0,1.0,0.0,0.0,0.0,0.0,0.0,0.0,0.0,0.0,0.0,0.0,0.0,0.0,1.0,1.0,0.0,0.0,0.0,0.0,0.0,0.0,1.0,1.0,1.0,1.0,1.0,0.0,0.0,0.0,0.0,0.0,0.0,0.0,1.0,1.0,0.0,0.0,0.0,0.0,1.0,0.0,0.0,0.0,0.0,0.0,0.0,0.0,0.0,1.0,1.0,1.0,1.0,1.0,1.0,1.0,1.0,1.0,1.0,1.0,0.0,0.0,0.0,0.0,0.0,0.0,0.0,0.0,0.0,0.0,0.0,0.0,0.0,0.0,0.0,0.0,1.0,0.0,0.0,0.0,0.0,1.0,1.0,0.0,0.0,0.0,0.0,0.0,0.0,0.0,0.0,0.0,1.0,1.0,1.0,1.0,1.0,1.0,1.0,1.0,1.0,1.0,1.0,1.0,1.0,1.0,1.0,1.0,1.0,0.0,0.0,0.0,0.0,0.0,0.0,0.0,0.0,0.0,0.0,0.0,0.0,0.0,0.0,0.0,0.0,1.0,1.0,0.0,0.0,0.0,0.0,0.0,0.0,1.0,1.0,0.0,0.0,0.0,0.0,0.0,0.0,0.0,0.0,0.0,1.0,0.0,0.0,0.0,0.0,0.0,0.0,0.0,0.0,0.0,0.0,0.0,0.0,0.0,0.0,0.0,0.0,0.0,0.0,0.0,0.0,0.0,0.0,0.0,0.0,0.0,0.0,0.0,0.0,-5.0,117605.5,0.0,0.0,0.0,0.0,0.0,0.0,100.0,0.7253474221334146,0.7640041318115623,0.8326446980729502,0.7313108905973065,0.7504402750025401,0.7338565832401982,0.733918673304659,0.7339327846829455,0.7313108905973065,0.7313108905973065,0.8373042751831656,0.7320841941274088,0.8372478296700195,0.8488360935189262,0.8371095381628114,0.7313108905973065,0.7313108905973065,0.7313108905973065,0.7313108905973065,0.7317172982919588,0.7688697350447613,0,5.308267697401205,22,6
0.7115944728553527,0.00017780336641040403,0.01877377767241282,0.8830928754473307,0.31506192072792133,0.00752418690238313,0.2703796525214211,0.01665424865377451,0.8813487090911144,3.0,0.1693958072272835,0.7444683397116764,3.0,0.0,2.0,2.0,11.0,84.0,84.0,45.0,507.0,45.0,0.0,43.125,0.6666659712791443,507.0,507.0,0.0,0.0,0.0,507.0,0.4229518745554916,0.3777305516984455,0.3310360009482846,0.49442318330115936,0.60925311297005,0.3673728000361251,0.24924927467515606,0.10557004323726307,0.2421710073266276,1.0,1.0,1.0,1.0,1.0,1.0,1.0,1.0,1.0,1.0,1.0,1.0,1.0,0.0,0.0,1.0,1.0,1.0,1.0,1.0,1.0,0.0,1.0,0.0,1.0,1.0,1.0,1.0,0.0,1.0,0.0,1.0,1.0,1.0,1.0,1.0,0.0,0.0,1.0,1.0,1.0,1.0,0.0,0.0,1.0,1.0,0.0,1.0,1.0,1.0,0.0,1.0,0.0,1.0,1.0,1.0,1.0,0.0,0.0,1.0,1.0,0.0,1.0,1.0,1.0,0.0,1.0,0.0,0.0,0.0,0.0,0.0,0.0,0.0,0.0,0.0,0.0,0.0,0.0,0.0,1.0,1.0,1.0,1.0,1.0,1.0,1.0,1.0,1.0,1.0,1.0,1.0,1.0,1.0,1.0,1.0,1.0,1.0,1.0,0.0,0.0,0.0,0.0,0.0,0.0,0.0,0.0,0.0,0.0,0.0,0.0,1.0,1.0,0.0,0.0,0.0,0.0,0.0,0.0,1.0,1.0,1.0,1.0,1.0,0.0,0.0,0.0,0.0,0.0,0.0,0.0,1.0,1.0,0.0,0.0,0.0,0.0,1.0,0.0,0.0,0.0,0.0,0.0,0.0,0.0,0.0,1.0,1.0,1.0,1.0,1.0,1.0,1.0,1.0,1.0,1.0,1.0,0.0,0.0,0.0,0.0,0.0,0.0,0.0,0.0,0.0,0.0,0.0,0.0,0.0,0.0,0.0,0.0,1.0,0.0,0.0,0.0,0.0,1.0,1.0,0.0,0.0,0.0,0.0,0.0,0.0,0.0,0.0,0.0,1.0,1.0,1.0,1.0,1.0,1.0,1.0,1.0,1.0,1.0,1.0,1.0,1.0,1.0,1.0,1.0,1.0,0.0,0.0,0.0,0.0,0.0,0.0,0.0,0.0,0.0,0.0,0.0,0.0,0.0,0.0,0.0,0.0,0.0,0.0,0.0,0.0,0.0,0.0,0.0,0.0,1.0,1.0,0.0,0.0,0.0,0.0,0.0,0.0,0.0,0.0,0.0,1.0,0.0,0.0,0.0,0.0,0.0,0.0,0.0,0.0,0.0,0.0,0.0,0.0,0.0,0.0,0.0,0.0,0.0,0.0,0.0,0.0,0.0,0.0,0.0,0.0,0.0,0.0,0.0,0.0,-5.0,117605.5,0.0,0.0,0.0,0.0,0.0,0.0,100.0,0.7253474221334146,0.7640041318115623,0.8326446980729502,0.7313108905973065,0.7504402750025401,0.7338565832401982,0.733918673304659,0.7339327846829455,0.7313108905973065,0.7313108905973065,0.8373042751831656,0.7320841941274088,0.8372478296700195,0.8488360935189262,0.8371095381628114,0.7313108905973065,0.7313108905973065,0.7313108905973065,0.7313108905973065,0.7317172982919588,0.7688697350447613,0,4.07668962698338,12,1
0.7115944728553527,0.00024271570652848804,0.00028787211704541605,0.8830928754473307,0.6530604757227848,0.5046285320779851,0.7271960126889514,0.041933371716282274,0.8813487090911144,9.0,0.014317404409523487,0.7444683397116764,1.0,0.0,0.0,2.0,5.0,158.0,158.0,14.0,0.0,9.0,0.0,43.125,0.6666659712791443,72.0,0.0,0.0,0.0,0.0,158.0,0.4229518745554916,0.04524107878664725,0.09193562953680812,0.08535126042830855,0.21565572752621895,0.3673728000361251,0.24924927467515606,0.10557004323726307,0.2421710073266276,1.0,1.0,1.0,1.0,1.0,1.0,1.0,1.0,1.0,0.0,0.0,0.0,1.0,0.0,0.0,1.0,1.0,1.0,1.0,1.0,1.0,0.0,0.0,0.0,1.0,1.0,1.0,1.0,0.0,1.0,0.0,1.0,1.0,1.0,1.0,0.0,0.0,0.0,0.0,0.0,1.0,1.0,0.0,0.0,1.0,1.0,0.0,1.0,1.0,1.0,0.0,0.0,0.0,0.0,0.0,1.0,1.0,0.0,0.0,1.0,1.0,0.0,1.0,1.0,1.0,0.0,0.0,0.0,0.0,2.0,0.0,0.0,2.0,0.0,0.0,0.0,0.0,0.0,0.0,0.0,1.0,1.0,1.0,1.0,1.0,1.0,1.0,1.0,1.0,1.0,1.0,1.0,1.0,1.0,1.0,1.0,1.0,1.0,1.0,0.0,63.5,0.0,0.0,63.5,0.0,0.0,0.0,0.0,0.0,0.0,0.0,1.0,1.0,0.0,0.0,0.0,0.0,0.0,0.0,1.0,1.0,1.0,1.0,1.0,0.0,0.0,0.0,0.0,0.0,0.0,0.0,1.0,1.0,0.0,0.0,0.0,0.0,1.0,0.0,0.0,0.0,0.0,0.0,0.0,0.0,0.0,1.0,1.0,1.0,1.0,1.0,1.0,1.0,1.0,1.0,1.0,1.0,0.0,0.0,0.0,0.0,0.0,0.0,0.0,0.0,0.0,0.0,0.0,0.0,0.0,0.0,0.0,0.0,1.0,0.0,0.0,0.0,0.0,1.0,1.0,0.0,0.0,0.0,0.0,0.0,0.0,0.0,0.0,0.0,1.0,1.0,1.0,1.0,1.0,1.0,1.0,1.0,1.0,1.0,1.0,1.0,1.0,1.0,1.0,1.0,1.0,0.0,0.0,0.0,0.0,0.0,0.0,0.0,0.0,0.0,0.0,0.0,0.0,0.0,0.0,0.0,0.0,0.0,0.0,0.0,2.0,0.0,0.0,0.0,0.0,1.0,1.0,0.0,0.0,0.0,0.0,0.0,0.0,0.0,0.0,0.0,1.0,0.0,63.5,0.0,0.0,63.5,0.0,0.0,0.0,0.0,0.0,0.0,0.0,0.0,0.0,0.0,0.0,0.0,0.0,0.0,0.0,0.0,0.0,0.0,0.0,0.0,0.0,0.0,0.0,-5.0,117605.5,0.0,0.0,0.0,0.0,0.0,0.0,100.0,0.7253474221334146,0.7640041318115623,0.8326446980729502,0.7313108905973065,0.7504402750025401,0.7338565832401982,0.733918673304659,0.7339327846829455,0.7313108905973065,0.7313108905973065,0.8373042751831656,0.7320841941274088,0.8372478296700195,0.8488360935189262,0.8371095381628114,0.7313108905973065,0.7313108905973065,0.7313108905973065,0.7313108905973065,0.7317172982919588,0.7688697350447613,0,4.060443010546419,17,1
0.07953737257425407,0.0005221209966019801,0.007095201002472314,0.8830928754473307,0.31506192072792133,0.0028646097921676207,0.2703796525214211,0.035495760941962724,0.8813487090911144,9.0,0.38170431582393516,0.10529628249850419,2.0,0.0,0.0,0.0,0.0,0.0,98.0,8.0,19.0,9.0,0.0,0.7083330154418945,0.7083330154418945,10.0,26.0,0.0,0.0,0.0,42.0,0.5770283695149072,0.5770283695149072,0.5770283695149072,0.49442318330115936,0.60925311297005,0.3209435431977512,0.7118428331131958,0.7118371885618812,0.7118371885618812,1.0,1.0,1.0,1.0,1.0,1.0,1.0,1.0,1.0,0.0,1.0,1.0,1.0,0.0,0.0,1.0,1.0,1.0,1.0,1.0,1.0,0.0,0.0,0.0,0.0,1.0,1.0,1.0,0.0,1.0,0.0,1.0,1.0,1.0,1.0,0.0,0.0,0.0,1.0,1.0,1.0,1.0,0.0,0.0,1.0,1.0,0.0,1.0,1.0,1.0,0.0,0.0,0.0,0.0,1.0,1.0,1.0,0.0,0.0,1.0,1.0,0.0,1.0,1.0,1.0,0.0,0.0,0.0,0.0,0.0,0.0,0.0,0.0,0.0,0.0,0.0,0.0,0.0,0.0,0.0,1.0,1.0,1.0,1.0,1.0,1.0,1.0,1.0,1.0,1.0,1.0,1.0,1.0,1.0,1.0,1.0,1.0,1.0,1.0,0.0,0.0,0.0,0.0,0.0,0.0,0.0,0.0,0.0,0.0,0.0,0.0,3.0,3.0,0.0,0.0,0.0,2.0,2.0,2.0,2.0,2.0,2.0,2.0,2.0,0.0,0.0,0.0,1000.0,2.0,2.0,0.0,3.0,3.0,0.0,0.0,0.0,0.0,2.0,0.0,0.0,0.0,2.0,2.0,2.0,2.0,2.0,2.0,2.0,2.0,2.0,2.0,2.0,2.0,2.0,2.0,2.0,2.0,1000.0,1000.0,0.0,0.0,0.0,0.0,0.0,0.0,0.0,1000.0,1000.0,1000.0,2.0,2.0,2.0,0.0,3.0,0.0,0.0,2.0,0.0,2.0,2.0,0.0,0.0,0.0,2.0,2.0,2.0,2.0,2.0,2.0,1.0,1.0,2.0,2.0,2.0,2.0,2.0,2.0,2.0,2.0,2.0,2.0,2.0,2.0,1.0,1.0,1.0,1000.0,1000.0,1000.0,0.0,0.0,0.0,0.0,0.0,0.0,0.0,0.0,1000.0,1000.0,0.0,0.0,0.0,1.0,1.0,0.0,0.0,0.0,0.0,0.0,0.0,1.0,1.0,0.0,0.0,0.0,0.0,0.0,0.0,0.0,1.0,1.0,1.0,0.0,0.0,0.0,0.0,0.0,0.0,0.0,0.0,0.0,0.0,0.0,0.0,0.0,0.0,0.0,0.0,0.0,0.0,0.0,0.0,0.0,0.0,0.0,0.0,0.0,0.0,0.0,0.0,-10.0,437142.0,0.0,0.0,15.0,-32.0,0.0,0.0,100.0,0.23774003454465403,0.07440929770492544,0.09010397263521523,0.126260146080988,0.12278592474684187,0.16532326345378806,0.003437531750601145,0.011754778112687823,0.143569162687258,0.1403291902326684,0.010225104706426886,0.031126878224449938,0.05448685383998826,0.014063399600365767,0.03915343019383389,0.16282554949707048,0.25404432101692237,0.20965556947878214,0.11382519953488897,0.10283525812533162,0.04250347139905849,1,6.2166061010848646,17,0
0.7115944728553527,0.0033782639617976765,0.015364468678384756,0.8830928754473307,0.6530604757227848,0.5046285320779851,0.7271960126889514,0.03876395615312539,0.8813487090911144,9.0,0.15974080220363282,0.7444683397116764,1.0,0.0,0.0,0.0,1.0,0.0,98.0,8.0,19.0,9.0,0.0,43.125,0.6666659712791443,0.0,26.0,0.0,0.0,0.0,42.0,0.5770283695149072,0.5770283695149072,0.5770283695149072,0.49442318330115936,0.60925311297005,0.3209435431977512,0.7118428331131958,0.7118371885618812,0.7118371885618812,1.0,1.0,1.0,1.0,1.0,1.0,1.0,1.0,1.0,0.0,0.0,0.0,1.0,0.0,0.0,0.0,0.0,1.0,1.0,0.0,0.0,0.0,0.0,0.0,0.0,1.0,1.0,1.0,0.0,1.0,0.0,1.0,1.0,1.0,1.0,0.0,0.0,0.0,0.0,0.0,1.0,1.0,0.0,0.0,0.0,0.0,0.0,1.0,0.0,0.0,0.0,0.0,0.0,0.0,1.0,1.0,1.0,0.0,0.0,1.0,1.0,0.0,1.0,1.0,1.0,0.0,0.0,0.0,0.0,0.0,0.0,0.0,0.0,0.0,0.0,0.0,0.0,0.0,0.0,0.0,1.0,1.0,1.0,1.0,1.0,1.0,1.0,1.0,1.0,1.0,1.0,1.0,1.0,1.0,1.0,1.0,1.0,1.0,1.0,0.0,0.0,0.0,0.0,0.0,0.0,0.0,0.0,0.0,0.0,0.0,0.0,1.0,1.0,0.0,0.0,0.0,0.0,0.0,0.0,1.0,1.0,1.0,1.0,1.0,0.0,0.0,0.0,0.0,0.0,0.0,0.0,1.0,1.0,0.0,0.0,0.0,0.0,1.0,0.0,0.0,0.0,0.0,0.0,0.0,0.0,0.0,1.0,1.0,1.0,1.0,1.0,1.0,1.0,1.0,1.0,1.0,1.0,0.0,0.0,0.0,0.0,0.0,0.0,0.0,0.0,0.0,0.0,0.0,0.0,0.0,0.0,0.0,0.0,1.0,0.0,0.0,0.0,0.0,1.0,1.0,0.0,0.0,0.0,0.0,0.0,0.0,0.0,0.0,0.0,1.0,1.0,1.0,1.0,1.0,1.0,1.0,1.0,1.0,1.0,1.0,1.0,1.0,1.0,1.0,1.0,1.0,0.0,0.0,0.0,0.0,0.0,0.0,0.0,0.0,0.0,0.0,0.0,0.0,0.0,0.0,0.0,0.0,1.0,1.0,0.0,0.0,0.0,0.0,0.0,0.0,1.0,1.0,0.0,0.0,0.0,0.0,0.0,0.0,0.0,0.0,0.0,1.0,0.0,0.0,0.0,0.0,0.0,0.0,0.0,0.0,0.0,0.0,0.0,0.0,0.0,0.0,0.0,0.0,0.0,0.0,0.0,0.0,0.0,0.0,0.0,0.0,0.0,0.0,0.0,0.0,-5.0,117605.5,0.0,0.0,0.0,0.0,0.0,0.0,100.0,0.7253474221334146,0.7640041318115623,0.8326446980729502,0.7313108905973065,0.7504402750025401,0.7338565832401982,0.733918673304659,0.7339327846829455,0.7313108905973065,0.7313108905973065,0.8373042751831656,0.7320841941274088,0.8372478296700195,0.8488360935189262,0.8371095381628114,0.7313108905973065,0.7313108905973065,0.7313108905973065,0.7313108905973065,0.7317172982919588,0.7688697350447613,0,4.690889061390629,5,5
0.7115944728553527,0.004970027432519389,0.010671024260281551,0.8830928754473307,0.6530604757227848,0.09485104029080728,0.7271960126889514,0.03876395615312539,0.8813487090911144,9.0,0.38170431582393516,0.7444683397116764,2.0,0.0,1.0,1.0,3.0,511.0,511.0,0.0,511.0,0.0,0.0,43.125,0.6666659712791443,511.0,26.0,0.0,0.0,0.0,511.0,0.5770283695149072,0.5770283695149072,0.5770283695149072,0.08535126042830855,0.21565572752621895,0.3673728000361251,0.7118428331131958,0.7118371885618812,0.7118371885618812,1.0,1.0,1.0,1.0,1.0,1.0,1.0,1.0,1.0,0.0,0.0,0.0,1.0,0.0,0.0,1.0,1.0,1.0,1.0,1.0,1.0,0.0,1.0,0.0,0.0,0.0,1.0,1.0,0.0,1.0,0.0,1.0,1.0,1.0,1.0,1.0,0.0,0.0,0.0,0.0,1.0,1.0,0.0,0.0,1.0,1.0,0.0,1.0,1.0,1.0,0.0,1.0,0.0,0.0,0.0,1.0,1.0,0.0,0.0,1.0,1.0,0.0,1.0,1.0,1.0,0.0,1.0,0.0,1.0,1.0,1.0,0.0,0.0,0.0,0.0,0.0,0.0,1.0,1.0,1.0,1.0,1.0,1.0,1.0,1.0,1.0,1.0,1.0,1.0,1.0,1.0,1.0,1.0,1.0,1.0,1.0,1.0,1.0,1.0,29.0,29.0,29.0,0.0,0.0,0.0,0.0,0.0,0.0,29.0,29.0,0.0,1.0,1.0,0.0,0.0,0.0,0.0,0.0,0.0,1.0,1.0,1.0,1.0,1.0,0.0,0.0,0.0,0.0,0.0,0.0,0.0,1.0,1.0,0.0,0.0,0.0,0.0,1.0,0.0,0.0,0.0,0.0,0.0,0.0,0.0,0.0,1.0,1.0,1.0,1.0,1.0,1.0,1.0,1.0,1.0,1.0,1.0,0.0,0.0,0.0,0.0,0.0,0.0,0.0,0.0,0.0,0.0,0.0,0.0,0.0,0.0,0.0,0.0,1.0,0.0,0.0,0.0,0.0,1.0,1.0,0.0,0.0,0.0,0.0,0.0,0.0,0.0,0.0,0.0,1.0,1.0,1.0,1.0,1.0,1.0,1.0,1.0,1.0,1.0,1.0,1.0,1.0,1.0,1.0,1.0,1.0,0.0,0.0,0.0,0.0,0.0,0.0,0.0,0.0,0.0,0.0,0.0,0.0,0.0,1.0,1.0,0.0,0.0,0.0,0.0,0.0,0.0,0.0,0.0,0.0,1.0,1.0,0.0,1.0,1.0,1.0,1.0,0.0,0.0,0.0,0.0,1.0,29.0,29.0,29.0,0.0,0.0,0.0,0.0,0.0,0.0,0.0,0.0,0.0,29.0,29.0,0.0,0.0,0.0,0.0,0.0,0.0,0.0,0.0,0.0,0.0,0.0,0.0,0.0,0.0,-5.0,117605.5,0.0,0.0,0.0,0.0,0.0,0.0,100.0,0.7253474221334146,0.7640041318115623,0.8326446980729502,0.7313108905973065,0.7504402750025401,0.7338565832401982,0.733918673304659,0.7339327846829455,0.7313108905973065,0.7313108905973065,0.8373042751831656,0.7320841941274088,0.8372478296700195,0.8488360935189262,0.8371095381628114,0.7313108905973065,0.7313108905973065,0.7313108905973065,0.7313108905973065,0.7317172982919588,0.7688697350447613,0,3.4011973816621555,18,1
0.07953737257425407,0.009544936273015657,0.04200675088337228,0.8830928754473307,0.6530604757227848,0.5046285320779851,0.2703796525214211,0.0051732312798455655,0.8813487090911144,9.0,0.38170431582393516,0.10529628249850419,1.0,0.0,0.0,0.0,1.0,0.0,98.0,8.0,19.0,9.0,0.0,3.0833330154418945,0.0833330005407333,10.0,26.0,0.0,0.0,0.0,42.0,0.5770283695149072,0.5770283695149072,0.5770283695149072,0.49442318330115936,0.60925311297005,0.3209435431977512,0.7118428331131958,0.7118371885618812,0.7118371885618812,1.0,1.0,1.0,1.0,1.0,1.0,1.0,1.0,1.0,0.0,1.0,1.0,1.0,0.0,0.0,1.0,1.0,1.0,1.0,1.0,1.0,0.0,0.0,0.0,0.0,1.0,1.0,1.0,0.0,1.0,0.0,1.0,1.0,1.0,1.0,0.0,0.0,0.0,1.0,1.0,1.0,1.0,0.0,0.0,1.0,1.0,0.0,1.0,1.0,1.0,0.0,0.0,0.0,0.0,1.0,1.0,1.0,0.0,0.0,1.0,1.0,0.0,1.0,1.0,1.0,0.0,0.0,0.0,0.0,0.0,0.0,0.0,0.0,0.0,0.0,0.0,0.0,0.0,0.0,0.0,1.0,1.0,1.0,1.0,1.0,1.0,1.0,1.0,1.0,1.0,1.0,1.0,1.0,1.0,1.0,1.0,1.0,1.0,1.0,0.0,0.0,0.0,0.0,0.0,0.0,0.0,0.0,0.0,0.0,0.0,0.0,1.0,1.0,0.0,0.0,0.0,0.0,0.0,0.0,1.0,1.0,1.0,1.0,1.0,0.0,0.0,0.0,0.0,0.0,0.0,0.0,1.0,1.0,0.0,0.0,0.0,0.0,1.0,0.0,0.0,0.0,0.0,0.0,0.0,0.0,0.0,1.0,1.0,1.0,1.0,1.0,1.0,1.0,1.0,1.0,1.0,1.0,0.0,0.0,0.0,0.0,0.0,0.0,0.0,0.0,0.0,0.0,0.0,0.0,0.0,0.0,0.0,0.0,1.0,0.0,0.0,0.0,0.0,1.0,1.0,0.0,0.0,0.0,0.0,0.0,0.0,0.0,0.0,0.0,1.0,1.0,1.0,1.0,1.0,1.0,1.0,1.0,1.0,1.0,1.0,1.0,1.0,1.0,1.0,1.0,1.0,0.0,0.0,0.0,0.0,0.0,0.0,0.0,0.0,0.0,0.0,0.0,0.0,0.0,0.0,0.0,0.0,1.0,1.0,0.0,0.0,0.0,0.0,0.0,0.0,1.0,1.0,0.0,0.0,0.0,0.0,0.0,0.0,0.0,1.0,1.0,1.0,0.0,0.0,0.0,0.0,0.0,0.0,0.0,0.0,0.0,0.0,0.0,0.0,0.0,0.0,0.0,0.0,0.0,0.0,0.0,0.0,0.0,0.0,0.0,0.0,0.0,0.0,0.0,0.0,-5.0,105540.0,1.0,0.0,1.0,0.0,1.0,0.0,100.0,0.23774003454465403,0.11191734119054876,0.009722739639426062,0.126260146080988,0.12278592474684187,0.16532326345378806,0.003028301780291485,0.0018401237285648165,0.143569162687258,0.1403291902326684,0.04216479832018153,0.06130264955238708,0.10807622402095257,0.0005757442340908321,0.12278874702249919,0.16282554949707048,0.25404432101692237,0.20965556947878214,0.11382519953488897,0.1654474435827096,0.09231381447488739,1,4.330733340286331,2,4
0.11594190627786997,0.007380250843860421,0.0024779580271164247,0.09515866833745386,0.6530604757227848,0.03314480531942516,0.7271960126889514,0.10986272451202854,0.10986272451202854,9.0,0.38170431582393516,0.10529628249850419,2.0,0.0,0.0,0.0,1.0,0.0,0.0,0.0,106.0,0.0,106.0,108.79166412353516,0.7916659712791443,0.0,26.0,106.0,106.0,201.0,106.0,0.5770283695149072,0.5770283695149072,0.5770283695149072,0.32066978245899236,0.60925311297005,0.3209435431977512,0.7118428331131958,0.7118371885618812,0.7118371885618812,1.0,1.0,1.0,1.0,1.0,1.0,1.0,1.0,1.0,0.0,0.0,0.0,1.0,1.0,1.0,1.0,1.0,1.0,1.0,1.0,1.0,0.0,0.0,1.0,0.0,0.0,1.0,1.0,1.0,1.0,1.0,1.0,1.0,1.0,1.0,0.0,1.0,1.0,0.0,0.0,3.0,3.0,1.0,1.0,1.0,1.0,1.0,1.0,1.0,1.0,0.0,0.0,1.0,0.0,0.0,1.0,1.0,1.0,1.0,1.0,1.0,1.0,1.0,1.0,1.0,0.0,0.0,1.0,0.0,0.0,0.0,0.0,0.0,0.0,0.0,0.0,0.0,0.0,0.0,0.0,1.0,1.0,1.0,1.0,1.0,1.0,1.0,1.0,1.0,1.0,1.0,1.0,1.0,1.0,1.0,1.0,1.0,1.0,1.0,0.0,0.0,0.0,0.0,0.0,0.0,0.0,0.0,0.0,0.0,0.0,0.0,1.0,1.0,0.0,0.0,0.0,0.0,0.0,0.0,1.0,1.0,1.0,1.0,1.0,0.0,0.0,0.0,0.0,2.0,2.0,2.0,0.0,0.0,1.0,0.0,0.0,0.0,3.0,1.0,1.0,1.0,0.0,0.0,0.0,0.0,0.0,1.0,0.0,0.0,1.0,1.0,0.0,0.0,0.0,0.0,0.0,0.0,132.07809448242188,132.07809448242188,75.5250015258789,0.0,0.0,0.0,0.0,56.5531005859375,56.5531005859375,0.0,0.0,0.0,2.0,2.0,2.0,0.0,0.0,1.0,1.0,0.0,0.0,3.0,3.0,1.0,1.0,1.0,0.0,0.0,0.0,0.0,0.0,0.0,1.0,1.0,1.0,1.0,0.0,1.0,1.0,1.0,0.0,1.0,0.0,1.0,1.0,0.0,1.0,1.0,1.0,132.07809448242188,132.07809448242188,132.07809448242188,75.5250015258789,75.5250015258789,75.5250015258789,0.0,0.0,56.5531005859375,56.5531005859375,56.5531005859375,0.0,0.0,2.0,2.0,2.0,3.0,3.0,1.0,1.0,0.0,1.0,1.0,1.0,3.0,3.0,1.0,0.0,0.0,0.0,0.0,0.0,0.0,1.0,1.0,1.0,132.07809448242188,132.07809448242188,132.07809448242188,75.5250015258789,75.5250015258789,0.0,75.5250015258789,75.5250015258789,75.5250015258789,75.5250015258789,56.5531005859375,56.5531005859375,0.0,0.0,0.0,0.0,0.0,0.0,0.0,0.0,0.0,0.0,0.0,0.0,0.0,0.0,0.0,0.0,-5.0,114301.0,0.0,0.0,0.0,0.0,0.0,0.0,100.0,0.23774003454465403,0.01946241293279597,0.8326446980729502,0.126260146080988,0.12278592474684187,0.09363463948250754,0.032518260123502785,0.00622594010002145,0.143569162687258,0.1403291902326684,0.8373042751831656,0.0018570573825086643,0.8372478296700195,0.8488360935189262,0.8371095381628114,0.1058635599056231,0.25404432101692237,0.20965556947878214,0.11382519953488897,0.1654474435827096,0.0005955001636919881,1,4.052706262393085,19,3
0.7115944728553527,0.0013857373477382284,0.0013829150720809202,0.8830928754473307,0.6530604757227848,0.09485104029080728,0.7271960126889514,0.014670188866686987,0.8813487090911144,25.0,0.38170431582393516,0.7444683397116764,1.0,0.0,0.0,2.0,34.0,406.0,352.0,38.0,406.0,38.0,0.0,43.125,0.6666659712791443,148.0,515.0,0.0,0.0,0.0,406.0,0.4229518745554916,0.04524107878664725,0.09193562953680812,0.08535126042830855,0.21565572752621895,0.3673728000361251,0.24924927467515606,0.1825927682008557,0.2421710073266276,1.0,1.0,1.0,1.0,1.0,1.0,1.0,2.0,2.0,0.0,0.0,0.0,1.0,0.0,0.0,1.0,1.0,1.0,1.0,1.0,1.0,0.0,0.0,0.0,0.0,0.0,1.0,1.0,0.0,1.0,0.0,1.0,1.0,1.0,1.0,0.0,0.0,0.0,0.0,0.0,1.0,1.0,0.0,0.0,1.0,1.0,0.0,1.0,1.0,1.0,0.0,0.0,0.0,0.0,0.0,1.0,1.0,0.0,0.0,1.0,1.0,0.0,1.0,1.0,1.0,0.0,0.0,0.0,0.0,0.0,0.0,0.0,0.0,0.0,0.0,0.0,0.0,0.0,0.0,0.0,1.0,1.0,1.0,1.0,1.0,1.0,1.0,1.0,1.0,1.0,1.0,1.0,1.0,1.0,1.0,1.0,1.0,1.0,1.0,0.0,0.0,0.0,0.0,0.0,0.0,0.0,0.0,0.0,0.0,0.0,0.0,1.0,1.0,0.0,0.0,0.0,0.0,0.0,0.0,1.0,1.0,1.0,1.0,1.0,0.0,0.0,0.0,0.0,0.0,0.0,0.0,1.0,1.0,0.0,0.0,0.0,0.0,1.0,0.0,0.0,0.0,0.0,0.0,0.0,0.0,0.0,1.0,1.0,1.0,1.0,1.0,1.0,1.0,1.0,1.0,1.0,1.0,0.0,0.0,0.0,0.0,0.0,0.0,0.0,0.0,0.0,0.0,0.0,0.0,0.0,0.0,0.0,0.0,1.0,0.0,0.0,0.0,0.0,1.0,1.0,0.0,0.0,0.0,0.0,0.0,0.0,0.0,0.0,0.0,1.0,1.0,1.0,1.0,1.0,1.0,1.0,1.0,1.0,1.0,1.0,1.0,1.0,1.0,1.0,1.0,1.0,0.0,0.0,0.0,0.0,0.0,0.0,0.0,0.0,0.0,0.0,0.0,0.0,0.0,0.0,0.0,0.0,0.0,0.0,0.0,0.0,0.0,0.0,0.0,0.0,1.0,1.0,0.0,0.0,0.0,0.0,0.0,0.0,0.0,0.0,0.0,1.0,0.0,0.0,0.0,0.0,0.0,0.0,0.0,0.0,0.0,0.0,0.0,0.0,0.0,0.0,0.0,0.0,0.0,0.0,0.0,0.0,0.0,0.0,0.0,0.0,0.0,0.0,0.0,0.0,-5.0,117605.5,0.0,0.0,0.0,0.0,0.0,0.0,100.0,0.7253474221334146,0.7640041318115623,0.8326446980729502,0.7313108905973065,0.7504402750025401,0.7338565832401982,0.733918673304659,0.7339327846829455,0.7313108905973065,0.7313108905973065,0.8373042751831656,0.7320841941274088,0.8372478296700195,0.8488360935189262,0.8371095381628114,0.7313108905973065,0.7313108905973065,0.7313108905973065,0.7313108905973065,0.7317172982919588,0.7688697350447613,0,4.0943445622221,2,6
0.7115944728553527,0.0013405809372213002,0.0017695668371321164,0.8830928754473307,0.6530604757227848,0.09485104029080728,0.7271960126889514,0.008167665752249354,0.8813487090911144,1.0,0.15974080220363282,0.7444683397116764,122.0,0.0,106.0,69.0,557.0,50.0,50.0,1.0,19.0,9.0,0.0,43.125,0.6666659712791443,58.0,483.0,0.0,0.0,0.0,483.0,0.4229518745554916,0.3777305516984455,0.09193562953680812,0.49442318330115936,0.60925311297005,0.3673728000361251,0.24924927467515606,0.10557004323726307,0.2421710073266276,1.0,1.0,1.0,0.0,0.0,1.0,1.0,1.0,1.0,1.0,1.0,1.0,1.0,0.0,0.0,1.0,1.0,1.0,1.0,1.0,1.0,0.0,1.0,0.0,0.0,1.0,1.0,1.0,0.0,1.0,0.0,1.0,1.0,1.0,1.0,0.0,0.0,0.0,1.0,1.0,1.0,1.0,0.0,0.0,1.0,1.0,0.0,1.0,1.0,1.0,0.0,1.0,0.0,1.0,1.0,1.0,1.0,0.0,0.0,0.0,0.0,0.0,1.0,1.0,1.0,0.0,1.0,0.0,0.0,4.0,1.0,0.0,4.0,1.0,0.0,0.0,0.0,0.0,0.0,0.0,1.0,1.0,1.0,1.0,1.0,1.0,1.0,1.0,1.0,1.0,1.0,1.0,1.0,1.0,1.0,1.0,1.0,1.0,1.0,0.0,184.8699951171875,59.0,0.0,184.8699951171875,59.0,0.0,0.0,0.0,0.0,0.0,0.0,1.0,1.0,0.0,0.0,0.0,0.0,0.0,0.0,1.0,1.0,1.0,1.0,1.0,0.0,0.0,0.0,0.0,0.0,0.0,0.0,1.0,1.0,0.0,0.0,0.0,0.0,1.0,0.0,0.0,0.0,0.0,0.0,0.0,0.0,0.0,1.0,1.0,1.0,1.0,1.0,1.0,1.0,1.0,1.0,1.0,1.0,0.0,0.0,0.0,0.0,0.0,0.0,0.0,0.0,0.0,0.0,0.0,0.0,0.0,0.0,0.0,0.0,1.0,0.0,0.0,0.0,0.0,1.0,1.0,0.0,0.0,0.0,0.0,0.0,0.0,0.0,0.0,0.0,1.0,1.0,1.0,1.0,1.0,1.0,1.0,1.0,1.0,1.0,1.0,1.0,1.0,1.0,1.0,1.0,1.0,0.0,0.0,0.0,0.0,0.0,0.0,0.0,0.0,0.0,0.0,0.0,0.0,0.0,0.0,1.0,0.0,0.0,0.0,0.0,5.0,0.0,1.0,0.0,0.0,1.0,2.0,0.0,0.0,0.0,0.0,0.0,0.0,0.0,0.0,0.0,1.0,0.0,234.8699951171875,59.0,0.0,234.8699951171875,0.0,59.0,0.0,133.97000122070312,0.0,0.0,0.0,0.0,0.0,0.0,0.0,0.0,0.0,0.0,0.0,0.0,0.0,0.0,0.0,0.0,0.0,0.0,0.0,-5.0,117605.5,0.0,0.0,0.0,0.0,0.0,0.0,100.0,0.7253474221334146,0.7640041318115623,0.8326446980729502,0.7313108905973065,0.7504402750025401,0.7338565832401982,0.733918673304659,0.7339327846829455,0.7313108905973065,0.7313108905973065,0.8373042751831656,0.7320841941274088,0.8372478296700195,0.8488360935189262,0.8371095381628114,0.7313108905973065,0.7313108905973065,0.7313108905973065,0.7313108905973065,0.7317172982919588,0.7688697350447613,0,3.609565647394211,2,3
0.7115944728553527,0.0026670504961560605,0.005286122306137885,0.8830928754473307,0.6530604757227848,0.5046285320779851,0.2703796525214211,0.07170273534956706,0.8813487090911144,9.0,0.06546268387125907,0.7444683397116764,3.0,0.0,3.0,3.0,6.0,0.0,98.0,8.0,47.0,11.0,0.0,43.125,0.6666659712791443,0.0,26.0,0.0,0.0,0.0,0.0,0.5770283695149072,0.5770283695149072,0.5770283695149072,0.49442318330115936,0.60925311297005,0.3673728000361251,0.7118428331131958,0.7118371885618812,0.7118371885618812,1.0,1.0,1.0,1.0,1.0,1.0,1.0,1.0,1.0,0.0,0.0,0.0,1.0,0.0,0.0,1.0,1.0,1.0,1.0,1.0,1.0,0.0,1.0,0.0,1.0,1.0,1.0,1.0,0.0,1.0,0.0,1.0,1.0,1.0,1.0,1.0,0.0,0.0,0.0,0.0,1.0,1.0,0.0,0.0,1.0,1.0,0.0,1.0,1.0,1.0,0.0,1.0,0.0,0.0,0.0,1.0,1.0,0.0,0.0,1.0,1.0,0.0,1.0,1.0,1.0,0.0,1.0,0.0,0.0,0.0,0.0,0.0,0.0,0.0,0.0,0.0,0.0,0.0,0.0,0.0,1.0,1.0,1.0,1.0,1.0,1.0,1.0,1.0,1.0,1.0,1.0,1.0,1.0,1.0,1.0,1.0,1.0,1.0,1.0,0.0,0.0,0.0,0.0,0.0,0.0,0.0,0.0,0.0,0.0,0.0,0.0,1.0,1.0,0.0,0.0,0.0,0.0,0.0,0.0,1.0,1.0,1.0,1.0,1.0,0.0,0.0,0.0,0.0,0.0,0.0,0.0,1.0,1.0,0.0,0.0,0.0,0.0,1.0,0.0,0.0,0.0,0.0,0.0,0.0,0.0,0.0,1.0,1.0,1.0,1.0,1.0,1.0,1.0,1.0,1.0,1.0,1.0,0.0,0.0,0.0,0.0,0.0,0.0,0.0,0.0,0.0,0.0,0.0,0.0,0.0,0.0,0.0,0.0,1.0,0.0,0.0,0.0,0.0,1.0,1.0,0.0,0.0,0.0,0.0,0.0,0.0,0.0,0.0,0.0,1.0,1.0,1.0,1.0,1.0,1.0,1.0,1.0,1.0,1.0,1.0,1.0,1.0,1.0,1.0,1.0,1.0,0.0,0.0,0.0,0.0,0.0,0.0,0.0,0.0,0.0,0.0,0.0,0.0,0.0,0.0,0.0,0.0,1.0,1.0,0.0,0.0,0.0,0.0,0.0,0.0,1.0,1.0,0.0,0.0,0.0,0.0,0.0,0.0,0.0,0.0,0.0,1.0,0.0,0.0,0.0,0.0,0.0,0.0,0.0,0.0,0.0,0.0,0.0,0.0,0.0,0.0,0.0,0.0,0.0,0.0,0.0,0.0,0.0,0.0,0.0,0.0,0.0,0.0,0.0,0.0,-5.0,117605.5,0.0,0.0,0.0,0.0,0.0,0.0,100.0,0.7253474221334146,0.7640041318115623,0.8326446980729502,0.7313108905973065,0.7504402750025401,0.7338565832401982,0.733918673304659,0.7339327846829455,0.7313108905973065,0.7313108905973065,0.8373042751831656,0.7320841941274088,0.8372478296700195,0.8488360935189262,0.8371095381628114,0.7313108905973065,0.7313108905973065,0.7313108905973065,0.7313108905973065,0.7317172982919588,0.7688697350447613,0,5.74604343337071,2,5
0.7115944728553527,0.0056671295198744654,0.024607421456068458,0.8830928754473307,0.6530604757227848,0.09485104029080728,0.7271960126889514,0.024782402546821552,0.8813487090911144,8.0,0.38170431582393516,0.7444683397116764,4.0,0.0,3.0,1.0,19.0,107.0,107.0,6.0,421.0,6.0,0.0,43.125,0.6666659712791443,272.0,272.0,0.0,0.0,0.0,464.0,0.4229518745554916,0.3777305516984455,0.3310360009482846,0.49442318330115936,0.60925311297005,0.31168365676612364,0.7118428331131958,0.7118371885618812,0.7118371885618812,1.0,1.0,1.0,1.0,1.0,1.0,1.0,1.0,1.0,1.0,0.0,0.0,1.0,0.0,0.0,1.0,1.0,1.0,1.0,1.0,1.0,0.0,1.0,0.0,0.0,0.0,1.0,1.0,0.0,1.0,0.0,1.0,1.0,1.0,1.0,1.0,0.0,0.0,0.0,0.0,1.0,1.0,0.0,0.0,1.0,1.0,0.0,1.0,1.0,1.0,0.0,1.0,0.0,0.0,0.0,1.0,1.0,0.0,0.0,1.0,1.0,0.0,1.0,1.0,1.0,0.0,1.0,0.0,0.0,1.0,1.0,0.0,1.0,1.0,0.0,0.0,0.0,0.0,0.0,0.0,1.0,1.0,1.0,1.0,1.0,1.0,1.0,1.0,1.0,1.0,1.0,1.0,1.0,1.0,1.0,1.0,1.0,1.0,1.0,0.0,332.95001220703125,332.95001220703125,0.0,332.95001220703125,332.95001220703125,0.0,0.0,0.0,0.0,0.0,0.0,1.0,1.0,0.0,0.0,0.0,0.0,0.0,0.0,1.0,1.0,1.0,1.0,1.0,0.0,0.0,0.0,0.0,0.0,0.0,0.0,1.0,1.0,0.0,0.0,0.0,0.0,1.0,0.0,0.0,0.0,0.0,0.0,0.0,0.0,0.0,1.0,1.0,1.0,1.0,1.0,1.0,1.0,1.0,1.0,1.0,1.0,0.0,0.0,0.0,0.0,0.0,0.0,0.0,0.0,0.0,0.0,0.0,0.0,0.0,0.0,0.0,0.0,1.0,0.0,0.0,0.0,0.0,1.0,1.0,0.0,0.0,0.0,0.0,0.0,0.0,0.0,0.0,0.0,1.0,1.0,1.0,1.0,1.0,1.0,1.0,1.0,1.0,1.0,1.0,1.0,1.0,1.0,1.0,1.0,1.0,0.0,0.0,0.0,0.0,0.0,0.0,0.0,0.0,0.0,0.0,0.0,0.0,0.0,0.0,1.0,0.0,0.0,0.0,0.0,1.0,0.0,1.0,0.0,0.0,1.0,1.0,0.0,0.0,0.0,0.0,0.0,0.0,0.0,0.0,0.0,1.0,0.0,332.95001220703125,332.95001220703125,0.0,332.95001220703125,0.0,332.95001220703125,0.0,0.0,0.0,0.0,0.0,0.0,0.0,0.0,0.0,0.0,0.0,0.0,0.0,0.0,0.0,0.0,0.0,0.0,0.0,0.0,0.0,-5.0,117605.5,0.0,0.0,0.0,0.0,0.0,0.0,100.0,0.7253474221334146,0.7640041318115623,0.8326446980729502,0.7313108905973065,0.7504402750025401,0.7338565832401982,0.733918673304659,0.7339327846829455,0.7313108905973065,0.7313108905973065,0.8373042751831656,0.7320841941274088,0.8372478296700195,0.8488360935189262,0.8371095381628114,0.7313108905973065,0.7313108905973065,0.7313108905973065,0.7313108905973065,0.7317172982919588,0.7688697350447613,0,4.851639562605798,0,3
0.7115944728553527,0.00016086971246655603,0.07636513473543988,0.8830928754473307,0.31506192072792133,0.01840405956130547,0.2703796525214211,0.03876395615312539,0.8813487090911144,8.0,0.38170431582393516,0.7444683397116764,1.0,0.0,2.0,2.0,13.0,276.0,276.0,19.0,110.0,19.0,0.0,43.125,0.6666659712791443,276.0,0.0,0.0,0.0,0.0,276.0,0.4229518745554916,0.04524107878664725,0.09193562953680812,0.49442318330115936,0.60925311297005,0.31168365676612364,0.24924927467515606,0.1825927682008557,0.2421710073266276,1.0,1.0,1.0,1.0,1.0,1.0,1.0,1.0,1.0,1.0,1.0,1.0,1.0,0.0,0.0,1.0,1.0,1.0,1.0,1.0,1.0,0.0,1.0,0.0,1.0,1.0,1.0,1.0,0.0,1.0,0.0,1.0,1.0,1.0,1.0,1.0,0.0,0.0,1.0,1.0,1.0,1.0,0.0,0.0,1.0,1.0,0.0,1.0,1.0,1.0,0.0,1.0,0.0,1.0,1.0,1.0,1.0,0.0,0.0,1.0,1.0,0.0,1.0,1.0,1.0,0.0,1.0,0.0,0.0,1.0,0.0,0.0,1.0,0.0,0.0,0.0,0.0,0.0,0.0,0.0,1.0,1.0,1.0,1.0,1.0,1.0,1.0,1.0,1.0,1.0,1.0,1.0,1.0,1.0,1.0,1.0,1.0,1.0,1.0,0.0,107.9499969482422,0.0,0.0,107.9499969482422,0.0,0.0,0.0,0.0,0.0,0.0,0.0,1.0,1.0,0.0,0.0,0.0,0.0,0.0,0.0,1.0,1.0,1.0,1.0,1.0,0.0,0.0,0.0,0.0,0.0,0.0,0.0,1.0,1.0,0.0,0.0,0.0,0.0,1.0,0.0,0.0,0.0,0.0,0.0,0.0,0.0,0.0,1.0,1.0,1.0,1.0,1.0,1.0,1.0,1.0,1.0,1.0,1.0,0.0,0.0,0.0,0.0,0.0,0.0,0.0,0.0,0.0,0.0,0.0,0.0,0.0,0.0,0.0,0.0,1.0,0.0,0.0,0.0,0.0,1.0,1.0,0.0,0.0,0.0,0.0,0.0,0.0,0.0,0.0,0.0,1.0,1.0,1.0,1.0,1.0,1.0,1.0,1.0,1.0,1.0,1.0,1.0,1.0,1.0,1.0,1.0,1.0,0.0,0.0,0.0,0.0,0.0,0.0,0.0,0.0,0.0,0.0,0.0,0.0,0.0,0.0,0.0,0.0,0.0,0.0,0.0,1.0,0.0,0.0,0.0,0.0,1.0,1.0,0.0,0.0,0.0,0.0,0.0,0.0,0.0,0.0,0.0,1.0,0.0,107.9499969482422,0.0,0.0,107.9499969482422,0.0,0.0,0.0,0.0,0.0,0.0,0.0,0.0,0.0,0.0,0.0,0.0,0.0,0.0,0.0,0.0,0.0,0.0,0.0,0.0,0.0,0.0,0.0,-5.0,117605.5,0.0,0.0,0.0,0.0,0.0,0.0,100.0,0.7253474221334146,0.7640041318115623,0.8326446980729502,0.7313108905973065,0.7504402750025401,0.7338565832401982,0.733918673304659,0.7339327846829455,0.7313108905973065,0.7313108905973065,0.8373042751831656,0.7320841941274088,0.8372478296700195,0.8488360935189262,0.8371095381628114,0.7313108905973065,0.7313108905973065,0.7313108905973065,0.7313108905973065,0.7317172982919588,0.7688697350447613,0,4.158101528024852,16,6
0.07953737257425407,0.0004741423104277441,0.0004769645860850521,0.8830928754473307,0.6530604757227848,0.028900102730833925,0.2703796525214211,0.014670188866686987,0.8813487090911144,9.0,0.014317404409523487,0.004010453709034668,2.0,0.0,0.0,0.0,2.0,0.0,0.0,8.0,19.0,9.0,0.0,0.7916659712791443,0.7916659712791443,10.0,26.0,0.0,0.0,0.0,42.0,0.5770283695149072,0.5770283695149072,0.5770283695149072,0.49442318330115936,0.60925311297005,0.3209435431977512,0.7118428331131958,0.7118371885618812,0.7118371885618812,1.0,1.0,1.0,1.0,1.0,1.0,1.0,1.0,1.0,0.0,1.0,1.0,1.0,0.0,0.0,1.0,1.0,1.0,1.0,1.0,1.0,0.0,0.0,0.0,0.0,1.0,1.0,1.0,0.0,1.0,0.0,1.0,1.0,1.0,1.0,0.0,0.0,0.0,1.0,1.0,1.0,1.0,0.0,0.0,1.0,1.0,0.0,1.0,1.0,1.0,0.0,0.0,0.0,0.0,1.0,1.0,1.0,0.0,0.0,1.0,1.0,0.0,1.0,1.0,1.0,0.0,0.0,0.0,3.0,3.0,3.0,1.0,1.0,1.0,1.0,1.0,1.0,1.0,1.0,1.0,1.0,2.0,2.0,2.0,1.0,1.0,1.0,2.0,2.0,2.0,2.0,2.0,2.0,1.0,1.0,1.0,2.0,2.0,2.0,1600.0,1600.0,1600.0,500.0,500.0,500.0,600.0,600.0,600.0,500.0,500.0,3.0,5.0,5.0,1.0,1.0,1.0,1.0,1.0,1.0,1.0,1.0,2.0,2.0,2.0,500.0,500.0,600.0,500.0,3.0,3.0,3.0,4.0,4.0,1.0,1.0,1.0,1.0,1.0,1.0,1.0,1.0,1.0,1.0,1.0,1.0,1.0,2.0,1.0,1.0,2.0,2.0,2.0,2.0,1.0,1.0,2.0,2.0,1600.0,1600.0,500.0,500.0,500.0,500.0,500.0,600.0,600.0,500.0,500.0,500.0,3.0,3.0,3.0,3.0,4.0,1.0,1.0,3.0,1.0,1.0,1.0,1.0,1.0,1.0,1.0,1.0,1.0,1.0,1.0,1.0,1.0,1.0,2.0,2.0,1.0,2.0,2.0,2.0,2.0,1.0,1.0,2.0,2.0,2.0,1.0,1.0,1.0,1600.0,1600.0,1600.0,500.0,500.0,500.0,500.0,500.0,600.0,600.0,600.0,500.0,500.0,2.0,2.0,1.0,3.0,3.0,1.0,1.0,1.0,1.0,1.0,1.0,2.0,2.0,0.0,0.0,0.0,0.0,0.0,0.0,0.0,2.0,2.0,1.0,1500.0,1500.0,1500.0,500.0,500.0,500.0,500.0,500.0,500.0,500.0,0.0,0.0,0.0,0.0,4.0,4.0,4.0,1.0,1.0,1.0,1.0,1.0,1.0,2600.0,2600.0,500.0,500.0,500.0,-5.0,95670.0,0.0,0.0,0.0,0.0,0.0,0.0,100.0,0.03691254332193134,0.11191734119054876,0.09010397263521523,0.126260146080988,0.12278592474684187,0.16532326345378806,0.011238301667400459,0.003937074541944661,0.143569162687258,0.1403291902326684,0.028431604971720797,0.06130264955238708,0.10807622402095257,0.0036915365597588647,0.12278874702249919,0.16282554949707048,0.25404432101692237,0.20965556947878214,0.11382519953488897,0.1654474435827096,0.09231381447488739,1,6.2166061010848646,19,3
0.7115944728553527,0.0025541594698637407,0.01877377767241282,0.8830928754473307,0.6530604757227848,0.5046285320779851,0.7271960126889514,0.026721305923392148,0.8813487090911144,9.0,0.0003019834953319561,0.7444683397116764,5.0,0.0,1.0,2.0,12.0,64.0,64.0,64.0,463.0,123.0,0.0,43.125,0.6666659712791443,0.0,26.0,0.0,0.0,0.0,572.0,0.5770283695149072,0.5770283695149072,0.5770283695149072,0.49442318330115936,0.60925311297005,0.31168365676612364,0.7118428331131958,0.7118371885618812,0.7118371885618812,1.0,1.0,1.0,1.0,1.0,1.0,1.0,1.0,1.0,0.0,0.0,0.0,1.0,0.0,0.0,1.0,1.0,1.0,1.0,1.0,1.0,0.0,1.0,0.0,0.0,0.0,1.0,1.0,0.0,1.0,0.0,1.0,1.0,1.0,1.0,1.0,0.0,0.0,1.0,1.0,1.0,1.0,0.0,0.0,0.0,0.0,0.0,1.0,1.0,1.0,0.0,1.0,0.0,0.0,0.0,1.0,1.0,0.0,0.0,1.0,1.0,0.0,1.0,1.0,1.0,0.0,1.0,0.0,0.0,0.0,0.0,0.0,0.0,0.0,0.0,0.0,0.0,0.0,0.0,0.0,1.0,1.0,1.0,1.0,1.0,1.0,1.0,1.0,1.0,1.0,1.0,1.0,1.0,1.0,1.0,1.0,1.0,1.0,1.0,0.0,0.0,0.0,0.0,0.0,0.0,0.0,0.0,0.0,0.0,0.0,0.0,1.0,1.0,0.0,0.0,0.0,0.0,0.0,0.0,1.0,1.0,1.0,1.0,1.0,0.0,0.0,0.0,0.0,0.0,0.0,0.0,1.0,1.0,0.0,0.0,0.0,0.0,1.0,0.0,0.0,0.0,0.0,0.0,0.0,0.0,0.0,1.0,1.0,1.0,1.0,1.0,1.0,1.0,1.0,1.0,1.0,1.0,0.0,0.0,0.0,0.0,0.0,0.0,0.0,0.0,0.0,0.0,0.0,0.0,0.0,0.0,0.0,0.0,1.0,0.0,0.0,0.0,0.0,1.0,1.0,0.0,0.0,0.0,0.0,0.0,0.0,0.0,0.0,0.0,1.0,1.0,1.0,1.0,1.0,1.0,1.0,1.0,1.0,1.0,1.0,1.0,1.0,1.0,1.0,1.0,1.0,0.0,0.0,0.0,0.0,0.0,0.0,0.0,0.0,0.0,0.0,0.0,0.0,0.0,0.0,0.0,0.0,0.0,0.0,0.0,0.0,0.0,0.0,0.0,0.0,1.0,1.0,0.0,0.0,0.0,0.0,0.0,0.0,0.0,0.0,0.0,1.0,0.0,0.0,0.0,0.0,0.0,0.0,0.0,0.0,0.0,0.0,0.0,0.0,0.0,0.0,0.0,0.0,0.0,0.0,0.0,0.0,0.0,0.0,0.0,0.0,0.0,0.0,0.0,0.0,-5.0,117605.5,0.0,0.0,0.0,0.0,0.0,0.0,100.0,0.7253474221334146,0.7640041318115623,0.8326446980729502,0.7313108905973065,0.7504402750025401,0.7338565832401982,0.733918673304659,0.7339327846829455,0.7313108905973065,0.7313108905973065,0.8373042751831656,0.7320841941274088,0.8372478296700195,0.8488360935189262,0.8371095381628114,0.7313108905973065,0.7313108905973065,0.7313108905973065,0.7313108905973065,0.7317172982919588,0.7688697350447613,0,4.690889061390629,16,3
0.7115944728553527,0.0019925266140594484,0.024607421456068458,0.8830928754473307,0.6530604757227848,0.09485104029080728,0.7271960126889514,0.035495760941962724,0.8813487090911144,0.0,0.15974080220363282,0.7444683397116764,1.0,0.0,1.0,1.0,1.0,0.0,98.0,8.0,19.0,9.0,0.0,43.125,0.6666659712791443,0.0,0.0,0.0,0.0,0.0,0.0,0.4229518745554916,0.3777305516984455,0.09193562953680812,0.49442318330115936,0.60925311297005,0.3673728000361251,0.038907892211648094,0.10557004323726307,0.2421710073266276,1.0,1.0,1.0,0.0,0.0,1.0,1.0,1.0,1.0,1.0,1.0,1.0,1.0,0.0,0.0,0.0,0.0,1.0,1.0,1.0,1.0,0.0,1.0,0.0,0.0,1.0,1.0,1.0,0.0,1.0,0.0,1.0,1.0,1.0,1.0,0.0,0.0,0.0,1.0,1.0,1.0,1.0,0.0,0.0,0.0,0.0,0.0,1.0,1.0,1.0,0.0,1.0,0.0,1.0,1.0,1.0,1.0,0.0,0.0,0.0,0.0,0.0,1.0,1.0,1.0,0.0,1.0,0.0,0.0,0.0,0.0,0.0,0.0,0.0,0.0,0.0,0.0,0.0,0.0,0.0,1.0,1.0,1.0,1.0,1.0,1.0,1.0,1.0,1.0,1.0,1.0,1.0,1.0,1.0,1.0,1.0,1.0,1.0,1.0,0.0,0.0,0.0,0.0,0.0,0.0,0.0,0.0,0.0,0.0,0.0,0.0,1.0,1.0,0.0,0.0,0.0,0.0,0.0,0.0,1.0,1.0,1.0,1.0,1.0,0.0,0.0,0.0,0.0,0.0,0.0,0.0,1.0,1.0,0.0,0.0,0.0,0.0,1.0,0.0,0.0,0.0,0.0,0.0,0.0,0.0,0.0,1.0,1.0,1.0,1.0,1.0,1.0,1.0,1.0,1.0,1.0,1.0,0.0,0.0,0.0,0.0,0.0,0.0,0.0,0.0,0.0,0.0,0.0,0.0,0.0,0.0,0.0,0.0,1.0,0.0,0.0,0.0,0.0,1.0,1.0,0.0,0.0,0.0,0.0,0.0,0.0,0.0,0.0,0.0,1.0,1.0,1.0,1.0,1.0,1.0,1.0,1.0,1.0,1.0,1.0,1.0,1.0,1.0,1.0,1.0,1.0,0.0,0.0,0.0,0.0,0.0,0.0,0.0,0.0,0.0,0.0,0.0,0.0,0.0,0.0,0.0,0.0,1.0,1.0,0.0,0.0,0.0,0.0,0.0,0.0,1.0,1.0,0.0,0.0,0.0,0.0,0.0,0.0,0.0,0.0,0.0,1.0,0.0,0.0,0.0,0.0,0.0,0.0,0.0,0.0,0.0,0.0,0.0,0.0,0.0,0.0,0.0,0.0,0.0,0.0,0.0,0.0,0.0,0.0,0.0,0.0,0.0,0.0,0.0,0.0,-5.0,117605.5,0.0,0.0,0.0,0.0,0.0,0.0,100.0,0.7253474221334146,0.7640041318115623,0.8326446980729502,0.7313108905973065,0.7504402750025401,0.7338565832401982,0.733918673304659,0.7339327846829455,0.7313108905973065,0.7313108905973065,0.8373042751831656,0.7320841941274088,0.8372478296700195,0.8488360935189262,0.8371095381628114,0.7313108905973065,0.7313108905973065,0.7313108905973065,0.7313108905973065,0.7317172982919588,0.7688697350447613,0,4.233381604239311,0,0
0.7115944728553527,0.0018344791772502004,0.024607421456068458,0.8830928754473307,0.6530604757227848,0.09485104029080728,0.7271960126889514,0.03876395615312539,0.8813487090911144,3.0,0.1693958072272835,0.7444683397116764,55.0,0.0,27.0,29.0,142.0,58.0,58.0,0.0,28.0,0.0,0.0,43.125,0.6666659712791443,58.0,58.0,0.0,0.0,0.0,58.0,0.4229518745554916,0.3777305516984455,0.3310360009482846,0.49442318330115936,0.60925311297005,0.31168365676612364,0.7118428331131958,0.7118371885618812,0.7118371885618812,1.0,1.0,1.0,1.0,1.0,1.0,1.0,1.0,1.0,1.0,1.0,1.0,1.0,0.0,0.0,1.0,1.0,1.0,1.0,1.0,1.0,0.0,1.0,0.0,1.0,1.0,2.0,2.0,0.0,1.0,0.0,2.0,2.0,2.0,2.0,2.0,0.0,0.0,1.0,1.0,1.0,1.0,0.0,0.0,1.0,1.0,0.0,1.0,1.0,1.0,0.0,1.0,0.0,1.0,1.0,1.0,1.0,0.0,0.0,1.0,1.0,0.0,1.0,1.0,1.0,0.0,1.0,0.0,1.0,1.0,1.0,0.0,0.0,0.0,1.0,1.0,1.0,0.0,0.0,0.0,1.0,1.0,1.0,1.0,1.0,1.0,1.0,1.0,1.0,1.0,1.0,1.0,1.0,1.0,1.0,1.0,1.0,1.0,1.0,147.9499969482422,147.9499969482422,147.9499969482422,0.0,0.0,0.0,147.9499969482422,147.9499969482422,147.9499969482422,0.0,0.0,0.0,1.0,1.0,0.0,0.0,0.0,0.0,0.0,0.0,1.0,1.0,1.0,1.0,1.0,0.0,0.0,0.0,0.0,0.0,0.0,0.0,1.0,1.0,0.0,0.0,0.0,0.0,1.0,0.0,0.0,0.0,0.0,0.0,0.0,0.0,0.0,1.0,1.0,1.0,1.0,1.0,1.0,1.0,1.0,1.0,1.0,1.0,0.0,0.0,0.0,0.0,0.0,0.0,0.0,0.0,0.0,0.0,0.0,0.0,0.0,0.0,0.0,0.0,1.0,0.0,0.0,0.0,0.0,1.0,1.0,0.0,0.0,0.0,0.0,0.0,0.0,0.0,0.0,0.0,1.0,1.0,1.0,1.0,1.0,1.0,1.0,1.0,1.0,1.0,1.0,1.0,1.0,1.0,1.0,1.0,1.0,0.0,0.0,0.0,0.0,0.0,0.0,0.0,0.0,0.0,0.0,0.0,0.0,0.0,1.0,1.0,0.0,0.0,0.0,0.0,1.0,0.0,0.0,0.0,0.0,1.0,2.0,1.0,0.0,0.0,0.0,0.0,0.0,0.0,0.0,0.0,1.0,147.9499969482422,255.8999938964844,147.9499969482422,0.0,107.9499969482422,0.0,0.0,0.0,0.0,0.0,147.9499969482422,147.9499969482422,0.0,0.0,0.0,0.0,0.0,0.0,0.0,0.0,0.0,0.0,0.0,0.0,0.0,0.0,0.0,0.0,-5.0,117605.5,0.0,0.0,0.0,0.0,0.0,0.0,100.0,0.7253474221334146,0.7640041318115623,0.8326446980729502,0.7313108905973065,0.7504402750025401,0.7338565832401982,0.733918673304659,0.7339327846829455,0.7313108905973065,0.7313108905973065,0.8373042751831656,0.7320841941274088,0.8372478296700195,0.8488360935189262,0.8371095381628114,0.7313108905973065,0.7313108905973065,0.7313108905973065,0.7313108905973065,0.7317172982919588,0.7688697350447613,0,5.003610679159292,0,6
0.7115944728553527,0.006756527923595353,0.01299940167756065,0.8830928754473307,0.6530604757227848,0.5046285320779851,0.7271960126889514,0.026128628035357468,0.8813487090911144,7.0,0.07852699788893781,0.7444683397116764,1.0,0.0,0.0,1.0,2.0,1.0,1.0,1.0,1.0,1.0,0.0,43.125,0.6666659712791443,1.0,1.0,0.0,0.0,0.0,1.0,0.4229518745554916,0.3777305516984455,0.3310360009482846,0.32066978245899236,0.21565572752621895,0.31168365676612364,0.24924927467515606,0.1825927682008557,0.045991804111491175,1.0,1.0,1.0,1.0,1.0,1.0,1.0,1.0,1.0,0.0,1.0,1.0,1.0,0.0,0.0,1.0,1.0,1.0,1.0,1.0,1.0,0.0,0.0,0.0,1.0,1.0,1.0,1.0,0.0,1.0,0.0,1.0,1.0,1.0,1.0,0.0,0.0,0.0,1.0,1.0,1.0,1.0,0.0,0.0,1.0,1.0,0.0,1.0,1.0,1.0,0.0,0.0,0.0,1.0,1.0,1.0,1.0,0.0,0.0,1.0,1.0,0.0,1.0,1.0,1.0,0.0,0.0,0.0,0.0,1.0,1.0,0.0,1.0,1.0,0.0,0.0,0.0,0.0,0.0,0.0,1.0,1.0,1.0,1.0,1.0,1.0,1.0,1.0,1.0,1.0,1.0,1.0,1.0,1.0,1.0,1.0,1.0,1.0,1.0,0.0,44.0,44.0,0.0,44.0,44.0,0.0,0.0,0.0,0.0,0.0,0.0,1.0,1.0,0.0,0.0,0.0,0.0,0.0,0.0,1.0,1.0,1.0,1.0,1.0,0.0,0.0,0.0,0.0,0.0,0.0,0.0,1.0,1.0,0.0,0.0,0.0,0.0,1.0,0.0,0.0,0.0,0.0,0.0,0.0,0.0,0.0,1.0,1.0,1.0,1.0,1.0,1.0,1.0,1.0,1.0,1.0,1.0,0.0,0.0,0.0,0.0,0.0,0.0,0.0,0.0,0.0,0.0,0.0,0.0,0.0,0.0,0.0,0.0,1.0,0.0,0.0,0.0,0.0,1.0,1.0,0.0,0.0,0.0,0.0,0.0,0.0,0.0,0.0,0.0,1.0,1.0,1.0,1.0,1.0,1.0,1.0,1.0,1.0,1.0,1.0,1.0,1.0,1.0,1.0,1.0,1.0,0.0,0.0,0.0,0.0,0.0,0.0,0.0,0.0,0.0,0.0,0.0,0.0,0.0,0.0,1.0,0.0,1.0,2.0,0.0,1.0,0.0,1.0,1.0,1.0,1.0,1.0,0.0,0.0,0.0,0.0,0.0,0.0,0.0,0.0,0.0,1.0,0.0,44.0,44.0,0.0,44.0,0.0,44.0,44.0,44.0,44.0,0.0,0.0,0.0,0.0,0.0,0.0,0.0,0.0,0.0,0.0,0.0,0.0,0.0,0.0,0.0,0.0,0.0,0.0,-5.0,117605.5,0.0,0.0,0.0,0.0,0.0,0.0,100.0,0.7253474221334146,0.7640041318115623,0.8326446980729502,0.7313108905973065,0.7504402750025401,0.7338565832401982,0.733918673304659,0.7339327846829455,0.7313108905973065,0.7313108905973065,0.8373042751831656,0.7320841941274088,0.8372478296700195,0.8488360935189262,0.8371095381628114,0.7313108905973065,0.7313108905973065,0.7313108905973065,0.7313108905973065,0.7317172982919588,0.7688697350447613,0,4.356708826689592,19,3
0.7115944728553527,0.0010301306149174201,0.007095201002472314,0.8830928754473307,0.31506192072792133,0.01840405956130547,0.2703796525214211,0.07170273534956706,0.8813487090911144,5.0,0.0011317325385805082,0.7444683397116764,2.0,0.0,0.0,1.0,2.0,0.0,98.0,8.0,213.0,213.0,0.0,43.125,0.6666659712791443,213.0,0.0,0.0,0.0,0.0,213.0,0.4229518745554916,0.3777305516984455,0.3310360009482846,0.32066978245899236,0.21565572752621895,0.31168365676612364,0.7118428331131958,0.7118371885618812,0.7118371885618812,1.0,1.0,1.0,1.0,1.0,1.0,1.0,1.0,1.0,0.0,0.0,0.0,1.0,0.0,0.0,1.0,1.0,1.0,1.0,1.0,1.0,0.0,0.0,0.0,0.0,0.0,1.0,1.0,0.0,1.0,0.0,1.0,1.0,1.0,1.0,0.0,0.0,0.0,1.0,1.0,1.0,1.0,0.0,0.0,1.0,1.0,0.0,1.0,1.0,1.0,0.0,0.0,0.0,0.0,0.0,1.0,1.0,0.0,0.0,1.0,1.0,0.0,1.0,1.0,1.0,0.0,0.0,0.0,0.0,0.0,0.0,0.0,0.0,0.0,0.0,0.0,0.0,0.0,0.0,0.0,1.0,1.0,1.0,1.0,1.0,1.0,1.0,1.0,1.0,1.0,1.0,1.0,1.0,1.0,1.0,1.0,1.0,1.0,1.0,0.0,0.0,0.0,0.0,0.0,0.0,0.0,0.0,0.0,0.0,0.0,0.0,1.0,1.0,0.0,0.0,0.0,0.0,0.0,0.0,1.0,1.0,1.0,1.0,1.0,0.0,0.0,0.0,0.0,0.0,0.0,0.0,1.0,1.0,0.0,0.0,0.0,0.0,1.0,0.0,0.0,0.0,0.0,0.0,0.0,0.0,0.0,1.0,1.0,1.0,1.0,1.0,1.0,1.0,1.0,1.0,1.0,1.0,0.0,0.0,0.0,0.0,0.0,0.0,0.0,0.0,0.0,0.0,0.0,0.0,0.0,0.0,0.0,0.0,1.0,0.0,0.0,0.0,0.0,1.0,1.0,0.0,0.0,0.0,0.0,0.0,0.0,0.0,0.0,0.0,1.0,1.0,1.0,1.0,1.0,1.0,1.0,1.0,1.0,1.0,1.0,1.0,1.0,1.0,1.0,1.0,1.0,0.0,0.0,0.0,0.0,0.0,0.0,0.0,0.0,0.0,0.0,0.0,0.0,0.0,0.0,0.0,0.0,1.0,1.0,0.0,0.0,0.0,0.0,0.0,0.0,1.0,1.0,0.0,0.0,0.0,0.0,0.0,0.0,0.0,0.0,0.0,1.0,0.0,0.0,0.0,0.0,0.0,0.0,0.0,0.0,0.0,0.0,0.0,0.0,0.0,0.0,0.0,0.0,0.0,0.0,0.0,0.0,0.0,0.0,0.0,0.0,0.0,0.0,0.0,0.0,-5.0,117605.5,0.0,0.0,0.0,0.0,0.0,0.0,100.0,0.7253474221334146,0.7640041318115623,0.8326446980729502,0.7313108905973065,0.7504402750025401,0.7338565832401982,0.733918673304659,0.7339327846829455,0.7313108905973065,0.7313108905973065,0.8373042751831656,0.7320841941274088,0.8372478296700195,0.8488360935189262,0.8371095381628114,0.7313108905973065,0.7313108905973065,0.7313108905973065,0.7313108905973065,0.7317172982919588,0.7688697350447613,0,4.584967478670572,20,1
0.7115944728553527,0.0173203057088992,0.08156376649620121,0.8830928754473307,0.6530604757227848,0.5046285320779851,0.7271960126889514,0.009310687393459093,0.8813487090911144,6.0,0.07852699788893781,0.7444683397116764,2.0,0.0,1.0,1.0,15.0,311.0,311.0,30.0,441.0,30.0,0.0,43.125,0.6666659712791443,441.0,373.0,0.0,0.0,0.0,441.0,0.4229518745554916,0.3777305516984455,0.09193562953680812,0.49442318330115936,0.60925311297005,0.31168365676612364,0.24924927467515606,0.1825927682008557,0.2421710073266276,1.0,1.0,1.0,1.0,1.0,1.0,1.0,1.0,1.0,1.0,0.0,0.0,1.0,0.0,0.0,1.0,1.0,1.0,1.0,1.0,1.0,0.0,1.0,0.0,0.0,0.0,1.0,1.0,0.0,1.0,0.0,1.0,1.0,1.0,1.0,1.0,0.0,0.0,1.0,1.0,1.0,1.0,0.0,0.0,1.0,1.0,0.0,1.0,1.0,1.0,0.0,1.0,0.0,0.0,0.0,1.0,1.0,0.0,0.0,1.0,1.0,0.0,1.0,1.0,1.0,0.0,1.0,0.0,0.0,1.0,0.0,0.0,1.0,0.0,0.0,0.0,0.0,0.0,0.0,0.0,1.0,1.0,1.0,1.0,1.0,1.0,1.0,1.0,1.0,1.0,1.0,1.0,1.0,1.0,1.0,1.0,1.0,1.0,1.0,0.0,250.0,0.0,0.0,250.0,0.0,0.0,0.0,0.0,0.0,0.0,0.0,1.0,1.0,0.0,0.0,0.0,0.0,0.0,0.0,1.0,1.0,1.0,1.0,1.0,0.0,0.0,0.0,0.0,0.0,0.0,0.0,1.0,1.0,0.0,0.0,0.0,0.0,1.0,0.0,0.0,0.0,0.0,0.0,0.0,0.0,0.0,1.0,1.0,1.0,1.0,1.0,1.0,1.0,1.0,1.0,1.0,1.0,0.0,0.0,0.0,0.0,0.0,0.0,0.0,0.0,0.0,0.0,0.0,0.0,0.0,0.0,0.0,0.0,1.0,0.0,0.0,0.0,0.0,1.0,1.0,0.0,0.0,0.0,0.0,0.0,0.0,0.0,0.0,0.0,1.0,1.0,1.0,1.0,1.0,1.0,1.0,1.0,1.0,1.0,1.0,1.0,1.0,1.0,1.0,1.0,1.0,0.0,0.0,0.0,0.0,0.0,0.0,0.0,0.0,0.0,0.0,0.0,0.0,0.0,0.0,0.0,0.0,0.0,0.0,0.0,1.0,0.0,0.0,0.0,0.0,1.0,1.0,0.0,0.0,0.0,0.0,0.0,0.0,0.0,0.0,0.0,1.0,0.0,250.0,0.0,0.0,250.0,0.0,0.0,0.0,0.0,0.0,0.0,0.0,0.0,0.0,0.0,0.0,0.0,0.0,0.0,0.0,0.0,0.0,0.0,0.0,0.0,0.0,0.0,0.0,-5.0,117605.5,0.0,0.0,0.0,0.0,0.0,0.0,100.0,0.7253474221334146,0.7640041318115623,0.8326446980729502,0.7313108905973065,0.7504402750025401,0.7338565832401982,0.733918673304659,0.7339327846829455,0.7313108905973065,0.7313108905973065,0.8373042751831656,0.7320841941274088,0.8372478296700195,0.8488360935189262,0.8371095381628114,0.7313108905973065,0.7313108905973065,0.7313108905973065,0.7313108905973065,0.7317172982919588,0.7688697350447613,0,4.110873864173311,12,0
0.7115944728553527,0.007035933213668845,0.010309772976146126,0.8830928754473307,0.31506192072792133,0.041323760174303746,0.7271960126889514,0.0269160429437464,0.8813487090911144,15.0,0.38170431582393516,0.7444683397116764,7.0,0.0,8.0,4.0,45.0,426.0,426.0,0.0,140.0,0.0,0.0,43.125,0.6666659712791443,140.0,425.0,0.0,0.0,0.0,524.0,0.4229518745554916,0.3777305516984455,0.3310360009482846,0.49442318330115936,0.60925311297005,0.31168365676612364,0.24924927467515606,0.1825927682008557,0.045991804111491175,1.0,1.0,1.0,1.0,1.0,1.0,1.0,1.0,1.0,1.0,1.0,1.0,1.0,0.0,0.0,1.0,1.0,1.0,1.0,1.0,1.0,0.0,1.0,0.0,1.0,1.0,1.0,1.0,0.0,1.0,0.0,1.0,1.0,1.0,1.0,1.0,0.0,0.0,1.0,1.0,1.0,1.0,0.0,0.0,1.0,1.0,0.0,1.0,1.0,1.0,0.0,1.0,0.0,0.0,0.0,1.0,1.0,0.0,0.0,1.0,1.0,0.0,1.0,1.0,1.0,0.0,1.0,0.0,1.0,1.0,1.0,1.0,1.0,1.0,0.0,0.0,0.0,0.0,0.0,0.0,1.0,1.0,1.0,1.0,1.0,1.0,1.0,1.0,1.0,1.0,1.0,1.0,1.0,1.0,1.0,1.0,1.0,1.0,1.0,57.95000076293945,57.95000076293945,57.95000076293945,57.95000076293945,57.95000076293945,57.95000076293945,0.0,0.0,0.0,0.0,0.0,0.0,1.0,1.0,0.0,0.0,0.0,0.0,0.0,0.0,1.0,1.0,1.0,1.0,1.0,0.0,0.0,0.0,0.0,0.0,0.0,0.0,1.0,1.0,0.0,0.0,0.0,0.0,1.0,0.0,0.0,0.0,0.0,0.0,0.0,0.0,0.0,1.0,1.0,1.0,1.0,1.0,1.0,1.0,1.0,1.0,1.0,1.0,0.0,0.0,0.0,0.0,0.0,0.0,0.0,0.0,0.0,0.0,0.0,0.0,0.0,0.0,0.0,0.0,1.0,0.0,0.0,0.0,0.0,1.0,1.0,0.0,0.0,0.0,0.0,0.0,0.0,0.0,0.0,0.0,1.0,1.0,1.0,1.0,1.0,1.0,1.0,1.0,1.0,1.0,1.0,1.0,1.0,1.0,1.0,1.0,1.0,0.0,0.0,0.0,0.0,0.0,0.0,0.0,0.0,0.0,0.0,0.0,0.0,0.0,1.0,1.0,0.0,0.0,0.0,1.0,1.0,1.0,1.0,0.0,0.0,1.0,1.0,0.0,0.0,0.0,0.0,0.0,0.0,0.0,0.0,0.0,1.0,57.95000076293945,57.95000076293945,57.95000076293945,57.95000076293945,57.95000076293945,57.95000076293945,57.95000076293945,0.0,0.0,0.0,0.0,0.0,0.0,0.0,0.0,0.0,0.0,0.0,0.0,0.0,0.0,0.0,0.0,0.0,0.0,0.0,0.0,0.0,-5.0,117605.5,0.0,0.0,0.0,0.0,0.0,0.0,100.0,0.7253474221334146,0.7640041318115623,0.8326446980729502,0.7313108905973065,0.7504402750025401,0.7338565832401982,0.733918673304659,0.7339327846829455,0.7313108905973065,0.7313108905973065,0.8373042751831656,0.7320841941274088,0.8372478296700195,0.8488360935189262,0.8371095381628114,0.7313108905973065,0.7313108905973065,0.7313108905973065,0.7313108905973065,0.7317172982919588,0.7688697350447613,0,3.4641721808235437,1,0
0.7115944728553527,0.006756527923595353,0.01299940167756065,0.8830928754473307,0.6530604757227848,0.5046285320779851,0.7271960126889514,0.07061615922150348,0.8813487090911144,9.0,0.1693958072272835,0.7444683397116764,1.0,0.0,0.0,1.0,5.0,347.0,66.0,2.0,66.0,2.0,0.0,43.125,0.6666659712791443,4.0,26.0,0.0,0.0,0.0,347.0,0.5770283695149072,0.5770283695149072,0.5770283695149072,0.08535126042830855,0.21565572752621895,0.31168365676612364,0.7118428331131958,0.7118371885618812,0.7118371885618812,1.0,1.0,1.0,1.0,1.0,1.0,1.0,1.0,1.0,0.0,1.0,1.0,1.0,0.0,0.0,1.0,1.0,1.0,1.0,1.0,1.0,0.0,0.0,0.0,1.0,1.0,1.0,1.0,0.0,1.0,0.0,1.0,1.0,1.0,1.0,0.0,0.0,0.0,1.0,1.0,1.0,1.0,0.0,0.0,0.0,0.0,0.0,1.0,1.0,1.0,0.0,0.0,0.0,1.0,1.0,1.0,1.0,0.0,0.0,0.0,0.0,0.0,1.0,1.0,1.0,0.0,0.0,0.0,0.0,1.0,1.0,0.0,1.0,1.0,0.0,0.0,0.0,0.0,0.0,0.0,1.0,1.0,1.0,1.0,1.0,1.0,1.0,1.0,1.0,1.0,1.0,1.0,1.0,1.0,1.0,1.0,1.0,1.0,1.0,0.0,54.5,54.5,0.0,54.5,54.5,0.0,0.0,0.0,0.0,0.0,0.0,1.0,1.0,0.0,0.0,0.0,0.0,0.0,0.0,1.0,1.0,1.0,1.0,1.0,0.0,0.0,0.0,0.0,0.0,0.0,0.0,1.0,1.0,0.0,0.0,0.0,0.0,1.0,0.0,0.0,0.0,0.0,0.0,0.0,0.0,0.0,1.0,1.0,1.0,1.0,1.0,1.0,1.0,1.0,1.0,1.0,1.0,0.0,0.0,0.0,0.0,0.0,0.0,0.0,0.0,0.0,0.0,0.0,0.0,0.0,0.0,0.0,0.0,1.0,0.0,0.0,0.0,0.0,1.0,1.0,0.0,0.0,0.0,0.0,0.0,0.0,0.0,0.0,0.0,1.0,1.0,1.0,1.0,1.0,1.0,1.0,1.0,1.0,1.0,1.0,1.0,1.0,1.0,1.0,1.0,1.0,0.0,0.0,0.0,0.0,0.0,0.0,0.0,0.0,0.0,0.0,0.0,0.0,0.0,0.0,3.0,0.0,0.0,0.0,0.0,3.0,0.0,3.0,0.0,0.0,1.0,3.0,0.0,0.0,0.0,0.0,0.0,0.0,0.0,0.0,0.0,1.0,0.0,397.5,397.5,0.0,397.5,0.0,397.5,0.0,0.0,0.0,0.0,0.0,0.0,0.0,0.0,0.0,0.0,0.0,0.0,0.0,0.0,0.0,0.0,0.0,0.0,0.0,0.0,0.0,-5.0,117605.5,0.0,0.0,0.0,0.0,0.0,0.0,100.0,0.7253474221334146,0.7640041318115623,0.8326446980729502,0.7313108905973065,0.7504402750025401,0.7338565832401982,0.733918673304659,0.7339327846829455,0.7313108905973065,0.7313108905973065,0.8373042751831656,0.7320841941274088,0.8372478296700195,0.8488360935189262,0.8371095381628114,0.7313108905973065,0.7313108905973065,0.7313108905973065,0.7313108905973065,0.7317172982919588,0.7688697350447613,0,4.0943445622221,18,3
0.7115944728553527,0.0026388277395829806,0.003090391844752261,0.8830928754473307,0.31506192072792133,0.041323760174303746,0.7271960126889514,0.014670188866686987,0.8813487090911144,13.0,0.38170431582393516,0.7444683397116764,1.0,0.0,0.0,1.0,1.0,0.0,98.0,8.0,0.0,9.0,0.0,43.125,0.6666659712791443,0.0,0.0,0.0,0.0,0.0,0.0,0.4229518745554916,0.04524107878664725,0.09193562953680812,0.32066978245899236,0.21565572752621895,0.31168365676612364,0.24924927467515606,0.1825927682008557,0.2421710073266276,1.0,1.0,1.0,1.0,1.0,1.0,1.0,1.0,1.0,0.0,1.0,1.0,1.0,0.0,0.0,1.0,1.0,1.0,1.0,1.0,1.0,0.0,0.0,0.0,1.0,1.0,1.0,1.0,0.0,1.0,0.0,1.0,1.0,1.0,1.0,0.0,0.0,0.0,1.0,1.0,1.0,1.0,0.0,0.0,1.0,1.0,0.0,1.0,1.0,1.0,0.0,0.0,0.0,1.0,1.0,1.0,1.0,0.0,0.0,1.0,1.0,0.0,1.0,1.0,1.0,0.0,0.0,0.0,0.0,0.0,0.0,0.0,0.0,0.0,0.0,0.0,0.0,0.0,0.0,0.0,1.0,1.0,1.0,1.0,1.0,1.0,1.0,1.0,1.0,1.0,1.0,1.0,1.0,1.0,1.0,1.0,1.0,1.0,1.0,0.0,0.0,0.0,0.0,0.0,0.0,0.0,0.0,0.0,0.0,0.0,0.0,1.0,1.0,0.0,0.0,0.0,0.0,0.0,0.0,1.0,1.0,1.0,1.0,1.0,0.0,0.0,0.0,0.0,0.0,0.0,0.0,1.0,1.0,0.0,0.0,0.0,0.0,1.0,0.0,0.0,0.0,0.0,0.0,0.0,0.0,0.0,1.0,1.0,1.0,1.0,1.0,1.0,1.0,1.0,1.0,1.0,1.0,0.0,0.0,0.0,0.0,0.0,0.0,0.0,0.0,0.0,0.0,0.0,0.0,0.0,0.0,0.0,0.0,1.0,0.0,0.0,0.0,0.0,1.0,1.0,0.0,0.0,0.0,0.0,0.0,0.0,0.0,0.0,0.0,1.0,1.0,1.0,1.0,1.0,1.0,1.0,1.0,1.0,1.0,1.0,1.0,1.0,1.0,1.0,1.0,1.0,0.0,0.0,0.0,0.0,0.0,0.0,0.0,0.0,0.0,0.0,0.0,0.0,0.0,0.0,0.0,0.0,1.0,1.0,0.0,0.0,0.0,0.0,0.0,0.0,1.0,1.0,0.0,0.0,0.0,0.0,0.0,0.0,0.0,0.0,0.0,1.0,0.0,0.0,0.0,0.0,0.0,0.0,0.0,0.0,0.0,0.0,0.0,0.0,0.0,0.0,0.0,0.0,0.0,0.0,0.0,0.0,0.0,0.0,0.0,0.0,0.0,0.0,0.0,0.0,-5.0,117605.5,0.0,0.0,0.0,0.0,0.0,0.0,100.0,0.7253474221334146,0.7640041318115623,0.8326446980729502,0.7313108905973065,0.7504402750025401,0.7338565832401982,0.733918673304659,0.7339327846829455,0.7313108905973065,0.7313108905973065,0.8373042751831656,0.7320841941274088,0.8372478296700195,0.8488360935189262,0.8371095381628114,0.7313108905973065,0.7313108905973065,0.7313108905973065,0.7313108905973065,0.7317172982919588,0.7688697350447613,0,3.4011973816621555,23,3
0.7115944728553527,0.0010950429550355043,0.07636513473543988,0.8830928754473307,0.6530604757227848,0.5046285320779851,0.7271960126889514,0.013208250076201442,0.8813487090911144,15.0,0.38170431582393516,0.7444683397116764,1.0,0.0,1.0,1.0,1.0,0.0,98.0,8.0,0.0,9.0,0.0,43.125,0.6666659712791443,0.0,0.0,0.0,0.0,0.0,0.0,0.4229518745554916,0.3777305516984455,0.3310360009482846,0.49442318330115936,0.60925311297005,0.31168365676612364,0.7118428331131958,0.7118371885618812,0.7118371885618812,1.0,1.0,1.0,1.0,1.0,1.0,1.0,1.0,1.0,1.0,1.0,1.0,1.0,0.0,0.0,1.0,1.0,1.0,1.0,1.0,1.0,0.0,1.0,0.0,1.0,1.0,1.0,1.0,0.0,1.0,0.0,1.0,1.0,1.0,1.0,1.0,0.0,0.0,1.0,1.0,1.0,1.0,0.0,0.0,1.0,1.0,0.0,1.0,1.0,1.0,0.0,1.0,0.0,1.0,1.0,1.0,1.0,0.0,0.0,1.0,1.0,0.0,1.0,1.0,1.0,0.0,1.0,0.0,0.0,0.0,0.0,0.0,0.0,0.0,0.0,0.0,0.0,0.0,0.0,0.0,1.0,1.0,1.0,1.0,1.0,1.0,1.0,1.0,1.0,1.0,1.0,1.0,1.0,1.0,1.0,1.0,1.0,1.0,1.0,0.0,0.0,0.0,0.0,0.0,0.0,0.0,0.0,0.0,0.0,0.0,0.0,1.0,1.0,0.0,0.0,0.0,0.0,0.0,0.0,1.0,1.0,1.0,1.0,1.0,0.0,0.0,0.0,0.0,0.0,0.0,0.0,1.0,1.0,0.0,0.0,0.0,0.0,1.0,0.0,0.0,0.0,0.0,0.0,0.0,0.0,0.0,1.0,1.0,1.0,1.0,1.0,1.0,1.0,1.0,1.0,1.0,1.0,0.0,0.0,0.0,0.0,0.0,0.0,0.0,0.0,0.0,0.0,0.0,0.0,0.0,0.0,0.0,0.0,1.0,0.0,0.0,0.0,0.0,1.0,1.0,0.0,0.0,0.0,0.0,0.0,0.0,0.0,0.0,0.0,1.0,1.0,1.0,1.0,1.0,1.0,1.0,1.0,1.0,1.0,1.0,1.0,1.0,1.0,1.0,1.0,1.0,0.0,0.0,0.0,0.0,0.0,0.0,0.0,0.0,0.0,0.0,0.0,0.0,0.0,0.0,0.0,0.0,1.0,1.0,0.0,0.0,0.0,0.0,0.0,0.0,1.0,1.0,0.0,0.0,0.0,0.0,0.0,0.0,0.0,0.0,0.0,1.0,0.0,0.0,0.0,0.0,0.0,0.0,0.0,0.0,0.0,0.0,0.0,0.0,0.0,0.0,0.0,0.0,0.0,0.0,0.0,0.0,0.0,0.0,0.0,0.0,0.0,0.0,0.0,0.0,-5.0,117605.5,0.0,0.0,0.0,0.0,0.0,0.0,100.0,0.7253474221334146,0.7640041318115623,0.8326446980729502,0.7313108905973065,0.7504402750025401,0.7338565832401982,0.733918673304659,0.7339327846829455,0.7313108905973065,0.7313108905973065,0.8373042751831656,0.7320841941274088,0.8372478296700195,0.8488360935189262,0.8371095381628114,0.7313108905973065,0.7313108905973065,0.7313108905973065,0.7313108905973065,0.7317172982919588,0.7688697350447613,0,3.08876713952118,18,2
0.7115944728553527,0.00038665176505119607,0.011986204716587078,0.8830928754473307,0.31506192072792133,0.01840405956130547,0.2703796525214211,0.07061615922150348,0.8813487090911144,10.0,0.07852699788893781,0.7444683397116764,3.0,0.0,1.0,1.0,13.0,508.0,508.0,33.0,507.0,33.0,0.0,43.125,0.6666659712791443,507.0,466.0,0.0,0.0,0.0,507.0,0.4229518745554916,0.3777305516984455,0.3310360009482846,0.49442318330115936,0.60925311297005,0.3673728000361251,0.24924927467515606,0.1825927682008557,0.2421710073266276,1.0,1.0,1.0,1.0,1.0,1.0,1.0,1.0,1.0,1.0,0.0,0.0,1.0,0.0,0.0,1.0,1.0,1.0,1.0,1.0,1.0,0.0,1.0,0.0,0.0,0.0,1.0,1.0,0.0,1.0,0.0,1.0,1.0,1.0,1.0,1.0,0.0,0.0,0.0,0.0,1.0,1.0,0.0,0.0,1.0,1.0,0.0,1.0,1.0,1.0,0.0,1.0,0.0,0.0,0.0,1.0,1.0,0.0,0.0,1.0,1.0,0.0,1.0,1.0,1.0,0.0,1.0,0.0,0.0,0.0,0.0,0.0,0.0,0.0,0.0,0.0,0.0,0.0,0.0,0.0,1.0,1.0,1.0,1.0,1.0,1.0,1.0,1.0,1.0,1.0,1.0,1.0,1.0,1.0,1.0,1.0,1.0,1.0,1.0,0.0,0.0,0.0,0.0,0.0,0.0,0.0,0.0,0.0,0.0,0.0,0.0,1.0,1.0,0.0,0.0,0.0,0.0,0.0,0.0,1.0,1.0,1.0,1.0,1.0,0.0,0.0,0.0,0.0,0.0,0.0,0.0,1.0,1.0,0.0,0.0,0.0,0.0,1.0,0.0,0.0,0.0,0.0,0.0,0.0,0.0,0.0,1.0,1.0,1.0,1.0,1.0,1.0,1.0,1.0,1.0,1.0,1.0,0.0,0.0,0.0,0.0,0.0,0.0,0.0,0.0,0.0,0.0,0.0,0.0,0.0,0.0,0.0,0.0,1.0,0.0,0.0,0.0,0.0,1.0,1.0,0.0,0.0,0.0,0.0,0.0,0.0,0.0,0.0,0.0,1.0,1.0,1.0,1.0,1.0,1.0,1.0,1.0,1.0,1.0,1.0,1.0,1.0,1.0,1.0,1.0,1.0,0.0,0.0,0.0,0.0,0.0,0.0,0.0,0.0,0.0,0.0,0.0,0.0,0.0,0.0,0.0,0.0,0.0,0.0,0.0,0.0,0.0,0.0,0.0,0.0,1.0,1.0,0.0,0.0,0.0,0.0,0.0,0.0,0.0,0.0,0.0,1.0,0.0,0.0,0.0,0.0,0.0,0.0,0.0,0.0,0.0,0.0,0.0,0.0,0.0,0.0,0.0,0.0,0.0,0.0,0.0,0.0,0.0,0.0,0.0,0.0,0.0,0.0,0.0,0.0,-5.0,117605.5,0.0,0.0,0.0,0.0,0.0,0.0,100.0,0.7253474221334146,0.7640041318115623,0.8326446980729502,0.7313108905973065,0.7504402750025401,0.7338565832401982,0.733918673304659,0.7339327846829455,0.7313108905973065,0.7313108905973065,0.8373042751831656,0.7320841941274088,0.8372478296700195,0.8488360935189262,0.8371095381628114,0.7313108905973065,0.7313108905973065,0.7313108905973065,0.7313108905973065,0.7317172982919588,0.7688697350447613,0,4.74449725120919,0,4
0.7115944728553527,0.00016933653943848004,0.00016933653943848004,0.8830928754473307,0.6530604757227848,0.09485104029080728,0.7271960126889514,0.07061615922150348,0.8813487090911144,9.0,0.38170431582393516,0.7444683397116764,1.0,0.0,0.0,1.0,2.0,39.0,39.0,39.0,39.0,39.0,0.0,43.125,0.6666659712791443,39.0,26.0,0.0,0.0,0.0,39.0,0.5770283695149072,0.5770283695149072,0.5770283695149072,0.32066978245899236,0.17509115950373105,0.3673728000361251,0.7118428331131958,0.7118371885618812,0.7118371885618812,1.0,1.0,1.0,1.0,1.0,1.0,1.0,1.0,1.0,0.0,1.0,1.0,1.0,0.0,0.0,1.0,1.0,1.0,1.0,1.0,1.0,0.0,0.0,0.0,1.0,1.0,1.0,1.0,0.0,1.0,0.0,1.0,1.0,1.0,1.0,0.0,0.0,0.0,1.0,1.0,1.0,1.0,0.0,0.0,1.0,1.0,0.0,1.0,1.0,1.0,0.0,0.0,0.0,1.0,1.0,1.0,1.0,0.0,0.0,1.0,1.0,0.0,1.0,1.0,1.0,0.0,0.0,0.0,0.0,0.0,0.0,0.0,0.0,0.0,0.0,0.0,0.0,0.0,0.0,0.0,1.0,1.0,1.0,1.0,1.0,1.0,1.0,1.0,1.0,1.0,1.0,1.0,1.0,1.0,1.0,1.0,1.0,1.0,1.0,0.0,0.0,0.0,0.0,0.0,0.0,0.0,0.0,0.0,0.0,0.0,0.0,1.0,1.0,0.0,0.0,0.0,0.0,0.0,0.0,1.0,1.0,1.0,1.0,1.0,0.0,0.0,0.0,0.0,0.0,0.0,0.0,1.0,1.0,0.0,0.0,0.0,0.0,1.0,0.0,0.0,0.0,0.0,0.0,0.0,0.0,0.0,1.0,1.0,1.0,1.0,1.0,1.0,1.0,1.0,1.0,1.0,1.0,0.0,0.0,0.0,0.0,0.0,0.0,0.0,0.0,0.0,0.0,0.0,0.0,0.0,0.0,0.0,0.0,1.0,0.0,0.0,0.0,0.0,1.0,1.0,0.0,0.0,0.0,0.0,0.0,0.0,0.0,0.0,0.0,1.0,1.0,1.0,1.0,1.0,1.0,1.0,1.0,1.0,1.0,1.0,1.0,1.0,1.0,1.0,1.0,1.0,0.0,0.0,0.0,0.0,0.0,0.0,0.0,0.0,0.0,0.0,0.0,0.0,0.0,0.0,0.0,0.0,1.0,1.0,0.0,0.0,0.0,0.0,1.0,1.0,1.0,1.0,0.0,0.0,0.0,0.0,0.0,0.0,0.0,0.0,0.0,1.0,0.0,0.0,0.0,0.0,0.0,0.0,0.0,181.0,181.0,181.0,0.0,0.0,0.0,0.0,0.0,0.0,0.0,0.0,0.0,0.0,0.0,0.0,0.0,0.0,0.0,0.0,0.0,0.0,-5.0,117605.5,0.0,0.0,0.0,0.0,0.0,0.0,100.0,0.7253474221334146,0.7640041318115623,0.8326446980729502,0.7313108905973065,0.7504402750025401,0.7338565832401982,0.733918673304659,0.7339327846829455,0.7313108905973065,0.7313108905973065,0.8373042751831656,0.7320841941274088,0.8372478296700195,0.8488360935189262,0.8371095381628114,0.7313108905973065,0.7313108905973065,0.7313108905973065,0.7313108905973065,0.7317172982919588,0.7688697350447613,0,4.770684624465665,15,6
0.07953737257425407,1.4111378286540002e-05,0.015499937909935538,0.8830928754473307,0.017746469333152708,0.020187737776724127,0.2703796525214211,0.034417651640871065,0.8813487090911144,9.0,0.04797868617423601,0.04003115792325668,1.0,0.0,0.0,0.0,1.0,0.0,98.0,8.0,19.0,9.0,0.0,73.70833587646484,0.7083330154418945,10.0,26.0,0.0,0.0,0.0,42.0,0.5770283695149072,0.5770283695149072,0.5770283695149072,0.49442318330115936,0.60925311297005,0.3209435431977512,0.7118428331131958,0.7118371885618812,0.7118371885618812,1.0,1.0,1.0,1.0,1.0,1.0,1.0,1.0,1.0,0.0,1.0,1.0,1.0,0.0,0.0,1.0,1.0,1.0,1.0,1.0,1.0,0.0,0.0,0.0,0.0,1.0,1.0,1.0,0.0,1.0,0.0,1.0,1.0,1.0,1.0,0.0,0.0,0.0,1.0,1.0,1.0,1.0,0.0,0.0,1.0,1.0,0.0,1.0,1.0,1.0,0.0,0.0,0.0,0.0,1.0,1.0,1.0,0.0,0.0,1.0,1.0,0.0,1.0,1.0,1.0,0.0,0.0,0.0,0.0,0.0,0.0,0.0,0.0,0.0,0.0,0.0,0.0,0.0,0.0,0.0,1.0,1.0,1.0,1.0,1.0,1.0,1.0,1.0,1.0,1.0,1.0,1.0,1.0,1.0,1.0,1.0,1.0,1.0,1.0,0.0,0.0,0.0,0.0,0.0,0.0,0.0,0.0,0.0,0.0,0.0,0.0,1.0,1.0,0.0,0.0,0.0,0.0,0.0,0.0,1.0,1.0,1.0,1.0,1.0,0.0,0.0,0.0,0.0,0.0,0.0,0.0,1.0,1.0,0.0,0.0,0.0,0.0,1.0,0.0,0.0,0.0,0.0,0.0,0.0,0.0,0.0,1.0,1.0,1.0,1.0,1.0,1.0,1.0,1.0,1.0,1.0,1.0,0.0,0.0,0.0,0.0,0.0,0.0,0.0,0.0,0.0,0.0,0.0,0.0,0.0,0.0,0.0,0.0,1.0,0.0,0.0,0.0,0.0,1.0,1.0,0.0,0.0,0.0,0.0,0.0,0.0,0.0,0.0,0.0,1.0,1.0,1.0,1.0,1.0,1.0,1.0,1.0,1.0,1.0,1.0,1.0,1.0,1.0,1.0,1.0,1.0,0.0,0.0,0.0,0.0,0.0,0.0,0.0,0.0,0.0,0.0,0.0,0.0,0.0,0.0,0.0,0.0,1.0,1.0,0.0,0.0,0.0,0.0,0.0,0.0,1.0,1.0,0.0,0.0,0.0,0.0,0.0,0.0,0.0,1.0,1.0,1.0,0.0,0.0,0.0,0.0,0.0,0.0,0.0,0.0,0.0,0.0,0.0,0.0,0.0,0.0,0.0,0.0,0.0,0.0,0.0,0.0,0.0,0.0,0.0,0.0,0.0,0.0,0.0,0.0,-5.0,77679.0,0.0,0.0,0.0,-10.0,0.0,0.0,96.43000030517578,0.23774003454465403,0.11191734119054876,0.09010397263521523,0.12329957891647193,0.12677380025061807,0.16532326345378806,0.02339102064776871,0.0054357029159752095,0.143569162687258,0.1403291902326684,0.04216479832018153,0.004241880312933925,0.10807622402095257,0.035066775042051905,0.12278874702249919,0.16282554949707048,0.25404432101692237,0.20965556947878214,0.1548639098678046,0.1654474435827096,0.09231381447488739,1,4.61512051684126,17,0
0.7115944728553527,2.2578205258464003e-05,0.07187207188900555,0.8830928754473307,0.6530604757227848,0.5046285320779851,0.7271960126889514,0.00870954267845249,0.8813487090911144,9.0,0.1693958072272835,0.7444683397116764,2.0,0.0,3.0,2.0,8.0,88.0,75.0,18.0,75.0,18.0,0.0,43.125,0.6666659712791443,88.0,26.0,0.0,0.0,0.0,88.0,0.5770283695149072,0.5770283695149072,0.5770283695149072,0.49442318330115936,0.60925311297005,0.3673728000361251,0.7118428331131958,0.7118371885618812,0.7118371885618812,1.0,1.0,1.0,1.0,1.0,1.0,1.0,1.0,1.0,0.0,1.0,1.0,1.0,0.0,0.0,0.0,0.0,1.0,1.0,1.0,1.0,0.0,1.0,0.0,1.0,1.0,2.0,2.0,0.0,1.0,0.0,2.0,2.0,2.0,2.0,2.0,0.0,0.0,1.0,1.0,1.0,1.0,0.0,0.0,0.0,0.0,0.0,1.0,1.0,1.0,0.0,1.0,0.0,1.0,1.0,1.0,1.0,0.0,0.0,0.0,0.0,0.0,1.0,1.0,1.0,0.0,1.0,0.0,0.0,1.0,0.0,0.0,1.0,0.0,0.0,0.0,0.0,0.0,0.0,0.0,1.0,1.0,1.0,1.0,1.0,1.0,1.0,1.0,1.0,1.0,1.0,1.0,1.0,1.0,1.0,1.0,1.0,1.0,1.0,0.0,107.9499969482422,0.0,0.0,107.9499969482422,0.0,0.0,0.0,0.0,0.0,0.0,0.0,1.0,1.0,0.0,0.0,0.0,0.0,0.0,0.0,1.0,1.0,1.0,1.0,1.0,0.0,0.0,0.0,0.0,0.0,0.0,0.0,1.0,1.0,0.0,0.0,0.0,0.0,1.0,0.0,0.0,0.0,0.0,0.0,0.0,0.0,0.0,1.0,1.0,1.0,1.0,1.0,1.0,1.0,1.0,1.0,1.0,1.0,0.0,0.0,0.0,0.0,0.0,0.0,0.0,0.0,0.0,0.0,0.0,0.0,0.0,0.0,0.0,0.0,1.0,0.0,0.0,0.0,0.0,1.0,1.0,0.0,0.0,0.0,0.0,0.0,0.0,0.0,0.0,0.0,1.0,1.0,1.0,1.0,1.0,1.0,1.0,1.0,1.0,1.0,1.0,1.0,1.0,1.0,1.0,1.0,1.0,0.0,0.0,0.0,0.0,0.0,0.0,0.0,0.0,0.0,0.0,0.0,0.0,0.0,0.0,0.0,0.0,0.0,0.0,0.0,1.0,0.0,0.0,0.0,0.0,1.0,1.0,0.0,0.0,0.0,0.0,0.0,0.0,0.0,0.0,0.0,1.0,0.0,107.9499969482422,0.0,0.0,107.9499969482422,0.0,0.0,0.0,0.0,0.0,0.0,0.0,0.0,0.0,0.0,0.0,0.0,0.0,0.0,0.0,0.0,0.0,0.0,0.0,0.0,0.0,0.0,0.0,-5.0,117605.5,0.0,0.0,0.0,0.0,0.0,0.0,100.0,0.7253474221334146,0.7640041318115623,0.8326446980729502,0.7313108905973065,0.7504402750025401,0.7338565832401982,0.733918673304659,0.7339327846829455,0.7313108905973065,0.7313108905973065,0.8373042751831656,0.7320841941274088,0.8372478296700195,0.8488360935189262,0.8371095381628114,0.7313108905973065,0.7313108905973065,0.7313108905973065,0.7313108905973065,0.7317172982919588,0.7688697350447613,0,5.081093757744817,19,6
0.7115944728553527,0.00022578205258464004,0.00022578205258464004,0.8830928754473307,0.6530604757227848,0.5046285320779851,0.7271960126889514,0.08114606969891963,0.8813487090911144,38.0,0.008489405177182465,0.7444683397116764,2.0,0.0,1.0,2.0,1.0,0.0,98.0,8.0,0.0,9.0,0.0,43.125,0.6666659712791443,146.0,0.0,0.0,0.0,0.0,0.0,0.4229518745554916,0.3777305516984455,0.3310360009482846,0.49442318330115936,0.60925311297005,0.3673728000361251,0.24924927467515606,0.1825927682008557,0.2421710073266276,1.0,1.0,1.0,1.0,1.0,1.0,1.0,1.0,1.0,1.0,1.0,1.0,1.0,0.0,0.0,1.0,1.0,1.0,1.0,1.0,1.0,0.0,1.0,0.0,1.0,1.0,1.0,1.0,0.0,1.0,0.0,1.0,1.0,1.0,1.0,1.0,0.0,0.0,1.0,1.0,1.0,1.0,0.0,0.0,1.0,1.0,0.0,1.0,1.0,1.0,0.0,1.0,0.0,1.0,1.0,1.0,1.0,0.0,0.0,1.0,1.0,0.0,1.0,1.0,1.0,0.0,1.0,0.0,0.0,0.0,0.0,0.0,0.0,0.0,0.0,0.0,0.0,0.0,0.0,0.0,1.0,1.0,1.0,1.0,1.0,1.0,1.0,1.0,1.0,1.0,1.0,1.0,1.0,1.0,1.0,1.0,1.0,1.0,1.0,0.0,0.0,0.0,0.0,0.0,0.0,0.0,0.0,0.0,0.0,0.0,0.0,1.0,1.0,0.0,0.0,0.0,0.0,0.0,0.0,1.0,1.0,1.0,1.0,1.0,0.0,0.0,0.0,0.0,0.0,0.0,0.0,1.0,1.0,0.0,0.0,0.0,0.0,1.0,0.0,0.0,0.0,0.0,0.0,0.0,0.0,0.0,1.0,1.0,1.0,1.0,1.0,1.0,1.0,1.0,1.0,1.0,1.0,0.0,0.0,0.0,0.0,0.0,0.0,0.0,0.0,0.0,0.0,0.0,0.0,0.0,0.0,0.0,0.0,1.0,0.0,0.0,0.0,0.0,1.0,1.0,0.0,0.0,0.0,0.0,0.0,0.0,0.0,0.0,0.0,1.0,1.0,1.0,1.0,1.0,1.0,1.0,1.0,1.0,1.0,1.0,1.0,1.0,1.0,1.0,1.0,1.0,0.0,0.0,0.0,0.0,0.0,0.0,0.0,0.0,0.0,0.0,0.0,0.0,0.0,0.0,0.0,0.0,1.0,1.0,0.0,0.0,0.0,0.0,0.0,0.0,1.0,1.0,0.0,0.0,0.0,0.0,0.0,0.0,0.0,0.0,0.0,1.0,0.0,0.0,0.0,0.0,0.0,0.0,0.0,0.0,0.0,0.0,0.0,0.0,0.0,0.0,0.0,0.0,0.0,0.0,0.0,0.0,0.0,0.0,0.0,0.0,0.0,0.0,0.0,0.0,-5.0,117605.5,0.0,0.0,0.0,0.0,0.0,0.0,100.0,0.7253474221334146,0.7640041318115623,0.8326446980729502,0.7313108905973065,0.7504402750025401,0.7338565832401982,0.733918673304659,0.7339327846829455,0.7313108905973065,0.7313108905973065,0.8373042751831656,0.7320841941274088,0.8372478296700195,0.8488360935189262,0.8371095381628114,0.7313108905973065,0.7313108905973065,0.7313108905973065,0.7313108905973065,0.7317172982919588,0.7688697350447613,0,3.5821290841670557,22,6
0.7115944728553527,0.023348686512909087,0.08156376649620121,0.8830928754473307,0.6530604757227848,0.5046285320779851,0.7271960126889514,0.026128628035357468,0.8813487090911144,9.0,0.06546268387125907,0.7444683397116764,1.0,0.0,0.0,1.0,5.0,122.0,122.0,7.0,121.0,7.0,0.0,43.125,0.6666659712791443,121.0,26.0,0.0,0.0,0.0,121.0,0.5770283695149072,0.5770283695149072,0.5770283695149072,0.32066978245899236,0.17509115950373105,0.3673728000361251,0.7118428331131958,0.7118371885618812,0.7118371885618812,1.0,1.0,1.0,1.0,1.0,1.0,1.0,1.0,1.0,0.0,0.0,1.0,1.0,0.0,0.0,1.0,1.0,1.0,1.0,1.0,1.0,0.0,0.0,0.0,0.0,1.0,1.0,1.0,0.0,1.0,0.0,1.0,1.0,1.0,1.0,0.0,0.0,0.0,0.0,1.0,1.0,1.0,0.0,0.0,1.0,1.0,0.0,1.0,1.0,1.0,0.0,0.0,0.0,0.0,1.0,1.0,1.0,0.0,0.0,1.0,1.0,0.0,1.0,1.0,1.0,0.0,0.0,0.0,0.0,1.0,0.0,0.0,1.0,0.0,0.0,0.0,0.0,0.0,0.0,0.0,1.0,1.0,1.0,1.0,1.0,1.0,1.0,1.0,1.0,1.0,1.0,1.0,1.0,1.0,1.0,1.0,1.0,1.0,1.0,0.0,39.0,0.0,0.0,39.0,0.0,0.0,0.0,0.0,0.0,0.0,0.0,1.0,1.0,0.0,0.0,0.0,0.0,0.0,0.0,1.0,1.0,1.0,1.0,1.0,0.0,0.0,0.0,0.0,0.0,0.0,0.0,1.0,1.0,0.0,0.0,0.0,0.0,1.0,0.0,0.0,0.0,0.0,0.0,0.0,0.0,0.0,1.0,1.0,1.0,1.0,1.0,1.0,1.0,1.0,1.0,1.0,1.0,0.0,0.0,0.0,0.0,0.0,0.0,0.0,0.0,0.0,0.0,0.0,0.0,0.0,0.0,0.0,0.0,1.0,0.0,0.0,0.0,0.0,1.0,1.0,0.0,0.0,0.0,0.0,0.0,0.0,0.0,0.0,0.0,1.0,1.0,1.0,1.0,1.0,1.0,1.0,1.0,1.0,1.0,1.0,1.0,1.0,1.0,1.0,1.0,1.0,0.0,0.0,0.0,0.0,0.0,0.0,0.0,0.0,0.0,0.0,0.0,0.0,0.0,0.0,0.0,0.0,0.0,0.0,0.0,1.0,0.0,0.0,0.0,0.0,1.0,1.0,0.0,0.0,0.0,0.0,0.0,0.0,0.0,0.0,0.0,1.0,0.0,39.0,0.0,0.0,39.0,0.0,0.0,0.0,0.0,0.0,0.0,0.0,0.0,0.0,0.0,0.0,0.0,0.0,0.0,0.0,0.0,0.0,0.0,0.0,0.0,0.0,0.0,0.0,-5.0,117605.5,0.0,0.0,0.0,0.0,0.0,0.0,100.0,0.7253474221334146,0.7640041318115623,0.8326446980729502,0.7313108905973065,0.7504402750025401,0.7338565832401982,0.733918673304659,0.7339327846829455,0.7313108905973065,0.7313108905973065,0.8373042751831656,0.7320841941274088,0.8372478296700195,0.8488360935189262,0.8371095381628114,0.7313108905973065,0.7313108905973065,0.7313108905973065,0.7313108905973065,0.7317172982919588,0.7688697350447613,0,3.6888794541139363,3,3
0.7115944728553527,5.644551314616001e-05,0.07187207188900555,0.8830928754473307,0.6530604757227848,0.5046285320779851,0.7271960126889514,0.0269160429437464,0.8813487090911144,7.0,0.014317404409523487,0.7444683397116764,1.0,0.0,0.0,1.0,12.0,94.0,94.0,3.0,93.0,3.0,0.0,43.125,0.6666659712791443,93.0,93.0,0.0,0.0,0.0,93.0,0.4229518745554916,0.3777305516984455,0.3310360009482846,0.08535126042830855,0.21565572752621895,0.31168365676612364,0.7118428331131958,0.7118371885618812,0.7118371885618812,1.0,1.0,1.0,1.0,1.0,1.0,1.0,1.0,1.0,0.0,1.0,1.0,1.0,0.0,0.0,1.0,1.0,1.0,1.0,1.0,1.0,0.0,0.0,0.0,1.0,1.0,1.0,1.0,0.0,1.0,0.0,1.0,1.0,1.0,1.0,0.0,0.0,0.0,1.0,1.0,1.0,1.0,0.0,0.0,1.0,1.0,0.0,1.0,1.0,1.0,0.0,0.0,0.0,1.0,1.0,1.0,1.0,0.0,0.0,1.0,1.0,0.0,1.0,1.0,1.0,0.0,0.0,0.0,0.0,2.0,1.0,0.0,2.0,1.0,0.0,0.0,0.0,0.0,0.0,0.0,1.0,1.0,1.0,1.0,1.0,1.0,1.0,1.0,1.0,1.0,1.0,1.0,1.0,1.0,1.0,1.0,1.0,1.0,1.0,0.0,215.0,44.0,0.0,215.0,44.0,0.0,0.0,0.0,0.0,0.0,0.0,1.0,1.0,0.0,0.0,0.0,0.0,0.0,0.0,1.0,1.0,1.0,1.0,1.0,0.0,0.0,0.0,0.0,0.0,0.0,0.0,1.0,1.0,0.0,0.0,0.0,0.0,1.0,0.0,0.0,0.0,0.0,0.0,0.0,0.0,0.0,1.0,1.0,1.0,1.0,1.0,1.0,1.0,1.0,1.0,1.0,1.0,0.0,0.0,0.0,0.0,0.0,0.0,0.0,0.0,0.0,0.0,0.0,0.0,0.0,0.0,0.0,0.0,1.0,0.0,0.0,0.0,0.0,1.0,1.0,0.0,0.0,0.0,0.0,0.0,0.0,0.0,0.0,0.0,1.0,1.0,1.0,1.0,1.0,1.0,1.0,1.0,1.0,1.0,1.0,1.0,1.0,1.0,1.0,1.0,1.0,0.0,0.0,0.0,0.0,0.0,0.0,0.0,0.0,0.0,0.0,0.0,0.0,0.0,0.0,1.0,0.0,0.0,0.0,0.0,2.0,0.0,1.0,0.0,0.0,1.0,2.0,0.0,1.0,0.0,1.0,0.0,0.0,0.0,0.0,0.0,1.0,0.0,386.0,44.0,0.0,215.0,0.0,44.0,0.0,0.0,0.0,0.0,0.0,0.0,171.0,0.0,0.0,0.0,0.0,0.0,0.0,0.0,0.0,0.0,0.0,0.0,0.0,0.0,0.0,-5.0,117605.5,0.0,0.0,0.0,0.0,0.0,0.0,100.0,0.7253474221334146,0.7640041318115623,0.8326446980729502,0.7313108905973065,0.7504402750025401,0.7338565832401982,0.733918673304659,0.7339327846829455,0.7313108905973065,0.7313108905973065,0.8373042751831656,0.7320841941274088,0.8372478296700195,0.8488360935189262,0.8371095381628114,0.7313108905973065,0.7313108905973065,0.7313108905973065,0.7313108905973065,0.7317172982919588,0.7688697350447613,0,4.532599493153256,0,4
0.11594190627786997,0.00042334134859620007,0.0011740666734401282,0.09515866833745386,0.31506192072792133,0.13522933811991286,0.2703796525214211,0.10986272451202854,0.10986272451202854,9.0,0.07852699788893781,0.04876610108262494,2.0,0.0,0.0,0.0,2.0,0.0,98.0,8.0,239.0,239.0,239.0,43.125,0.6666659712791443,0.0,26.0,239.0,0.0,0.0,0.0,0.5770283695149072,0.5770283695149072,0.5770283695149072,0.09955577381153972,0.60925311297005,0.3209435431977512,0.7118428331131958,0.7118371885618812,0.7118371885618812,1.0,1.0,1.0,1.0,1.0,1.0,1.0,1.0,1.0,0.0,0.0,0.0,1.0,1.0,1.0,1.0,1.0,1.0,1.0,1.0,1.0,0.0,0.0,1.0,0.0,0.0,1.0,1.0,0.0,1.0,0.0,1.0,1.0,1.0,1.0,0.0,1.0,1.0,0.0,0.0,1.0,1.0,1.0,1.0,1.0,1.0,1.0,1.0,1.0,1.0,0.0,0.0,1.0,0.0,0.0,1.0,1.0,1.0,1.0,1.0,1.0,1.0,1.0,1.0,1.0,0.0,0.0,1.0,0.0,0.0,0.0,0.0,0.0,0.0,0.0,0.0,0.0,0.0,0.0,0.0,1.0,1.0,1.0,1.0,1.0,1.0,1.0,1.0,1.0,1.0,1.0,1.0,1.0,1.0,1.0,1.0,1.0,1.0,1.0,0.0,0.0,0.0,0.0,0.0,0.0,0.0,0.0,0.0,0.0,0.0,0.0,1.0,1.0,0.0,0.0,0.0,0.0,0.0,0.0,1.0,1.0,1.0,1.0,1.0,0.0,0.0,0.0,0.0,0.0,0.0,0.0,1.0,1.0,0.0,0.0,0.0,0.0,1.0,0.0,0.0,0.0,0.0,0.0,0.0,0.0,0.0,1.0,1.0,1.0,1.0,1.0,1.0,1.0,1.0,1.0,1.0,1.0,0.0,0.0,0.0,0.0,0.0,0.0,0.0,0.0,0.0,0.0,0.0,0.0,0.0,0.0,0.0,0.0,1.0,0.0,0.0,0.0,0.0,1.0,1.0,0.0,0.0,0.0,0.0,0.0,0.0,0.0,0.0,0.0,1.0,1.0,1.0,1.0,1.0,1.0,1.0,1.0,1.0,1.0,1.0,1.0,1.0,1.0,1.0,1.0,1.0,0.0,0.0,0.0,0.0,0.0,0.0,0.0,0.0,0.0,0.0,0.0,0.0,0.0,0.0,0.0,0.0,1.0,1.0,0.0,0.0,0.0,0.0,0.0,0.0,1.0,1.0,0.0,0.0,0.0,0.0,0.0,0.0,0.0,1.0,1.0,1.0,0.0,0.0,0.0,0.0,0.0,0.0,0.0,0.0,0.0,0.0,0.0,0.0,0.0,0.0,0.0,0.0,0.0,0.0,0.0,0.0,0.0,0.0,0.0,0.0,0.0,0.0,0.0,0.0,-5.0,278775.0,0.0,0.0,0.0,0.0,0.0,0.0,100.0,0.23774003454465403,0.11191734119054876,0.8326446980729502,0.12329957891647193,0.12677380025061807,0.09363463948250754,0.032518260123502785,0.012310766417177498,0.12511994671543558,0.12835991917002518,0.8373042751831656,0.06130264955238708,0.8372478296700195,0.8488360935189262,0.8371095381628114,0.1058635599056231,0.25404432101692237,0.20965556947878214,0.11382519953488897,0.1654474435827096,0.09231381447488739,1,4.409203962678673,1,3
0.7115944728553527,0.0033726194104830606,0.015364468678384756,0.8830928754473307,0.6530604757227848,0.5046285320779851,0.7271960126889514,0.014052110497736536,0.8813487090911144,9.0,0.15974080220363282,0.7444683397116764,2.0,0.0,0.0,1.0,2.0,4.0,2.0,2.0,19.0,9.0,0.0,43.125,0.6666659712791443,2.0,26.0,0.0,0.0,0.0,0.0,0.5770283695149072,0.5770283695149072,0.5770283695149072,0.08535126042830855,0.17509115950373105,0.31168365676612364,0.7118428331131958,0.7118371885618812,0.7118371885618812,1.0,1.0,1.0,1.0,1.0,1.0,1.0,1.0,1.0,0.0,0.0,0.0,1.0,0.0,0.0,0.0,0.0,2.0,2.0,0.0,1.0,0.0,0.0,0.0,0.0,1.0,1.0,1.0,0.0,1.0,0.0,1.0,1.0,1.0,1.0,0.0,0.0,0.0,0.0,0.0,1.0,2.0,0.0,0.0,1.0,1.0,0.0,1.0,1.0,2.0,0.0,0.0,0.0,0.0,0.0,1.0,1.0,0.0,0.0,0.0,0.0,0.0,1.0,1.0,1.0,0.0,0.0,0.0,0.0,0.0,0.0,0.0,0.0,0.0,0.0,0.0,0.0,0.0,0.0,0.0,1.0,1.0,1.0,1.0,1.0,1.0,1.0,1.0,1.0,1.0,1.0,1.0,1.0,1.0,1.0,1.0,1.0,1.0,1.0,0.0,0.0,0.0,0.0,0.0,0.0,0.0,0.0,0.0,0.0,0.0,0.0,1.0,1.0,0.0,0.0,0.0,0.0,0.0,0.0,1.0,1.0,1.0,1.0,1.0,0.0,0.0,0.0,0.0,0.0,0.0,0.0,1.0,1.0,0.0,0.0,0.0,0.0,1.0,0.0,0.0,0.0,0.0,0.0,0.0,0.0,0.0,1.0,1.0,1.0,1.0,1.0,1.0,1.0,1.0,1.0,1.0,1.0,0.0,0.0,0.0,0.0,0.0,0.0,0.0,0.0,0.0,0.0,0.0,0.0,0.0,0.0,0.0,0.0,1.0,0.0,0.0,0.0,0.0,1.0,1.0,0.0,0.0,0.0,0.0,0.0,0.0,0.0,0.0,0.0,1.0,1.0,1.0,1.0,1.0,1.0,1.0,1.0,1.0,1.0,1.0,1.0,1.0,1.0,1.0,1.0,1.0,0.0,0.0,0.0,0.0,0.0,0.0,0.0,0.0,0.0,0.0,0.0,0.0,0.0,0.0,2.0,0.0,1.0,3.0,0.0,1.0,0.0,1.0,0.0,1.0,1.0,3.0,0.0,0.0,0.0,0.0,0.0,0.0,0.0,0.0,0.0,1.0,0.0,288.0,288.0,0.0,117.0,0.0,117.0,0.0,117.0,117.0,0.0,171.0,0.0,0.0,0.0,0.0,0.0,0.0,0.0,0.0,0.0,0.0,0.0,0.0,0.0,0.0,0.0,0.0,-5.0,117605.5,0.0,0.0,0.0,0.0,0.0,0.0,100.0,0.7253474221334146,0.7640041318115623,0.8326446980729502,0.7313108905973065,0.7504402750025401,0.7338565832401982,0.733918673304659,0.7339327846829455,0.7313108905973065,0.7313108905973065,0.8373042751831656,0.7320841941274088,0.8372478296700195,0.8488360935189262,0.8371095381628114,0.7313108905973065,0.7313108905973065,0.7313108905973065,0.7313108905973065,0.7317172982919588,0.7688697350447613,0,4.61512051684126,3,5
0.7115944728553527,0.0009595737234847202,0.0009821519287431843,0.8830928754473307,0.6530604757227848,0.5046285320779851,0.7271960126889514,0.06695566769397501,0.8813487090911144,3.0,0.06546268387125907,0.7444683397116764,1.0,0.0,1.0,1.0,1.0,0.0,98.0,8.0,0.0,9.0,0.0,43.125,0.6666659712791443,0.0,0.0,0.0,0.0,0.0,0.0,0.4229518745554916,0.3777305516984455,0.09193562953680812,0.49442318330115936,0.60925311297005,0.3673728000361251,0.7118428331131958,0.7118371885618812,0.7118371885618812,1.0,1.0,1.0,1.0,1.0,1.0,1.0,1.0,1.0,1.0,1.0,1.0,1.0,0.0,0.0,1.0,1.0,1.0,1.0,1.0,1.0,0.0,1.0,0.0,1.0,1.0,1.0,1.0,0.0,1.0,0.0,1.0,1.0,1.0,1.0,1.0,0.0,0.0,1.0,1.0,1.0,1.0,0.0,0.0,1.0,1.0,0.0,1.0,1.0,1.0,0.0,1.0,0.0,1.0,1.0,1.0,1.0,0.0,0.0,1.0,1.0,0.0,1.0,1.0,1.0,0.0,1.0,0.0,0.0,0.0,0.0,0.0,0.0,0.0,0.0,0.0,0.0,0.0,0.0,0.0,1.0,1.0,1.0,1.0,1.0,1.0,1.0,1.0,1.0,1.0,1.0,1.0,1.0,1.0,1.0,1.0,1.0,1.0,1.0,0.0,0.0,0.0,0.0,0.0,0.0,0.0,0.0,0.0,0.0,0.0,0.0,1.0,1.0,0.0,0.0,0.0,0.0,0.0,0.0,1.0,1.0,1.0,1.0,1.0,0.0,0.0,0.0,0.0,0.0,0.0,0.0,1.0,1.0,0.0,0.0,0.0,0.0,1.0,0.0,0.0,0.0,0.0,0.0,0.0,0.0,0.0,1.0,1.0,1.0,1.0,1.0,1.0,1.0,1.0,1.0,1.0,1.0,0.0,0.0,0.0,0.0,0.0,0.0,0.0,0.0,0.0,0.0,0.0,0.0,0.0,0.0,0.0,0.0,1.0,0.0,0.0,0.0,0.0,1.0,1.0,0.0,0.0,0.0,0.0,0.0,0.0,0.0,0.0,0.0,1.0,1.0,1.0,1.0,1.0,1.0,1.0,1.0,1.0,1.0,1.0,1.0,1.0,1.0,1.0,1.0,1.0,0.0,0.0,0.0,0.0,0.0,0.0,0.0,0.0,0.0,0.0,0.0,0.0,0.0,0.0,0.0,0.0,1.0,1.0,0.0,0.0,0.0,0.0,0.0,0.0,1.0,1.0,0.0,0.0,0.0,0.0,0.0,0.0,0.0,0.0,0.0,1.0,0.0,0.0,0.0,0.0,0.0,0.0,0.0,0.0,0.0,0.0,0.0,0.0,0.0,0.0,0.0,0.0,0.0,0.0,0.0,0.0,0.0,0.0,0.0,0.0,0.0,0.0,0.0,0.0,-5.0,117605.5,0.0,0.0,0.0,0.0,0.0,0.0,100.0,0.7253474221334146,0.7640041318115623,0.8326446980729502,0.7313108905973065,0.7504402750025401,0.7338565832401982,0.733918673304659,0.7339327846829455,0.7313108905973065,0.7313108905973065,0.8373042751831656,0.7320841941274088,0.8372478296700195,0.8488360935189262,0.8371095381628114,0.7313108905973065,0.7313108905973065,0.7313108905973065,0.7313108905973065,0.7317172982919588,0.7688697350447613,0,4.07668962698338,19,0
0.7115944728553527,0.0023735338277960285,0.0025372258159198926,0.8830928754473307,0.31506192072792133,0.041323760174303746,0.7271960126889514,0.06695566769397501,0.8813487090911144,14.0,0.38170431582393516,0.7444683397116764,3.0,0.0,1.0,3.0,22.0,191.0,191.0,15.0,190.0,15.0,0.0,43.125,0.6666659712791443,190.0,190.0,0.0,0.0,0.0,190.0,0.4229518745554916,0.3777305516984455,0.3310360009482846,0.49442318330115936,0.60925311297005,0.31168365676612364,0.24924927467515606,0.10557004323726307,0.2421710073266276,1.0,1.0,1.0,1.0,1.0,1.0,1.0,1.0,1.0,1.0,1.0,1.0,1.0,0.0,0.0,1.0,1.0,1.0,1.0,1.0,1.0,0.0,1.0,0.0,1.0,1.0,1.0,1.0,0.0,1.0,0.0,1.0,1.0,1.0,1.0,1.0,0.0,0.0,1.0,1.0,1.0,1.0,0.0,0.0,1.0,1.0,0.0,1.0,1.0,1.0,0.0,1.0,0.0,1.0,1.0,1.0,1.0,0.0,0.0,1.0,1.0,0.0,1.0,1.0,1.0,0.0,1.0,0.0,0.0,1.0,0.0,0.0,1.0,0.0,0.0,0.0,0.0,0.0,0.0,0.0,1.0,1.0,1.0,1.0,1.0,1.0,1.0,1.0,1.0,1.0,1.0,1.0,1.0,1.0,1.0,1.0,1.0,1.0,1.0,0.0,67.94999694824219,0.0,0.0,67.94999694824219,0.0,0.0,0.0,0.0,0.0,0.0,0.0,1.0,1.0,0.0,0.0,0.0,0.0,0.0,0.0,1.0,1.0,1.0,1.0,1.0,0.0,0.0,0.0,0.0,0.0,0.0,0.0,1.0,1.0,0.0,0.0,0.0,0.0,1.0,0.0,0.0,0.0,0.0,0.0,0.0,0.0,0.0,1.0,1.0,1.0,1.0,1.0,1.0,1.0,1.0,1.0,1.0,1.0,0.0,0.0,0.0,0.0,0.0,0.0,0.0,0.0,0.0,0.0,0.0,0.0,0.0,0.0,0.0,0.0,1.0,0.0,0.0,0.0,0.0,1.0,1.0,0.0,0.0,0.0,0.0,0.0,0.0,0.0,0.0,0.0,1.0,1.0,1.0,1.0,1.0,1.0,1.0,1.0,1.0,1.0,1.0,1.0,1.0,1.0,1.0,1.0,1.0,0.0,0.0,0.0,0.0,0.0,0.0,0.0,0.0,0.0,0.0,0.0,0.0,0.0,0.0,0.0,0.0,0.0,0.0,0.0,1.0,0.0,0.0,0.0,0.0,1.0,1.0,0.0,0.0,0.0,0.0,0.0,0.0,0.0,0.0,0.0,1.0,0.0,67.94999694824219,0.0,0.0,67.94999694824219,0.0,0.0,0.0,0.0,0.0,0.0,0.0,0.0,0.0,0.0,0.0,0.0,0.0,0.0,0.0,0.0,0.0,0.0,0.0,0.0,0.0,0.0,0.0,-5.0,117605.5,0.0,0.0,0.0,0.0,0.0,0.0,100.0,0.7253474221334146,0.7640041318115623,0.8326446980729502,0.7313108905973065,0.7504402750025401,0.7338565832401982,0.733918673304659,0.7339327846829455,0.7313108905973065,0.7313108905973065,0.8373042751831656,0.7320841941274088,0.8372478296700195,0.8488360935189262,0.8371095381628114,0.7313108905973065,0.7313108905973065,0.7313108905973065,0.7313108905973065,0.7317172982919588,0.7688697350447613,0,4.690889061390629,1,1
0.7115944728553527,0.0007196802926135402,0.007095201002472314,0.8830928754473307,0.31506192072792133,0.04845282848466376,0.2703796525214211,0.006183605965161829,0.8813487090911144,1704.0,0.008489405177182465,0.7444683397116764,1.0,0.0,1.0,1.0,1.0,0.0,98.0,8.0,0.0,9.0,0.0,43.125,0.6666659712791443,0.0,0.0,0.0,0.0,0.0,0.0,0.4229518745554916,0.3777305516984455,0.3310360009482846,0.49442318330115936,0.60925311297005,0.31168365676612364,0.24924927467515606,0.1825927682008557,0.045991804111491175,1.0,1.0,1.0,1.0,1.0,1.0,1.0,1.0,1.0,1.0,1.0,1.0,1.0,0.0,0.0,1.0,1.0,1.0,1.0,1.0,1.0,0.0,1.0,0.0,1.0,1.0,1.0,1.0,0.0,1.0,0.0,1.0,1.0,1.0,1.0,1.0,0.0,0.0,1.0,1.0,1.0,1.0,0.0,0.0,1.0,1.0,0.0,1.0,1.0,1.0,0.0,1.0,0.0,1.0,1.0,1.0,1.0,0.0,0.0,1.0,1.0,0.0,1.0,1.0,1.0,0.0,1.0,0.0,0.0,0.0,0.0,0.0,0.0,0.0,0.0,0.0,0.0,0.0,0.0,0.0,1.0,1.0,1.0,1.0,1.0,1.0,1.0,1.0,1.0,1.0,1.0,1.0,1.0,1.0,1.0,1.0,1.0,1.0,1.0,0.0,0.0,0.0,0.0,0.0,0.0,0.0,0.0,0.0,0.0,0.0,0.0,1.0,1.0,0.0,0.0,0.0,0.0,0.0,0.0,1.0,1.0,1.0,1.0,1.0,0.0,0.0,0.0,0.0,0.0,0.0,0.0,1.0,1.0,0.0,0.0,0.0,0.0,1.0,0.0,0.0,0.0,0.0,0.0,0.0,0.0,0.0,1.0,1.0,1.0,1.0,1.0,1.0,1.0,1.0,1.0,1.0,1.0,0.0,0.0,0.0,0.0,0.0,0.0,0.0,0.0,0.0,0.0,0.0,0.0,0.0,0.0,0.0,0.0,1.0,0.0,0.0,0.0,0.0,1.0,1.0,0.0,0.0,0.0,0.0,0.0,0.0,0.0,0.0,0.0,1.0,1.0,1.0,1.0,1.0,1.0,1.0,1.0,1.0,1.0,1.0,1.0,1.0,1.0,1.0,1.0,1.0,0.0,0.0,0.0,0.0,0.0,0.0,0.0,0.0,0.0,0.0,0.0,0.0,0.0,0.0,0.0,0.0,1.0,1.0,0.0,0.0,0.0,0.0,0.0,0.0,1.0,1.0,0.0,0.0,0.0,0.0,0.0,0.0,0.0,0.0,0.0,1.0,0.0,0.0,0.0,0.0,0.0,0.0,0.0,0.0,0.0,0.0,0.0,0.0,0.0,0.0,0.0,0.0,0.0,0.0,0.0,0.0,0.0,0.0,0.0,0.0,0.0,0.0,0.0,0.0,-5.0,117605.5,0.0,0.0,0.0,0.0,0.0,0.0,100.0,0.7253474221334146,0.7640041318115623,0.8326446980729502,0.7313108905973065,0.7504402750025401,0.7338565832401982,0.733918673304659,0.7339327846829455,0.7313108905973065,0.7313108905973065,0.8373042751831656,0.7320841941274088,0.8372478296700195,0.8488360935189262,0.8371095381628114,0.7313108905973065,0.7313108905973065,0.7313108905973065,0.7313108905973065,0.7317172982919588,0.7688697350447613,0,7.315684016528275,21,6
0.7115944728553527,0.0005192987209446721,0.07636513473543988,0.8830928754473307,0.6530604757227848,0.5046285320779851,0.7271960126889514,0.01665424865377451,0.8813487090911144,9.0,0.1693958072272835,0.7444683397116764,1.0,0.0,0.0,1.0,2.0,140.0,140.0,140.0,0.0,9.0,0.0,43.125,0.6666659712791443,140.0,26.0,0.0,0.0,0.0,140.0,0.5770283695149072,0.5770283695149072,0.5770283695149072,0.32066978245899236,0.17509115950373105,0.31168365676612364,0.7118428331131958,0.7118371885618812,0.7118371885618812,1.0,1.0,1.0,1.0,1.0,1.0,1.0,1.0,1.0,0.0,1.0,1.0,1.0,0.0,0.0,0.0,0.0,1.0,1.0,1.0,1.0,0.0,0.0,0.0,0.0,0.0,1.0,1.0,0.0,1.0,0.0,1.0,1.0,1.0,1.0,0.0,0.0,0.0,1.0,1.0,1.0,1.0,0.0,0.0,0.0,0.0,0.0,1.0,1.0,1.0,0.0,0.0,0.0,1.0,1.0,1.0,1.0,0.0,0.0,0.0,0.0,0.0,1.0,1.0,1.0,0.0,0.0,0.0,0.0,0.0,0.0,0.0,0.0,0.0,0.0,0.0,0.0,0.0,0.0,0.0,1.0,1.0,1.0,1.0,1.0,1.0,1.0,1.0,1.0,1.0,1.0,1.0,1.0,1.0,1.0,1.0,1.0,1.0,1.0,0.0,0.0,0.0,0.0,0.0,0.0,0.0,0.0,0.0,0.0,0.0,0.0,1.0,1.0,0.0,0.0,0.0,0.0,0.0,0.0,1.0,1.0,1.0,1.0,1.0,0.0,0.0,0.0,0.0,0.0,0.0,0.0,1.0,1.0,0.0,0.0,0.0,0.0,1.0,0.0,0.0,0.0,0.0,0.0,0.0,0.0,0.0,1.0,1.0,1.0,1.0,1.0,1.0,1.0,1.0,1.0,1.0,1.0,0.0,0.0,0.0,0.0,0.0,0.0,0.0,0.0,0.0,0.0,0.0,0.0,0.0,0.0,0.0,0.0,1.0,0.0,0.0,0.0,0.0,1.0,1.0,0.0,0.0,0.0,0.0,0.0,0.0,0.0,0.0,0.0,1.0,1.0,1.0,1.0,1.0,1.0,1.0,1.0,1.0,1.0,1.0,1.0,1.0,1.0,1.0,1.0,1.0,0.0,0.0,0.0,0.0,0.0,0.0,0.0,0.0,0.0,0.0,0.0,0.0,0.0,0.0,0.0,0.0,0.0,0.0,0.0,0.0,0.0,0.0,0.0,0.0,1.0,1.0,0.0,0.0,0.0,0.0,0.0,0.0,0.0,0.0,0.0,1.0,0.0,0.0,0.0,0.0,0.0,0.0,0.0,0.0,0.0,0.0,0.0,0.0,0.0,0.0,0.0,0.0,0.0,0.0,0.0,0.0,0.0,0.0,0.0,0.0,0.0,0.0,0.0,0.0,-5.0,117605.5,0.0,0.0,0.0,0.0,0.0,0.0,100.0,0.7253474221334146,0.7640041318115623,0.8326446980729502,0.7313108905973065,0.7504402750025401,0.7338565832401982,0.733918673304659,0.7339327846829455,0.7313108905973065,0.7313108905973065,0.8373042751831656,0.7320841941274088,0.8372478296700195,0.8488360935189262,0.8371095381628114,0.7313108905973065,0.7313108905973065,0.7313108905973065,0.7313108905973065,0.7317172982919588,0.7688697350447613,0,5.424950017481403,16,4
0.7115944728553527,0.025908490534087444,0.029210553053137807,0.8830928754473307,0.31506192072792133,0.020046623993858727,0.7271960126889514,0.003810072137365801,0.8813487090911144,2341.0,0.15974080220363282,0.7444683397116764,81.0,0.0,48.0,41.0,354.0,524.0,524.0,34.0,19.0,9.0,0.0,43.125,0.6666659712791443,524.0,328.0,0.0,0.0,0.0,524.0,0.4229518745554916,0.04524107878664725,0.09193562953680812,0.49442318330115936,0.60925311297005,0.31168365676612364,0.24924927467515606,0.1825927682008557,0.045991804111491175,1.0,1.0,1.0,1.0,1.0,1.0,1.0,1.0,1.0,0.0,0.0,0.0,1.0,0.0,0.0,0.0,0.0,1.0,1.0,1.0,1.0,0.0,1.0,0.0,0.0,1.0,1.0,1.0,0.0,1.0,0.0,1.0,1.0,1.0,1.0,0.0,0.0,0.0,0.0,0.0,1.0,1.0,0.0,0.0,0.0,0.0,0.0,1.0,1.0,1.0,0.0,1.0,0.0,0.0,0.0,1.0,1.0,0.0,0.0,0.0,0.0,0.0,1.0,1.0,1.0,0.0,1.0,0.0,0.0,0.0,0.0,0.0,0.0,0.0,0.0,0.0,0.0,0.0,0.0,0.0,1.0,1.0,1.0,1.0,1.0,1.0,1.0,1.0,1.0,1.0,1.0,1.0,1.0,1.0,1.0,1.0,1.0,1.0,1.0,0.0,0.0,0.0,0.0,0.0,0.0,0.0,0.0,0.0,0.0,0.0,0.0,1.0,1.0,0.0,0.0,0.0,0.0,0.0,0.0,1.0,1.0,1.0,1.0,1.0,0.0,0.0,0.0,0.0,0.0,0.0,0.0,1.0,1.0,0.0,0.0,0.0,0.0,1.0,0.0,0.0,0.0,0.0,0.0,0.0,0.0,0.0,1.0,1.0,1.0,1.0,1.0,1.0,1.0,1.0,1.0,1.0,1.0,0.0,0.0,0.0,0.0,0.0,0.0,0.0,0.0,0.0,0.0,0.0,0.0,0.0,0.0,0.0,0.0,1.0,0.0,0.0,0.0,0.0,1.0,1.0,0.0,0.0,0.0,0.0,0.0,0.0,0.0,0.0,0.0,1.0,1.0,1.0,1.0,1.0,1.0,1.0,1.0,1.0,1.0,1.0,1.0,1.0,1.0,1.0,1.0,1.0,0.0,0.0,0.0,0.0,0.0,0.0,0.0,0.0,0.0,0.0,0.0,0.0,0.0,0.0,0.0,0.0,0.0,0.0,0.0,0.0,0.0,0.0,0.0,0.0,1.0,1.0,0.0,0.0,0.0,0.0,0.0,0.0,0.0,0.0,0.0,1.0,0.0,0.0,0.0,0.0,0.0,0.0,0.0,0.0,0.0,0.0,0.0,0.0,0.0,0.0,0.0,0.0,0.0,0.0,0.0,0.0,0.0,0.0,0.0,0.0,0.0,0.0,0.0,0.0,-5.0,117605.5,0.0,0.0,0.0,0.0,0.0,0.0,100.0,0.7253474221334146,0.7640041318115623,0.8326446980729502,0.7313108905973065,0.7504402750025401,0.7338565832401982,0.733918673304659,0.7339327846829455,0.7313108905973065,0.7313108905973065,0.8373042751831656,0.7320841941274088,0.8372478296700195,0.8488360935189262,0.8371095381628114,0.7313108905973065,0.7313108905973065,0.7313108905973065,0.7313108905973065,0.7317172982919588,0.7688697350447613,0,4.690889061390629,9,0
0.7115944728553527,0.0017046544970140323,0.06278434427247379,0.8830928754473307,0.6530604757227848,0.5046285320779851,0.7271960126889514,0.03876395615312539,0.8813487090911144,16.0,0.38170431582393516,0.7444683397116764,3.0,0.0,0.0,1.0,4.0,123.0,123.0,123.0,240.0,123.0,0.0,43.125,0.6666659712791443,240.0,240.0,0.0,0.0,0.0,240.0,0.4229518745554916,0.3777305516984455,0.3310360009482846,0.32066978245899236,0.21565572752621895,0.3673728000361251,0.24924927467515606,0.1825927682008557,0.2421710073266276,1.0,1.0,1.0,1.0,1.0,1.0,1.0,1.0,1.0,0.0,1.0,1.0,1.0,0.0,0.0,1.0,1.0,1.0,1.0,1.0,1.0,0.0,0.0,0.0,1.0,1.0,1.0,1.0,0.0,1.0,0.0,1.0,1.0,1.0,1.0,0.0,0.0,0.0,1.0,1.0,1.0,1.0,0.0,0.0,1.0,1.0,0.0,1.0,1.0,1.0,0.0,0.0,0.0,1.0,1.0,1.0,1.0,0.0,0.0,1.0,1.0,0.0,1.0,1.0,1.0,0.0,0.0,0.0,0.0,0.0,0.0,0.0,0.0,0.0,0.0,0.0,0.0,0.0,0.0,0.0,1.0,1.0,1.0,1.0,1.0,1.0,1.0,1.0,1.0,1.0,1.0,1.0,1.0,1.0,1.0,1.0,1.0,1.0,1.0,0.0,0.0,0.0,0.0,0.0,0.0,0.0,0.0,0.0,0.0,0.0,0.0,1.0,1.0,0.0,0.0,0.0,0.0,0.0,0.0,1.0,1.0,1.0,1.0,1.0,0.0,0.0,0.0,0.0,0.0,0.0,0.0,1.0,1.0,0.0,0.0,0.0,0.0,1.0,0.0,0.0,0.0,0.0,0.0,0.0,0.0,0.0,1.0,1.0,1.0,1.0,1.0,1.0,1.0,1.0,1.0,1.0,1.0,0.0,0.0,0.0,0.0,0.0,0.0,0.0,0.0,0.0,0.0,0.0,0.0,0.0,0.0,0.0,0.0,1.0,0.0,0.0,0.0,0.0,1.0,1.0,0.0,0.0,0.0,0.0,0.0,0.0,0.0,0.0,0.0,1.0,1.0,1.0,1.0,1.0,1.0,1.0,1.0,1.0,1.0,1.0,1.0,1.0,1.0,1.0,1.0,1.0,0.0,0.0,0.0,0.0,0.0,0.0,0.0,0.0,0.0,0.0,0.0,0.0,0.0,0.0,0.0,0.0,0.0,0.0,0.0,0.0,0.0,0.0,0.0,0.0,1.0,1.0,0.0,0.0,0.0,0.0,0.0,0.0,0.0,0.0,0.0,1.0,0.0,0.0,0.0,0.0,0.0,0.0,0.0,0.0,0.0,0.0,0.0,0.0,0.0,0.0,0.0,0.0,0.0,0.0,0.0,0.0,0.0,0.0,0.0,0.0,0.0,0.0,0.0,0.0,-5.0,117605.5,0.0,0.0,0.0,0.0,0.0,0.0,100.0,0.7253474221334146,0.7640041318115623,0.8326446980729502,0.7313108905973065,0.7504402750025401,0.7338565832401982,0.733918673304659,0.7339327846829455,0.7313108905973065,0.7313108905973065,0.8373042751831656,0.7320841941274088,0.8372478296700195,0.8488360935189262,0.8371095381628114,0.7313108905973065,0.7313108905973065,0.7313108905973065,0.7313108905973065,0.7317172982919588,0.7688697350447613,0,3.481240089335692,17,1
0.7115944728553527,0.0004346304512254321,0.0005334100992312121,0.8830928754473307,0.31506192072792133,0.13522933811991286,0.7271960126889514,0.01665424865377451,0.8813487090911144,9.0,0.15974080220363282,0.7444683397116764,3.0,0.0,1.0,2.0,10.0,240.0,240.0,22.0,19.0,9.0,0.0,43.125,0.6666659712791443,256.0,26.0,0.0,0.0,0.0,256.0,0.5770283695149072,0.5770283695149072,0.5770283695149072,0.49442318330115936,0.60925311297005,0.3673728000361251,0.7118428331131958,0.7118371885618812,0.7118371885618812,1.0,1.0,1.0,1.0,1.0,1.0,1.0,1.0,1.0,0.0,0.0,0.0,1.0,0.0,0.0,1.0,1.0,1.0,1.0,1.0,1.0,0.0,1.0,0.0,0.0,1.0,1.0,1.0,0.0,1.0,0.0,1.0,1.0,1.0,1.0,0.0,0.0,0.0,1.0,1.0,2.0,2.0,0.0,0.0,2.0,2.0,0.0,1.0,1.0,1.0,0.0,1.0,0.0,0.0,0.0,1.0,1.0,0.0,0.0,1.0,1.0,0.0,1.0,1.0,1.0,0.0,1.0,0.0,0.0,2.0,0.0,0.0,2.0,0.0,0.0,0.0,0.0,0.0,0.0,0.0,1.0,1.0,1.0,1.0,1.0,1.0,1.0,1.0,1.0,1.0,1.0,1.0,1.0,1.0,1.0,1.0,1.0,1.0,1.0,0.0,120.0,0.0,0.0,120.0,0.0,0.0,0.0,0.0,0.0,0.0,0.0,1.0,1.0,0.0,0.0,0.0,0.0,0.0,0.0,1.0,1.0,1.0,1.0,1.0,0.0,0.0,0.0,0.0,0.0,0.0,0.0,1.0,1.0,0.0,0.0,0.0,0.0,1.0,0.0,0.0,0.0,0.0,0.0,0.0,0.0,0.0,1.0,1.0,1.0,1.0,1.0,1.0,1.0,1.0,1.0,1.0,1.0,0.0,0.0,0.0,0.0,0.0,0.0,0.0,0.0,0.0,0.0,0.0,0.0,0.0,0.0,0.0,0.0,1.0,0.0,0.0,0.0,0.0,1.0,1.0,0.0,0.0,0.0,0.0,0.0,0.0,0.0,0.0,0.0,1.0,1.0,1.0,1.0,1.0,1.0,1.0,1.0,1.0,1.0,1.0,1.0,1.0,1.0,1.0,1.0,1.0,0.0,0.0,0.0,0.0,0.0,0.0,0.0,0.0,0.0,0.0,0.0,0.0,0.0,0.0,0.0,0.0,0.0,0.0,0.0,2.0,0.0,0.0,0.0,0.0,1.0,1.0,0.0,0.0,0.0,0.0,0.0,0.0,0.0,0.0,0.0,1.0,0.0,120.0,0.0,0.0,120.0,0.0,0.0,0.0,0.0,0.0,0.0,0.0,0.0,0.0,0.0,0.0,0.0,0.0,0.0,0.0,0.0,0.0,0.0,0.0,0.0,0.0,0.0,0.0,-5.0,117605.5,0.0,0.0,0.0,0.0,0.0,0.0,100.0,0.7253474221334146,0.7640041318115623,0.8326446980729502,0.7313108905973065,0.7504402750025401,0.7338565832401982,0.733918673304659,0.7339327846829455,0.7313108905973065,0.7313108905973065,0.8373042751831656,0.7320841941274088,0.8372478296700195,0.8488360935189262,0.8371095381628114,0.7313108905973065,0.7313108905973065,0.7313108905973065,0.7313108905973065,0.7317172982919588,0.7688697350447613,0,4.61512051684126,9,1
0.7115944728553527,0.013292918345920684,0.04200675088337228,0.8830928754473307,0.6530604757227848,0.5046285320779851,0.2703796525214211,0.08114606969891963,0.8813487090911144,17.0,0.04797868617423601,0.7444683397116764,1.0,0.0,3.0,2.0,17.0,464.0,464.0,9.0,145.0,100.0,0.0,43.125,0.6666659712791443,464.0,338.0,0.0,0.0,0.0,464.0,0.4229518745554916,0.3777305516984455,0.09193562953680812,0.49442318330115936,0.60925311297005,0.3209435431977512,0.7118428331131958,0.7118371885618812,0.7118371885618812,1.0,1.0,1.0,1.0,1.0,1.0,1.0,1.0,1.0,1.0,0.0,0.0,1.0,0.0,0.0,1.0,1.0,1.0,1.0,1.0,1.0,0.0,1.0,0.0,0.0,0.0,1.0,1.0,0.0,1.0,0.0,1.0,1.0,1.0,1.0,1.0,0.0,0.0,0.0,0.0,1.0,1.0,0.0,0.0,1.0,1.0,0.0,1.0,1.0,1.0,0.0,1.0,0.0,0.0,0.0,1.0,1.0,0.0,0.0,1.0,1.0,0.0,1.0,1.0,1.0,0.0,1.0,0.0,0.0,2.0,0.0,0.0,2.0,0.0,0.0,0.0,0.0,0.0,0.0,0.0,1.0,1.0,1.0,1.0,1.0,1.0,1.0,1.0,1.0,1.0,1.0,1.0,1.0,1.0,1.0,1.0,1.0,1.0,1.0,0.0,319.8999938964844,0.0,0.0,319.8999938964844,0.0,0.0,0.0,0.0,0.0,0.0,0.0,1.0,1.0,0.0,0.0,0.0,0.0,0.0,0.0,1.0,1.0,1.0,1.0,1.0,0.0,0.0,0.0,0.0,0.0,0.0,0.0,1.0,1.0,0.0,0.0,0.0,0.0,1.0,0.0,0.0,0.0,0.0,0.0,0.0,0.0,0.0,1.0,1.0,1.0,1.0,1.0,1.0,1.0,1.0,1.0,1.0,1.0,0.0,0.0,0.0,0.0,0.0,0.0,0.0,0.0,0.0,0.0,0.0,0.0,0.0,0.0,0.0,0.0,1.0,0.0,0.0,0.0,0.0,1.0,1.0,0.0,0.0,0.0,0.0,0.0,0.0,0.0,0.0,0.0,1.0,1.0,1.0,1.0,1.0,1.0,1.0,1.0,1.0,1.0,1.0,1.0,1.0,1.0,1.0,1.0,1.0,0.0,0.0,0.0,0.0,0.0,0.0,0.0,0.0,0.0,0.0,0.0,0.0,0.0,0.0,0.0,0.0,0.0,0.0,0.0,2.0,0.0,0.0,0.0,0.0,1.0,1.0,0.0,0.0,0.0,0.0,0.0,0.0,0.0,0.0,0.0,1.0,0.0,319.8999938964844,0.0,0.0,319.8999938964844,0.0,0.0,0.0,0.0,0.0,0.0,0.0,0.0,0.0,0.0,0.0,0.0,0.0,0.0,0.0,0.0,0.0,0.0,0.0,0.0,0.0,0.0,0.0,-5.0,117605.5,0.0,0.0,0.0,0.0,0.0,0.0,100.0,0.7253474221334146,0.7640041318115623,0.8326446980729502,0.7313108905973065,0.7504402750025401,0.7338565832401982,0.733918673304659,0.7339327846829455,0.7313108905973065,0.7313108905973065,0.8373042751831656,0.7320841941274088,0.8372478296700195,0.8488360935189262,0.8371095381628114,0.7313108905973065,0.7313108905973065,0.7313108905973065,0.7313108905973065,0.7317172982919588,0.7688697350447613,0,5.356350397798646,23,1
0.7115944728553527,0.01141892730946817,0.06278434427247379,0.8830928754473307,0.6530604757227848,0.5046285320779851,0.7271960126889514,0.041933371716282274,0.8813487090911144,994.0,0.15974080220363282,0.7444683397116764,1.0,0.0,0.0,2.0,2.0,523.0,242.0,242.0,19.0,9.0,0.0,43.125,0.6666659712791443,0.0,16.0,0.0,0.0,0.0,0.0,0.4229518745554916,0.04524107878664725,0.09193562953680812,0.08535126042830855,0.21565572752621895,0.3209435431977512,0.24924927467515606,0.1825927682008557,0.045991804111491175,1.0,1.0,1.0,1.0,1.0,1.0,1.0,1.0,1.0,0.0,1.0,1.0,1.0,0.0,0.0,0.0,0.0,1.0,1.0,1.0,1.0,0.0,0.0,0.0,0.0,1.0,1.0,1.0,0.0,1.0,0.0,1.0,1.0,1.0,1.0,0.0,0.0,0.0,1.0,1.0,1.0,1.0,0.0,0.0,0.0,0.0,0.0,1.0,1.0,1.0,0.0,0.0,0.0,1.0,1.0,1.0,1.0,0.0,0.0,0.0,0.0,0.0,1.0,1.0,1.0,0.0,0.0,0.0,0.0,0.0,0.0,0.0,0.0,0.0,0.0,0.0,0.0,0.0,0.0,0.0,1.0,1.0,1.0,1.0,1.0,1.0,1.0,1.0,1.0,1.0,1.0,1.0,1.0,1.0,1.0,1.0,1.0,1.0,1.0,0.0,0.0,0.0,0.0,0.0,0.0,0.0,0.0,0.0,0.0,0.0,0.0,1.0,1.0,0.0,0.0,0.0,0.0,0.0,0.0,1.0,1.0,1.0,1.0,1.0,0.0,0.0,0.0,0.0,0.0,0.0,0.0,1.0,1.0,0.0,0.0,0.0,0.0,1.0,0.0,0.0,0.0,0.0,0.0,0.0,0.0,0.0,1.0,1.0,1.0,1.0,1.0,1.0,1.0,1.0,1.0,1.0,1.0,0.0,0.0,0.0,0.0,0.0,0.0,0.0,0.0,0.0,0.0,0.0,0.0,0.0,0.0,0.0,0.0,1.0,0.0,0.0,0.0,0.0,1.0,1.0,0.0,0.0,0.0,0.0,0.0,0.0,0.0,0.0,0.0,1.0,1.0,1.0,1.0,1.0,1.0,1.0,1.0,1.0,1.0,1.0,1.0,1.0,1.0,1.0,1.0,1.0,0.0,0.0,0.0,0.0,0.0,0.0,0.0,0.0,0.0,0.0,0.0,0.0,0.0,0.0,0.0,0.0,0.0,0.0,0.0,0.0,0.0,0.0,0.0,0.0,1.0,1.0,0.0,0.0,0.0,0.0,0.0,0.0,0.0,0.0,0.0,1.0,0.0,0.0,0.0,0.0,0.0,0.0,0.0,0.0,0.0,0.0,0.0,0.0,0.0,0.0,0.0,0.0,0.0,0.0,0.0,0.0,0.0,0.0,0.0,0.0,0.0,0.0,0.0,0.0,-5.0,117605.5,0.0,0.0,0.0,0.0,0.0,0.0,100.0,0.7253474221334146,0.7640041318115623,0.8326446980729502,0.7313108905973065,0.7504402750025401,0.7338565832401982,0.733918673304659,0.7339327846829455,0.7313108905973065,0.7313108905973065,0.8373042751831656,0.7320841941274088,0.8372478296700195,0.8488360935189262,0.8371095381628114,0.7313108905973065,0.7313108905973065,0.7313108905973065,0.7313108905973065,0.7317172982919588,0.7688697350447613,0,5.424950017481403,16,2
0.11594190627786997,0.017591244172000767,0.027421230286404533,0.09515866833745386,0.6530604757227848,0.03314480531942516,0.7271960126889514,0.0012813131484178323,0.0061469163816168255,9.0,0.38170431582393516,0.10529628249850419,4.0,0.0,0.0,0.0,0.0,149.0,98.0,150.0,254.0,150.0,254.0,43.125,0.6666659712791443,2.0,26.0,254.0,0.0,0.0,0.0,0.5770283695149072,0.5770283695149072,0.5770283695149072,0.09955577381153972,0.60925311297005,0.3209435431977512,0.7118428331131958,0.7118371885618812,0.7118371885618812,1.0,1.0,1.0,1.0,1.0,1.0,1.0,1.0,1.0,0.0,0.0,0.0,1.0,1.0,1.0,1.0,2.0,2.0,3.0,1.0,2.0,0.0,0.0,1.0,0.0,0.0,1.0,1.0,1.0,1.0,1.0,1.0,1.0,1.0,1.0,0.0,1.0,1.0,0.0,0.0,1.0,1.0,1.0,1.0,1.0,1.0,1.0,1.0,1.0,1.0,0.0,0.0,1.0,0.0,0.0,1.0,1.0,1.0,1.0,1.0,1.0,1.0,1.0,1.0,1.0,0.0,0.0,1.0,0.0,0.0,0.0,0.0,0.0,0.0,0.0,0.0,0.0,0.0,0.0,0.0,1.0,1.0,1.0,1.0,1.0,1.0,1.0,1.0,1.0,1.0,1.0,1.0,1.0,1.0,1.0,1.0,1.0,1.0,1.0,0.0,0.0,0.0,0.0,0.0,0.0,0.0,0.0,0.0,0.0,0.0,0.0,1.0,1.0,0.0,0.0,0.0,0.0,0.0,0.0,1.0,1.0,1.0,1.0,1.0,0.0,0.0,0.0,0.0,0.0,0.0,0.0,1.0,1.0,0.0,0.0,0.0,0.0,1.0,0.0,0.0,0.0,0.0,0.0,0.0,0.0,0.0,1.0,1.0,1.0,1.0,1.0,1.0,1.0,1.0,1.0,1.0,1.0,0.0,0.0,0.0,0.0,0.0,0.0,0.0,0.0,0.0,0.0,0.0,0.0,0.0,0.0,0.0,0.0,1.0,0.0,0.0,0.0,0.0,1.0,1.0,0.0,0.0,0.0,0.0,0.0,0.0,0.0,0.0,0.0,1.0,1.0,1.0,1.0,1.0,1.0,1.0,1.0,1.0,1.0,1.0,1.0,1.0,1.0,1.0,1.0,1.0,0.0,0.0,0.0,0.0,0.0,0.0,0.0,0.0,0.0,0.0,0.0,0.0,0.0,0.0,0.0,0.0,0.0,0.0,0.0,0.0,0.0,0.0,0.0,0.0,1.0,1.0,0.0,0.0,0.0,0.0,0.0,0.0,0.0,1.0,1.0,1.0,0.0,0.0,0.0,0.0,0.0,0.0,0.0,0.0,0.0,0.0,0.0,0.0,0.0,0.0,0.0,0.0,0.0,0.0,0.0,0.0,0.0,0.0,0.0,0.0,0.0,0.0,0.0,0.0,-5.0,638009.0,0.0,0.0,0.0,0.0,0.0,0.0,100.0,0.23774003454465403,0.11191734119054876,0.8326446980729502,0.12329957891647193,0.12677380025061807,0.09363463948250754,0.0015832966437497884,0.045991804111491175,0.12511994671543558,0.12835991917002518,0.8373042751831656,0.019956311172824873,0.8372478296700195,0.8488360935189262,0.8371095381628114,0.1058635599056231,0.25404432101692237,0.20965556947878214,0.1548639098678046,0.1654474435827096,0.09231381447488739,1,3.9161146233313997,19,3
0.07953737257425407,7.337916709000801e-05,7.337916709000801e-05,0.00020320384732617605,0.31506192072792133,0.00018344791772502005,0.2703796525214211,0.014052110497736536,0.8813487090911144,9.0,0.06546268387125907,0.0017498109075309604,1.0,0.0,0.0,0.0,0.0,0.0,98.0,8.0,19.0,9.0,0.0,43.125,0.6666659712791443,10.0,26.0,0.0,0.0,0.0,42.0,0.5770283695149072,0.5770283695149072,0.5770283695149072,0.49442318330115936,0.60925311297005,0.3209435431977512,0.7118428331131958,0.7118371885618812,0.7118371885618812,1.0,1.0,1.0,1.0,1.0,1.0,1.0,1.0,1.0,0.0,1.0,1.0,1.0,0.0,0.0,1.0,1.0,1.0,1.0,1.0,1.0,0.0,0.0,0.0,0.0,1.0,1.0,1.0,0.0,1.0,0.0,1.0,1.0,1.0,1.0,0.0,0.0,0.0,1.0,1.0,1.0,1.0,0.0,0.0,1.0,1.0,0.0,1.0,1.0,1.0,0.0,0.0,0.0,0.0,1.0,1.0,1.0,0.0,0.0,1.0,1.0,0.0,1.0,1.0,1.0,0.0,0.0,0.0,0.0,0.0,0.0,0.0,0.0,0.0,0.0,0.0,0.0,0.0,0.0,0.0,1.0,1.0,1.0,1.0,1.0,1.0,1.0,1.0,1.0,1.0,1.0,1.0,1.0,1.0,1.0,1.0,1.0,1.0,1.0,0.0,0.0,0.0,0.0,0.0,0.0,0.0,0.0,0.0,0.0,0.0,0.0,1.0,1.0,0.0,0.0,0.0,0.0,0.0,0.0,1.0,1.0,1.0,1.0,1.0,0.0,0.0,0.0,0.0,0.0,0.0,0.0,1.0,1.0,0.0,0.0,0.0,0.0,1.0,0.0,0.0,0.0,0.0,0.0,0.0,0.0,0.0,1.0,1.0,1.0,1.0,1.0,1.0,1.0,1.0,1.0,1.0,1.0,0.0,0.0,0.0,0.0,0.0,0.0,0.0,0.0,0.0,0.0,0.0,0.0,0.0,0.0,0.0,0.0,1.0,0.0,0.0,0.0,0.0,1.0,1.0,0.0,0.0,0.0,0.0,0.0,0.0,0.0,0.0,0.0,1.0,1.0,1.0,1.0,1.0,1.0,1.0,1.0,1.0,1.0,1.0,1.0,1.0,1.0,1.0,1.0,1.0,0.0,0.0,0.0,0.0,0.0,0.0,0.0,0.0,0.0,0.0,0.0,0.0,0.0,0.0,0.0,0.0,1.0,1.0,0.0,0.0,0.0,0.0,0.0,0.0,1.0,1.0,0.0,0.0,0.0,0.0,0.0,0.0,0.0,1.0,1.0,1.0,0.0,0.0,0.0,0.0,0.0,0.0,0.0,0.0,0.0,0.0,0.0,0.0,0.0,0.0,0.0,0.0,0.0,0.0,0.0,0.0,0.0,0.0,0.0,0.0,0.0,0.0,0.0,0.0,-10.0,202456.0,0.0,0.0,0.0,0.0,0.0,0.0,100.0,0.23774003454465403,0.07440929770492544,0.027754258813966877,0.12329957891647193,0.12677380025061807,0.16532326345378806,0.0015494293358620922,0.0031157923256680325,0.12511994671543558,0.12835991917002518,0.0012700240457886004,0.015638229417143632,0.05448685383998826,0.0024553798218579603,0.12278874702249919,0.16282554949707048,0.25404432101692237,0.20965556947878214,0.11382519953488897,0.10283525812533162,1.6933653943848005e-05,1,4.330733340286331,3,3
0.7115944728553527,7.337916709000801e-05,0.015364468678384756,0.8830928754473307,0.31506192072792133,0.041323760174303746,0.7271960126889514,0.024782402546821552,0.8813487090911144,9.0,0.1693958072272835,0.7444683397116764,1.0,0.0,0.0,0.0,1.0,0.0,98.0,8.0,19.0,9.0,0.0,43.125,0.6666659712791443,0.0,26.0,0.0,0.0,0.0,42.0,0.5770283695149072,0.5770283695149072,0.5770283695149072,0.32066978245899236,0.21565572752621895,0.31168365676612364,0.7118428331131958,0.7118371885618812,0.7118371885618812,1.0,1.0,1.0,1.0,1.0,1.0,1.0,1.0,1.0,0.0,0.0,0.0,1.0,0.0,0.0,0.0,0.0,1.0,1.0,0.0,0.0,0.0,0.0,0.0,0.0,1.0,1.0,1.0,0.0,1.0,0.0,1.0,1.0,1.0,1.0,0.0,0.0,0.0,0.0,0.0,1.0,1.0,0.0,0.0,0.0,0.0,0.0,1.0,0.0,0.0,0.0,0.0,0.0,0.0,1.0,1.0,1.0,0.0,0.0,1.0,1.0,0.0,1.0,1.0,1.0,0.0,0.0,0.0,0.0,0.0,0.0,0.0,0.0,0.0,0.0,0.0,0.0,0.0,0.0,0.0,1.0,1.0,1.0,1.0,1.0,1.0,1.0,1.0,1.0,1.0,1.0,1.0,1.0,1.0,1.0,1.0,1.0,1.0,1.0,0.0,0.0,0.0,0.0,0.0,0.0,0.0,0.0,0.0,0.0,0.0,0.0,1.0,1.0,0.0,0.0,0.0,0.0,0.0,0.0,1.0,1.0,1.0,1.0,1.0,0.0,0.0,0.0,0.0,0.0,0.0,0.0,1.0,1.0,0.0,0.0,0.0,0.0,1.0,0.0,0.0,0.0,0.0,0.0,0.0,0.0,0.0,1.0,1.0,1.0,1.0,1.0,1.0,1.0,1.0,1.0,1.0,1.0,0.0,0.0,0.0,0.0,0.0,0.0,0.0,0.0,0.0,0.0,0.0,0.0,0.0,0.0,0.0,0.0,1.0,0.0,0.0,0.0,0.0,1.0,1.0,0.0,0.0,0.0,0.0,0.0,0.0,0.0,0.0,0.0,1.0,1.0,1.0,1.0,1.0,1.0,1.0,1.0,1.0,1.0,1.0,1.0,1.0,1.0,1.0,1.0,1.0,0.0,0.0,0.0,0.0,0.0,0.0,0.0,0.0,0.0,0.0,0.0,0.0,0.0,0.0,0.0,0.0,1.0,1.0,0.0,0.0,0.0,0.0,0.0,0.0,1.0,1.0,0.0,0.0,0.0,0.0,0.0,0.0,0.0,0.0,0.0,1.0,0.0,0.0,0.0,0.0,0.0,0.0,0.0,0.0,0.0,0.0,0.0,0.0,0.0,0.0,0.0,0.0,0.0,0.0,0.0,0.0,0.0,0.0,0.0,0.0,0.0,0.0,0.0,0.0,-5.0,117605.5,0.0,0.0,0.0,0.0,0.0,0.0,100.0,0.7253474221334146,0.7640041318115623,0.8326446980729502,0.7313108905973065,0.7504402750025401,0.7338565832401982,0.733918673304659,0.7339327846829455,0.7313108905973065,0.7313108905973065,0.8373042751831656,0.7320841941274088,0.8372478296700195,0.8488360935189262,0.8371095381628114,0.7313108905973065,0.7313108905973065,0.7313108905973065,0.7313108905973065,0.7317172982919588,0.7688697350447613,0,3.8607297110405954,21,2
0.7115944728553527,0.010295661597859586,0.012917555683498718,0.8830928754473307,0.6530604757227848,0.5046285320779851,0.7271960126889514,0.0269160429437464,0.8813487090911144,9.0,0.38170431582393516,0.7444683397116764,4.0,0.0,1.0,6.0,64.0,77.0,77.0,1.0,233.0,1.0,0.0,43.125,0.6666659712791443,1.0,26.0,0.0,0.0,0.0,233.0,0.5770283695149072,0.5770283695149072,0.5770283695149072,0.32066978245899236,0.21565572752621895,0.31168365676612364,0.7118428331131958,0.7118371885618812,0.7118371885618812,1.0,1.0,1.0,1.0,1.0,1.0,1.0,1.0,1.0,0.0,1.0,1.0,1.0,0.0,0.0,1.0,1.0,1.0,1.0,1.0,1.0,0.0,0.0,0.0,2.0,2.0,2.0,2.0,0.0,1.0,0.0,2.0,2.0,2.0,2.0,0.0,0.0,0.0,0.0,1.0,1.0,2.0,0.0,0.0,1.0,1.0,0.0,1.0,1.0,1.0,0.0,0.0,0.0,1.0,1.0,1.0,1.0,0.0,0.0,1.0,1.0,0.0,1.0,1.0,1.0,0.0,0.0,0.0,1.0,1.0,1.0,1.0,1.0,1.0,0.0,0.0,0.0,0.0,0.0,0.0,1.0,1.0,1.0,1.0,1.0,1.0,1.0,1.0,1.0,1.0,1.0,1.0,1.0,1.0,1.0,1.0,1.0,1.0,1.0,166.99000549316406,166.99000549316406,166.99000549316406,166.99000549316406,166.99000549316406,166.99000549316406,0.0,0.0,0.0,0.0,0.0,0.0,1.0,1.0,0.0,0.0,0.0,0.0,0.0,0.0,1.0,1.0,1.0,1.0,1.0,0.0,0.0,0.0,0.0,0.0,0.0,0.0,1.0,1.0,0.0,0.0,0.0,0.0,1.0,0.0,0.0,0.0,0.0,0.0,0.0,0.0,0.0,1.0,1.0,1.0,1.0,1.0,1.0,1.0,1.0,1.0,1.0,1.0,0.0,0.0,0.0,0.0,0.0,0.0,0.0,0.0,0.0,0.0,0.0,0.0,0.0,0.0,0.0,0.0,1.0,0.0,0.0,0.0,0.0,1.0,1.0,0.0,0.0,0.0,0.0,0.0,0.0,0.0,0.0,0.0,1.0,1.0,1.0,1.0,1.0,1.0,1.0,1.0,1.0,1.0,1.0,1.0,1.0,1.0,1.0,1.0,1.0,0.0,0.0,0.0,0.0,0.0,0.0,0.0,0.0,0.0,0.0,0.0,0.0,0.0,1.0,1.0,0.0,0.0,0.0,1.0,9.0,0.0,1.0,0.0,0.0,1.0,4.0,0.0,0.0,0.0,0.0,0.0,0.0,0.0,0.0,0.0,1.0,166.99000549316406,923.969970703125,166.99000549316406,166.99000549316406,923.969970703125,0.0,166.99000549316406,0.0,0.0,0.0,0.0,0.0,0.0,0.0,0.0,0.0,0.0,0.0,0.0,0.0,0.0,0.0,0.0,0.0,0.0,0.0,0.0,0.0,-5.0,117605.5,0.0,0.0,0.0,0.0,0.0,0.0,100.0,0.7253474221334146,0.7640041318115623,0.8326446980729502,0.7313108905973065,0.7504402750025401,0.7338565832401982,0.733918673304659,0.7339327846829455,0.7313108905973065,0.7313108905973065,0.8373042751831656,0.7320841941274088,0.8372478296700195,0.8488360935189262,0.8371095381628114,0.7313108905973065,0.7313108905973065,0.7313108905973065,0.7313108905973065,0.7317172982919588,0.7688697350447613,0,5.351858133476067,12,1
0.07510639979228051,1.4111378286540002e-05,0.07187207188900555,0.0024186902383129564,0.31506192072792133,0.13522933811991286,0.2703796525214211,0.00016369198812386402,0.0013010690780189884,9.0,0.38170431582393516,0.04003115792325668,1.0,0.0,0.0,0.0,1.0,0.0,98.0,8.0,19.0,9.0,0.0,27.91666603088379,0.9166659712791444,10.0,26.0,0.0,0.0,0.0,42.0,0.5770283695149072,0.5770283695149072,0.5770283695149072,0.49442318330115936,0.60925311297005,0.3209435431977512,0.7118428331131958,0.7118371885618812,0.7118371885618812,1.0,1.0,1.0,1.0,1.0,1.0,1.0,1.0,1.0,0.0,1.0,1.0,1.0,0.0,0.0,1.0,1.0,1.0,1.0,1.0,1.0,0.0,0.0,0.0,0.0,1.0,1.0,1.0,0.0,1.0,0.0,1.0,1.0,1.0,1.0,0.0,0.0,0.0,1.0,1.0,1.0,1.0,0.0,0.0,1.0,1.0,0.0,1.0,1.0,1.0,0.0,0.0,0.0,0.0,1.0,1.0,1.0,0.0,0.0,1.0,1.0,0.0,1.0,1.0,1.0,0.0,0.0,0.0,0.0,0.0,0.0,0.0,0.0,0.0,0.0,0.0,0.0,0.0,0.0,0.0,1.0,1.0,1.0,1.0,1.0,1.0,1.0,1.0,1.0,1.0,1.0,1.0,1.0,1.0,1.0,1.0,1.0,1.0,1.0,0.0,0.0,0.0,0.0,0.0,0.0,0.0,0.0,0.0,0.0,0.0,0.0,1.0,1.0,0.0,0.0,0.0,0.0,0.0,0.0,1.0,1.0,1.0,1.0,1.0,0.0,0.0,0.0,0.0,0.0,0.0,0.0,1.0,1.0,0.0,0.0,0.0,0.0,1.0,0.0,0.0,0.0,0.0,0.0,0.0,0.0,0.0,1.0,1.0,1.0,1.0,1.0,1.0,1.0,1.0,1.0,1.0,1.0,0.0,0.0,0.0,0.0,0.0,0.0,0.0,0.0,0.0,0.0,0.0,0.0,0.0,0.0,0.0,0.0,1.0,0.0,0.0,0.0,0.0,1.0,1.0,0.0,0.0,0.0,0.0,0.0,0.0,0.0,0.0,0.0,1.0,1.0,1.0,1.0,1.0,1.0,1.0,1.0,1.0,1.0,1.0,1.0,1.0,1.0,1.0,1.0,1.0,0.0,0.0,0.0,0.0,0.0,0.0,0.0,0.0,0.0,0.0,0.0,0.0,0.0,0.0,0.0,0.0,1.0,1.0,0.0,0.0,0.0,0.0,0.0,0.0,1.0,1.0,0.0,0.0,0.0,0.0,0.0,0.0,0.0,1.0,1.0,1.0,0.0,0.0,0.0,0.0,0.0,0.0,0.0,0.0,0.0,0.0,0.0,0.0,0.0,0.0,0.0,0.0,0.0,0.0,0.0,0.0,0.0,0.0,0.0,0.0,0.0,0.0,0.0,0.0,-5.0,175570.0,0.0,0.0,0.0,-1.0,0.0,0.0,100.0,0.23774003454465403,0.0027601855928472245,0.09010397263521523,0.126260146080988,0.12278592474684187,0.16532326345378806,0.0011853557760693602,0.0014704056174574683,0.143569162687258,0.1403291902326684,0.0012700240457886004,0.015638229417143632,0.05448685383998826,0.004696266693760513,0.12278874702249919,0.16282554949707048,0.25404432101692237,0.20965556947878214,0.1548639098678046,0.10283525812533162,8.466826971924002e-06,1,3.044522437723423,22,3
0.07953737257425407,8.466826971924002e-06,0.015499937909935538,0.8830928754473307,0.017746469333152708,0.020187737776724127,0.2703796525214211,0.02337408699382486,0.8813487090911144,9.0,0.38170431582393516,0.10529628249850419,1.0,0.0,0.0,0.0,1.0,0.0,98.0,8.0,19.0,9.0,0.0,43.125,0.6666659712791443,10.0,26.0,0.0,0.0,0.0,42.0,0.5770283695149072,0.5770283695149072,0.5770283695149072,0.49442318330115936,0.60925311297005,0.3209435431977512,0.7118428331131958,0.7118371885618812,0.7118371885618812,1.0,1.0,1.0,1.0,1.0,1.0,1.0,1.0,1.0,0.0,1.0,1.0,1.0,0.0,0.0,1.0,1.0,1.0,1.0,1.0,1.0,0.0,0.0,0.0,0.0,1.0,1.0,1.0,0.0,1.0,0.0,1.0,1.0,1.0,1.0,0.0,0.0,0.0,1.0,1.0,1.0,1.0,0.0,0.0,1.0,1.0,0.0,1.0,1.0,1.0,0.0,0.0,0.0,0.0,1.0,1.0,1.0,0.0,0.0,1.0,1.0,0.0,1.0,1.0,1.0,0.0,0.0,0.0,0.0,0.0,0.0,0.0,0.0,0.0,0.0,0.0,0.0,0.0,0.0,0.0,1.0,1.0,1.0,1.0,1.0,1.0,1.0,1.0,1.0,1.0,1.0,1.0,1.0,1.0,1.0,1.0,1.0,1.0,1.0,0.0,0.0,0.0,0.0,0.0,0.0,0.0,0.0,0.0,0.0,0.0,0.0,1.0,1.0,0.0,0.0,0.0,0.0,0.0,0.0,1.0,1.0,1.0,1.0,1.0,0.0,0.0,0.0,0.0,0.0,0.0,0.0,1.0,1.0,0.0,0.0,0.0,0.0,1.0,0.0,0.0,0.0,0.0,0.0,0.0,0.0,0.0,1.0,1.0,1.0,1.0,1.0,1.0,1.0,1.0,1.0,1.0,1.0,0.0,0.0,0.0,0.0,0.0,0.0,0.0,0.0,0.0,0.0,0.0,0.0,0.0,0.0,0.0,0.0,1.0,0.0,0.0,0.0,0.0,1.0,1.0,0.0,0.0,0.0,0.0,0.0,0.0,0.0,0.0,0.0,1.0,1.0,1.0,1.0,1.0,1.0,1.0,1.0,1.0,1.0,1.0,1.0,1.0,1.0,0.0,0.0,0.0,0.0,0.0,0.0,0.0,0.0,0.0,0.0,0.0,0.0,0.0,0.0,0.0,0.0,0.0,0.0,0.0,1.0,1.0,0.0,0.0,0.0,0.0,0.0,0.0,1.0,1.0,0.0,0.0,0.0,0.0,0.0,0.0,0.0,1.0,1.0,1.0,0.0,0.0,0.0,0.0,0.0,0.0,0.0,0.0,0.0,0.0,0.0,0.0,0.0,0.0,0.0,0.0,0.0,0.0,0.0,0.0,0.0,0.0,0.0,0.0,0.0,0.0,0.0,0.0,-35.0,179661.0,0.0,0.0,0.0,0.0,0.0,0.0,100.0,0.23774003454465403,0.0010781093010916562,0.09010397263521523,0.019129384405233627,0.7504402750025401,0.16532326345378806,0.013865840304354208,0.0033669748591684447,0.12511994671543558,0.12835991917002518,0.04216479832018153,0.06130264955238708,0.10807622402095257,0.8488360935189262,0.12278874702249919,0.16282554949707048,0.25404432101692237,0.05903353992391145,0.11382519953488897,0.1654474435827096,0.09231381447488739,1,4.61512051684126,21,0
0.7115944728553527,0.0013942041747101524,0.07636513473543988,0.8830928754473307,0.6530604757227848,0.5046285320779851,0.7271960126889514,0.02337408699382486,0.8813487090911144,9.0,0.38170431582393516,0.7444683397116764,1.0,0.0,1.0,1.0,8.0,107.0,107.0,19.0,107.0,19.0,0.0,43.125,0.6666659712791443,95.0,26.0,0.0,0.0,0.0,107.0,0.5770283695149072,0.5770283695149072,0.5770283695149072,0.49442318330115936,0.60925311297005,0.3673728000361251,0.7118428331131958,0.7118371885618812,0.7118371885618812,1.0,1.0,1.0,1.0,1.0,1.0,1.0,1.0,1.0,0.0,0.0,0.0,1.0,0.0,0.0,1.0,1.0,1.0,1.0,1.0,1.0,0.0,1.0,0.0,0.0,0.0,1.0,1.0,0.0,1.0,0.0,1.0,1.0,1.0,1.0,1.0,0.0,0.0,0.0,0.0,1.0,1.0,0.0,0.0,1.0,1.0,0.0,1.0,1.0,1.0,0.0,1.0,0.0,0.0,0.0,1.0,1.0,0.0,0.0,1.0,1.0,0.0,1.0,1.0,1.0,0.0,1.0,0.0,0.0,1.0,0.0,0.0,1.0,0.0,0.0,0.0,0.0,0.0,0.0,0.0,1.0,1.0,1.0,1.0,1.0,1.0,1.0,1.0,1.0,1.0,1.0,1.0,1.0,1.0,1.0,1.0,1.0,1.0,1.0,0.0,35.95000076293945,0.0,0.0,35.95000076293945,0.0,0.0,0.0,0.0,0.0,0.0,0.0,1.0,1.0,0.0,0.0,0.0,0.0,0.0,0.0,1.0,1.0,1.0,1.0,1.0,0.0,0.0,0.0,0.0,0.0,0.0,0.0,1.0,1.0,0.0,0.0,0.0,0.0,1.0,0.0,0.0,0.0,0.0,0.0,0.0,0.0,0.0,1.0,1.0,1.0,1.0,1.0,1.0,1.0,1.0,1.0,1.0,1.0,0.0,0.0,0.0,0.0,0.0,0.0,0.0,0.0,0.0,0.0,0.0,0.0,0.0,0.0,0.0,0.0,1.0,0.0,0.0,0.0,0.0,1.0,1.0,0.0,0.0,0.0,0.0,0.0,0.0,0.0,0.0,0.0,1.0,1.0,1.0,1.0,1.0,1.0,1.0,1.0,1.0,1.0,1.0,1.0,1.0,1.0,1.0,1.0,1.0,0.0,0.0,0.0,0.0,0.0,0.0,0.0,0.0,0.0,0.0,0.0,0.0,0.0,0.0,0.0,0.0,0.0,0.0,0.0,1.0,0.0,0.0,0.0,0.0,1.0,1.0,0.0,0.0,0.0,0.0,0.0,0.0,0.0,0.0,0.0,1.0,0.0,35.95000076293945,0.0,0.0,35.95000076293945,0.0,0.0,0.0,0.0,0.0,0.0,0.0,0.0,0.0,0.0,0.0,0.0,0.0,0.0,0.0,0.0,0.0,0.0,0.0,0.0,0.0,0.0,0.0,-5.0,117605.5,0.0,0.0,0.0,0.0,0.0,0.0,100.0,0.7253474221334146,0.7640041318115623,0.8326446980729502,0.7313108905973065,0.7504402750025401,0.7338565832401982,0.733918673304659,0.7339327846829455,0.7313108905973065,0.7313108905973065,0.8373042751831656,0.7320841941274088,0.8372478296700195,0.8488360935189262,0.8371095381628114,0.7313108905973065,0.7313108905973065,0.7313108905973065,0.7313108905973065,0.7317172982919588,0.7688697350447613,0,3.609565647394211,12,1
0.7115944728553527,0.00038382948939388807,0.07636513473543988,0.8830928754473307,0.6530604757227848,0.5046285320779851,0.7271960126889514,0.06695566769397501,0.8813487090911144,0.0,0.06546268387125907,0.7444683397116764,8.0,0.0,5.0,6.0,16.0,49.0,49.0,7.0,21.0,7.0,0.0,43.125,0.6666659712791443,49.0,24.0,0.0,0.0,0.0,49.0,0.4229518745554916,0.3777305516984455,0.09193562953680812,0.49442318330115936,0.60925311297005,0.31168365676612364,0.24924927467515606,0.10557004323726307,0.2421710073266276,1.0,1.0,1.0,1.0,2.0,1.0,1.0,1.0,1.0,1.0,1.0,1.0,1.0,0.0,0.0,1.0,1.0,1.0,1.0,1.0,1.0,0.0,1.0,0.0,1.0,1.0,1.0,1.0,0.0,1.0,0.0,1.0,1.0,1.0,1.0,1.0,0.0,0.0,1.0,1.0,1.0,1.0,0.0,0.0,1.0,1.0,0.0,1.0,1.0,1.0,0.0,1.0,0.0,1.0,1.0,1.0,1.0,0.0,0.0,1.0,1.0,0.0,1.0,1.0,1.0,0.0,1.0,0.0,0.0,4.0,0.0,0.0,4.0,0.0,0.0,0.0,0.0,0.0,0.0,0.0,1.0,1.0,1.0,1.0,1.0,1.0,1.0,1.0,1.0,1.0,1.0,1.0,1.0,1.0,1.0,1.0,1.0,1.0,1.0,0.0,189.8000030517578,0.0,0.0,189.8000030517578,0.0,0.0,0.0,0.0,0.0,0.0,0.0,1.0,1.0,0.0,0.0,0.0,0.0,0.0,0.0,1.0,1.0,1.0,1.0,1.0,0.0,0.0,0.0,0.0,0.0,0.0,0.0,1.0,1.0,0.0,0.0,0.0,0.0,1.0,0.0,0.0,0.0,0.0,0.0,0.0,0.0,0.0,1.0,1.0,1.0,1.0,1.0,1.0,1.0,1.0,1.0,1.0,1.0,0.0,0.0,0.0,0.0,0.0,0.0,0.0,0.0,0.0,0.0,0.0,0.0,0.0,0.0,0.0,0.0,1.0,0.0,0.0,0.0,0.0,1.0,1.0,0.0,0.0,0.0,0.0,0.0,0.0,0.0,0.0,0.0,1.0,1.0,1.0,1.0,1.0,1.0,1.0,1.0,1.0,1.0,1.0,1.0,1.0,1.0,1.0,1.0,1.0,0.0,0.0,0.0,0.0,0.0,0.0,0.0,0.0,0.0,0.0,0.0,0.0,0.0,0.0,0.0,0.0,0.0,0.0,0.0,4.0,0.0,0.0,0.0,0.0,1.0,1.0,0.0,0.0,0.0,0.0,0.0,0.0,0.0,0.0,0.0,1.0,0.0,189.8000030517578,0.0,0.0,189.8000030517578,0.0,0.0,0.0,1189.75,0.0,0.0,0.0,0.0,0.0,0.0,0.0,0.0,0.0,0.0,0.0,0.0,0.0,0.0,0.0,0.0,0.0,0.0,0.0,-5.0,117605.5,0.0,0.0,0.0,0.0,0.0,0.0,100.0,0.7253474221334146,0.7640041318115623,0.8326446980729502,0.7313108905973065,0.7504402750025401,0.7338565832401982,0.733918673304659,0.7339327846829455,0.7313108905973065,0.7313108905973065,0.8373042751831656,0.7320841941274088,0.8372478296700195,0.8488360935189262,0.8371095381628114,0.7313108905973065,0.7313108905973065,0.7313108905973065,0.7313108905973065,0.7317172982919588,0.7688697350447613,0,3.8907993689765195,16,2
0.7115944728553527,0.0033726194104830606,0.015364468678384756,0.8830928754473307,0.6530604757227848,0.5046285320779851,0.7271960126889514,0.08114606969891963,0.8813487090911144,2.0,0.38170431582393516,0.7444683397116764,1.0,0.0,1.0,1.0,2.0,443.0,443.0,62.0,443.0,443.0,0.0,43.125,0.6666659712791443,62.0,62.0,0.0,0.0,0.0,443.0,0.4229518745554916,0.3777305516984455,0.3310360009482846,0.49442318330115936,0.60925311297005,0.31168365676612364,0.24924927467515606,0.10557004323726307,0.2421710073266276,1.0,1.0,1.0,0.0,0.0,1.0,1.0,1.0,1.0,1.0,1.0,1.0,1.0,0.0,0.0,0.0,0.0,1.0,1.0,1.0,1.0,0.0,1.0,0.0,0.0,0.0,1.0,1.0,0.0,1.0,0.0,1.0,1.0,1.0,1.0,1.0,0.0,0.0,0.0,0.0,1.0,1.0,0.0,0.0,1.0,1.0,0.0,1.0,1.0,1.0,0.0,1.0,0.0,0.0,0.0,1.0,1.0,0.0,0.0,1.0,1.0,0.0,1.0,1.0,1.0,0.0,1.0,0.0,0.0,0.0,0.0,0.0,0.0,0.0,0.0,0.0,0.0,0.0,0.0,0.0,1.0,1.0,1.0,1.0,1.0,1.0,1.0,1.0,1.0,1.0,1.0,1.0,1.0,1.0,1.0,1.0,1.0,1.0,1.0,0.0,0.0,0.0,0.0,0.0,0.0,0.0,0.0,0.0,0.0,0.0,0.0,1.0,1.0,0.0,0.0,0.0,0.0,0.0,0.0,1.0,1.0,1.0,1.0,1.0,0.0,0.0,0.0,0.0,0.0,0.0,0.0,1.0,1.0,0.0,0.0,0.0,0.0,1.0,0.0,0.0,0.0,0.0,0.0,0.0,0.0,0.0,1.0,1.0,1.0,1.0,1.0,1.0,1.0,1.0,1.0,1.0,1.0,0.0,0.0,0.0,0.0,0.0,0.0,0.0,0.0,0.0,0.0,0.0,0.0,0.0,0.0,0.0,0.0,1.0,0.0,0.0,0.0,0.0,1.0,1.0,0.0,0.0,0.0,0.0,0.0,0.0,0.0,0.0,0.0,1.0,1.0,1.0,1.0,1.0,1.0,1.0,1.0,1.0,1.0,1.0,1.0,1.0,1.0,1.0,1.0,1.0,0.0,0.0,0.0,0.0,0.0,0.0,0.0,0.0,0.0,0.0,0.0,0.0,0.0,0.0,0.0,0.0,0.0,0.0,0.0,0.0,0.0,0.0,0.0,0.0,1.0,1.0,0.0,0.0,0.0,0.0,0.0,0.0,0.0,0.0,0.0,1.0,0.0,0.0,0.0,0.0,0.0,0.0,0.0,0.0,0.0,0.0,0.0,0.0,0.0,0.0,0.0,0.0,0.0,0.0,0.0,0.0,0.0,0.0,0.0,0.0,0.0,0.0,0.0,0.0,-5.0,117605.5,0.0,0.0,0.0,0.0,0.0,0.0,100.0,0.7253474221334146,0.7640041318115623,0.8326446980729502,0.7313108905973065,0.7504402750025401,0.7338565832401982,0.733918673304659,0.7339327846829455,0.7313108905973065,0.7313108905973065,0.8373042751831656,0.7320841941274088,0.8372478296700195,0.8488360935189262,0.8371095381628114,0.7313108905973065,0.7313108905973065,0.7313108905973065,0.7313108905973065,0.7317172982919588,0.7688697350447613,0,3.9110225050945626,19,0
0.7115944728553527,0.013292918345920684,0.04200675088337228,0.8830928754473307,0.6530604757227848,0.5046285320779851,0.2703796525214211,0.00870954267845249,0.8813487090911144,4.0,0.0016425644325532562,0.7444683397116764,1.0,0.0,0.0,1.0,1.0,305.0,98.0,218.0,305.0,218.0,0.0,43.125,0.6666659712791443,218.0,305.0,0.0,0.0,0.0,305.0,0.4229518745554916,0.3777305516984455,0.3310360009482846,0.32066978245899236,0.21565572752621895,0.31168365676612364,0.7118428331131958,0.7118371885618812,0.7118371885618812,1.0,1.0,1.0,1.0,1.0,1.0,1.0,1.0,1.0,0.0,1.0,1.0,1.0,0.0,0.0,1.0,1.0,1.0,1.0,1.0,1.0,0.0,0.0,0.0,0.0,0.0,1.0,1.0,0.0,1.0,0.0,1.0,1.0,1.0,1.0,0.0,0.0,0.0,1.0,1.0,2.0,2.0,0.0,0.0,2.0,2.0,0.0,1.0,1.0,1.0,0.0,0.0,0.0,1.0,1.0,2.0,2.0,0.0,0.0,2.0,2.0,0.0,1.0,1.0,1.0,0.0,0.0,0.0,0.0,0.0,0.0,0.0,0.0,0.0,0.0,0.0,0.0,0.0,0.0,0.0,1.0,1.0,1.0,1.0,1.0,1.0,1.0,1.0,1.0,1.0,1.0,1.0,1.0,1.0,1.0,1.0,1.0,1.0,1.0,0.0,0.0,0.0,0.0,0.0,0.0,0.0,0.0,0.0,0.0,0.0,0.0,1.0,1.0,0.0,0.0,0.0,0.0,0.0,0.0,1.0,1.0,1.0,1.0,1.0,0.0,0.0,0.0,0.0,0.0,0.0,0.0,1.0,1.0,0.0,0.0,0.0,0.0,1.0,0.0,0.0,0.0,0.0,0.0,0.0,0.0,0.0,1.0,1.0,1.0,1.0,1.0,1.0,1.0,1.0,1.0,1.0,1.0,0.0,0.0,0.0,0.0,0.0,0.0,0.0,0.0,0.0,0.0,0.0,0.0,0.0,0.0,0.0,0.0,1.0,0.0,0.0,0.0,0.0,1.0,1.0,0.0,0.0,0.0,0.0,0.0,0.0,0.0,0.0,0.0,1.0,1.0,1.0,1.0,1.0,1.0,1.0,1.0,1.0,1.0,1.0,1.0,1.0,1.0,1.0,1.0,1.0,0.0,0.0,0.0,0.0,0.0,0.0,0.0,0.0,0.0,0.0,0.0,0.0,0.0,0.0,0.0,0.0,0.0,0.0,0.0,0.0,0.0,0.0,0.0,0.0,1.0,1.0,0.0,0.0,0.0,0.0,0.0,0.0,0.0,0.0,0.0,1.0,0.0,0.0,0.0,0.0,0.0,0.0,0.0,0.0,0.0,0.0,0.0,0.0,0.0,0.0,0.0,0.0,0.0,0.0,0.0,0.0,0.0,0.0,0.0,0.0,0.0,0.0,0.0,0.0,-5.0,117605.5,0.0,0.0,0.0,0.0,0.0,0.0,100.0,0.7253474221334146,0.7640041318115623,0.8326446980729502,0.7313108905973065,0.7504402750025401,0.7338565832401982,0.733918673304659,0.7339327846829455,0.7313108905973065,0.7313108905973065,0.8373042751831656,0.7320841941274088,0.8372478296700195,0.8488360935189262,0.8371095381628114,0.7313108905973065,0.7313108905973065,0.7313108905973065,0.7313108905973065,0.7317172982919588,0.7688697350447613,0,5.365976015021851,18,5
0.07953737257425407,0.0005531660288323681,0.0012982468023616802,0.8830928754473307,0.6530604757227848,0.00830031270814283,0.2703796525214211,0.014052110497736536,0.8813487090911144,9.0,0.014317404409523487,0.10529628249850419,1.0,0.0,0.0,0.0,1.0,0.0,98.0,8.0,19.0,9.0,0.0,43.20833206176758,0.2083330005407333,10.0,26.0,0.0,0.0,0.0,42.0,0.5770283695149072,0.5770283695149072,0.5770283695149072,0.49442318330115936,0.60925311297005,0.3209435431977512,0.7118428331131958,0.7118371885618812,0.7118371885618812,1.0,1.0,1.0,1.0,1.0,1.0,1.0,1.0,1.0,0.0,1.0,1.0,1.0,0.0,0.0,1.0,1.0,1.0,1.0,1.0,1.0,0.0,0.0,0.0,0.0,1.0,1.0,1.0,0.0,1.0,0.0,1.0,1.0,1.0,1.0,0.0,0.0,0.0,1.0,1.0,1.0,1.0,0.0,0.0,1.0,1.0,0.0,1.0,1.0,1.0,0.0,0.0,0.0,0.0,1.0,1.0,1.0,0.0,0.0,1.0,1.0,0.0,1.0,1.0,1.0,0.0,0.0,0.0,0.0,0.0,0.0,0.0,0.0,0.0,0.0,0.0,0.0,0.0,0.0,0.0,1.0,1.0,1.0,1.0,1.0,1.0,1.0,1.0,1.0,1.0,1.0,1.0,1.0,1.0,1.0,1.0,1.0,1.0,1.0,0.0,0.0,0.0,0.0,0.0,0.0,0.0,0.0,0.0,0.0,0.0,0.0,1.0,1.0,0.0,0.0,0.0,0.0,0.0,0.0,1.0,1.0,1.0,1.0,1.0,0.0,0.0,0.0,0.0,0.0,0.0,0.0,1.0,1.0,0.0,0.0,0.0,0.0,1.0,0.0,0.0,0.0,0.0,0.0,0.0,0.0,0.0,1.0,1.0,1.0,1.0,1.0,1.0,1.0,1.0,1.0,1.0,1.0,0.0,0.0,0.0,0.0,0.0,0.0,0.0,0.0,0.0,0.0,0.0,0.0,0.0,0.0,0.0,0.0,1.0,0.0,0.0,0.0,0.0,1.0,1.0,0.0,0.0,0.0,0.0,0.0,0.0,0.0,0.0,0.0,1.0,1.0,1.0,1.0,1.0,1.0,1.0,1.0,1.0,1.0,1.0,1.0,1.0,1.0,1.0,1.0,1.0,0.0,0.0,0.0,0.0,0.0,0.0,0.0,0.0,0.0,0.0,0.0,0.0,0.0,0.0,0.0,0.0,1.0,1.0,0.0,0.0,0.0,0.0,0.0,0.0,1.0,1.0,0.0,0.0,0.0,0.0,0.0,0.0,0.0,1.0,1.0,1.0,0.0,0.0,0.0,0.0,0.0,0.0,0.0,0.0,0.0,0.0,0.0,0.0,0.0,0.0,0.0,0.0,0.0,0.0,0.0,0.0,0.0,0.0,0.0,0.0,0.0,0.0,0.0,0.0,-5.0,117582.0,0.0,0.0,8.0,-9.0,0.0,0.0,91.13999938964844,0.23774003454465403,0.11191734119054876,0.027754258813966877,0.12329957891647193,0.12677380025061807,0.16532326345378806,0.007837459500344318,0.01206805071064901,0.143569162687258,0.1403291902326684,0.04216479832018153,0.06130264955238708,0.10807622402095257,0.0005080096183154401,0.12278874702249919,0.16282554949707048,0.25404432101692237,0.20965556947878214,0.11382519953488897,0.1654474435827096,0.09231381447488739,1,5.5254529391317835,5,0
0.7115944728553527,0.0015832966437497884,0.03215983111502466,0.8830928754473307,0.31506192072792133,0.13522933811991286,0.7271960126889514,0.013981553606303834,0.8813487090911144,9.0,0.38170431582393516,0.7444683397116764,1.0,0.0,0.0,3.0,4.0,12.0,12.0,0.0,12.0,6.0,0.0,43.125,0.6666659712791443,12.0,26.0,0.0,0.0,0.0,12.0,0.5770283695149072,0.5770283695149072,0.5770283695149072,0.32066978245899236,0.17509115950373105,0.31168365676612364,0.7118428331131958,0.7118371885618812,0.7118371885618812,1.0,1.0,1.0,1.0,1.0,1.0,1.0,1.0,1.0,0.0,1.0,2.0,1.0,0.0,0.0,1.0,2.0,1.0,1.0,1.0,1.0,0.0,0.0,0.0,1.0,2.0,1.0,1.0,0.0,1.0,0.0,1.0,1.0,1.0,1.0,0.0,0.0,0.0,1.0,2.0,1.0,1.0,0.0,0.0,1.0,2.0,0.0,1.0,1.0,1.0,0.0,0.0,0.0,1.0,2.0,1.0,1.0,0.0,0.0,1.0,2.0,0.0,1.0,1.0,1.0,0.0,0.0,0.0,0.0,0.0,0.0,0.0,0.0,0.0,0.0,0.0,0.0,0.0,0.0,0.0,1.0,1.0,1.0,1.0,1.0,1.0,1.0,1.0,1.0,1.0,1.0,1.0,1.0,1.0,1.0,1.0,1.0,1.0,1.0,0.0,0.0,0.0,0.0,0.0,0.0,0.0,0.0,0.0,0.0,0.0,0.0,1.0,1.0,0.0,0.0,0.0,0.0,0.0,0.0,1.0,1.0,1.0,1.0,1.0,0.0,0.0,0.0,0.0,0.0,0.0,0.0,1.0,1.0,0.0,0.0,0.0,0.0,1.0,0.0,0.0,0.0,0.0,0.0,0.0,0.0,0.0,1.0,1.0,1.0,1.0,1.0,1.0,1.0,1.0,1.0,1.0,1.0,0.0,0.0,0.0,0.0,0.0,0.0,0.0,0.0,0.0,0.0,0.0,0.0,0.0,0.0,0.0,0.0,1.0,0.0,0.0,0.0,0.0,1.0,1.0,0.0,0.0,0.0,0.0,0.0,0.0,0.0,0.0,0.0,1.0,1.0,1.0,1.0,1.0,1.0,1.0,1.0,1.0,1.0,1.0,1.0,1.0,1.0,1.0,1.0,1.0,0.0,0.0,0.0,0.0,0.0,0.0,0.0,0.0,0.0,0.0,0.0,0.0,0.0,1.0,2.0,1.0,2.0,5.0,1.0,4.0,1.0,1.0,2.0,3.0,2.0,2.0,0.0,0.0,0.0,0.0,0.0,0.0,0.0,0.0,0.0,1.0,29.0,174.0,58.0,29.0,116.0,29.0,29.0,58.0,116.0,87.0,0.0,29.0,0.0,0.0,0.0,0.0,0.0,0.0,0.0,0.0,0.0,0.0,0.0,0.0,0.0,0.0,0.0,0.0,-5.0,117605.5,0.0,0.0,0.0,0.0,0.0,0.0,100.0,0.7253474221334146,0.7640041318115623,0.8326446980729502,0.7313108905973065,0.7504402750025401,0.7338565832401982,0.733918673304659,0.7339327846829455,0.7313108905973065,0.7313108905973065,0.8373042751831656,0.7320841941274088,0.8372478296700195,0.8488360935189262,0.8371095381628114,0.7313108905973065,0.7313108905973065,0.7313108905973065,0.7313108905973065,0.7317172982919588,0.7688697350447613,0,3.4011973816621555,7,0
0.7115944728553527,0.004092299703096601,0.009186507264537541,0.8830928754473307,0.6530604757227848,0.09485104029080728,0.7271960126889514,0.024782402546821552,0.8813487090911144,9.0,0.1693958072272835,0.7444683397116764,1.0,0.0,1.0,0.0,2.0,0.0,0.0,0.0,0.0,9.0,0.0,43.125,0.6666659712791443,0.0,26.0,0.0,0.0,0.0,0.0,0.5770283695149072,0.5770283695149072,0.5770283695149072,0.49442318330115936,0.60925311297005,0.3673728000361251,0.7118428331131958,0.7118371885618812,0.7118371885618812,1.0,1.0,1.0,1.0,1.0,1.0,1.0,1.0,1.0,0.0,0.0,0.0,1.0,0.0,0.0,1.0,1.0,1.0,1.0,1.0,1.0,0.0,1.0,0.0,0.0,0.0,1.0,1.0,0.0,1.0,0.0,1.0,1.0,1.0,1.0,1.0,0.0,0.0,0.0,0.0,2.0,2.0,0.0,0.0,1.0,1.0,0.0,1.0,1.0,1.0,0.0,1.0,0.0,0.0,0.0,1.0,1.0,0.0,0.0,1.0,1.0,0.0,1.0,1.0,1.0,0.0,1.0,0.0,0.0,0.0,0.0,0.0,0.0,0.0,0.0,0.0,0.0,0.0,0.0,0.0,1.0,1.0,1.0,1.0,1.0,1.0,1.0,1.0,1.0,1.0,1.0,1.0,1.0,1.0,1.0,1.0,1.0,1.0,1.0,0.0,0.0,0.0,0.0,0.0,0.0,0.0,0.0,0.0,0.0,0.0,0.0,1.0,1.0,0.0,0.0,0.0,0.0,0.0,0.0,1.0,1.0,1.0,1.0,1.0,0.0,0.0,0.0,0.0,0.0,0.0,0.0,1.0,1.0,0.0,0.0,0.0,0.0,1.0,0.0,0.0,0.0,0.0,0.0,0.0,0.0,0.0,1.0,1.0,1.0,1.0,1.0,1.0,1.0,1.0,1.0,1.0,1.0,0.0,0.0,0.0,0.0,0.0,0.0,0.0,0.0,0.0,0.0,0.0,0.0,0.0,0.0,0.0,0.0,1.0,0.0,0.0,0.0,0.0,1.0,1.0,0.0,0.0,0.0,0.0,0.0,0.0,0.0,0.0,0.0,1.0,1.0,1.0,1.0,1.0,1.0,1.0,1.0,1.0,1.0,1.0,1.0,1.0,1.0,1.0,1.0,1.0,0.0,0.0,0.0,0.0,0.0,0.0,0.0,0.0,0.0,0.0,0.0,0.0,0.0,1.0,1.0,1.0,2.0,2.0,1.0,1.0,1.0,1.0,1.0,1.0,2.0,2.0,0.0,0.0,0.0,0.0,0.0,0.0,0.0,0.0,0.0,1.0,83.94999694824219,83.94999694824219,83.94999694824219,83.94999694824219,83.94999694824219,83.94999694824219,83.94999694824219,83.94999694824219,83.94999694824219,83.94999694824219,0.0,0.0,0.0,0.0,0.0,0.0,0.0,0.0,0.0,0.0,0.0,0.0,0.0,0.0,0.0,0.0,0.0,0.0,-5.0,117605.5,0.0,0.0,0.0,0.0,0.0,0.0,100.0,0.7253474221334146,0.7640041318115623,0.8326446980729502,0.7313108905973065,0.7504402750025401,0.7338565832401982,0.733918673304659,0.7339327846829455,0.7313108905973065,0.7313108905973065,0.8373042751831656,0.7320841941274088,0.8372478296700195,0.8488360935189262,0.8371095381628114,0.7313108905973065,0.7313108905973065,0.7313108905973065,0.7313108905973065,0.7317172982919588,0.7688697350447613,0,3.9110225050945626,15,4
0.7115944728553527,0.0012446235648728282,0.0012615572188166763,0.8830928754473307,0.6530604757227848,0.09485104029080728,0.7271960126889514,0.02337408699382486,0.8813487090911144,9.0,0.38170431582393516,0.7444683397116764,1.0,0.0,0.0,1.0,3.0,110.0,110.0,7.0,111.0,7.0,0.0,43.125,0.6666659712791443,468.0,26.0,0.0,0.0,0.0,468.0,0.5770283695149072,0.5770283695149072,0.5770283695149072,0.32066978245899236,0.17509115950373105,0.31168365676612364,0.7118428331131958,0.7118371885618812,0.7118371885618812,1.0,1.0,1.0,1.0,1.0,1.0,1.0,1.0,1.0,0.0,1.0,1.0,1.0,0.0,0.0,0.0,0.0,1.0,1.0,1.0,1.0,0.0,0.0,0.0,0.0,0.0,1.0,1.0,0.0,1.0,0.0,1.0,1.0,1.0,1.0,0.0,0.0,0.0,0.0,0.0,1.0,1.0,0.0,0.0,1.0,1.0,0.0,1.0,1.0,1.0,0.0,0.0,0.0,1.0,1.0,1.0,1.0,0.0,0.0,0.0,0.0,0.0,1.0,1.0,1.0,0.0,0.0,0.0,0.0,1.0,0.0,0.0,1.0,0.0,0.0,0.0,0.0,0.0,0.0,0.0,1.0,1.0,1.0,1.0,1.0,1.0,1.0,1.0,1.0,1.0,1.0,1.0,1.0,1.0,1.0,1.0,1.0,1.0,1.0,0.0,161.0,0.0,0.0,161.0,0.0,0.0,0.0,0.0,0.0,0.0,0.0,1.0,1.0,0.0,0.0,0.0,0.0,0.0,0.0,1.0,1.0,1.0,1.0,1.0,0.0,0.0,0.0,0.0,0.0,0.0,0.0,1.0,1.0,0.0,0.0,0.0,0.0,1.0,0.0,0.0,0.0,0.0,0.0,0.0,0.0,0.0,1.0,1.0,1.0,1.0,1.0,1.0,1.0,1.0,1.0,1.0,1.0,0.0,0.0,0.0,0.0,0.0,0.0,0.0,0.0,0.0,0.0,0.0,0.0,0.0,0.0,0.0,0.0,1.0,0.0,0.0,0.0,0.0,1.0,1.0,0.0,0.0,0.0,0.0,0.0,0.0,0.0,0.0,0.0,1.0,1.0,1.0,1.0,1.0,1.0,1.0,1.0,1.0,1.0,1.0,1.0,1.0,1.0,1.0,1.0,1.0,0.0,0.0,0.0,0.0,0.0,0.0,0.0,0.0,0.0,0.0,0.0,0.0,0.0,0.0,0.0,0.0,0.0,0.0,0.0,1.0,0.0,0.0,0.0,0.0,1.0,1.0,0.0,0.0,0.0,0.0,0.0,0.0,0.0,0.0,0.0,1.0,0.0,161.0,0.0,0.0,161.0,0.0,0.0,0.0,0.0,0.0,0.0,0.0,0.0,0.0,0.0,0.0,0.0,0.0,0.0,0.0,0.0,0.0,0.0,0.0,0.0,0.0,0.0,0.0,-5.0,117605.5,0.0,0.0,0.0,0.0,0.0,0.0,100.0,0.7253474221334146,0.7640041318115623,0.8326446980729502,0.7313108905973065,0.7504402750025401,0.7338565832401982,0.733918673304659,0.7339327846829455,0.7313108905973065,0.7313108905973065,0.8373042751831656,0.7320841941274088,0.8372478296700195,0.8488360935189262,0.8371095381628114,0.7313108905973065,0.7313108905973065,0.7313108905973065,0.7313108905973065,0.7317172982919588,0.7688697350447613,0,4.770684624465665,21,1
0.7115944728553527,9.877964800578001e-05,0.08156376649620121,0.8830928754473307,0.6530604757227848,0.5046285320779851,0.7271960126889514,0.025583928833497024,0.8813487090911144,4.0,0.15974080220363282,0.7444683397116764,145.0,0.0,82.0,96.0,462.0,546.0,546.0,13.0,19.0,9.0,0.0,43.125,0.6666659712791443,542.0,546.0,0.0,0.0,0.0,547.0,0.4229518745554916,0.3777305516984455,0.3310360009482846,0.32066978245899236,0.21565572752621895,0.3673728000361251,0.24924927467515606,0.1825927682008557,0.2421710073266276,1.0,1.0,2.0,0.0,2.0,1.0,1.0,1.0,1.0,0.0,1.0,1.0,1.0,0.0,0.0,1.0,1.0,1.0,1.0,1.0,1.0,0.0,0.0,0.0,0.0,1.0,1.0,1.0,0.0,1.0,0.0,1.0,1.0,1.0,1.0,0.0,0.0,0.0,0.0,1.0,1.0,2.0,0.0,0.0,0.0,2.0,0.0,1.0,1.0,1.0,0.0,0.0,0.0,0.0,1.0,1.0,2.0,0.0,0.0,0.0,2.0,0.0,1.0,1.0,1.0,0.0,0.0,0.0,0.0,2.0,0.0,0.0,2.0,0.0,0.0,0.0,0.0,0.0,0.0,0.0,1.0,1.0,1.0,1.0,1.0,1.0,1.0,1.0,1.0,1.0,1.0,1.0,1.0,1.0,1.0,1.0,1.0,1.0,1.0,0.0,141.0,0.0,0.0,141.0,0.0,0.0,0.0,0.0,0.0,0.0,0.0,1.0,1.0,0.0,0.0,0.0,0.0,0.0,0.0,1.0,1.0,1.0,1.0,1.0,0.0,0.0,0.0,0.0,0.0,0.0,0.0,1.0,1.0,0.0,0.0,0.0,0.0,1.0,0.0,0.0,0.0,0.0,0.0,0.0,0.0,0.0,1.0,1.0,1.0,1.0,1.0,1.0,1.0,1.0,1.0,1.0,1.0,0.0,0.0,0.0,0.0,0.0,0.0,0.0,0.0,0.0,0.0,0.0,0.0,0.0,0.0,0.0,0.0,1.0,0.0,0.0,0.0,0.0,1.0,1.0,0.0,0.0,0.0,0.0,0.0,0.0,0.0,0.0,0.0,1.0,1.0,1.0,1.0,1.0,1.0,1.0,1.0,1.0,1.0,1.0,1.0,1.0,1.0,1.0,1.0,1.0,0.0,0.0,0.0,0.0,0.0,0.0,0.0,0.0,0.0,0.0,0.0,0.0,0.0,0.0,0.0,0.0,0.0,0.0,0.0,2.0,0.0,0.0,0.0,0.0,1.0,1.0,0.0,0.0,0.0,0.0,0.0,0.0,0.0,0.0,0.0,1.0,0.0,141.0,0.0,0.0,141.0,0.0,0.0,0.0,0.0,0.0,0.0,0.0,0.0,0.0,0.0,0.0,0.0,0.0,0.0,0.0,0.0,0.0,0.0,0.0,0.0,0.0,0.0,0.0,-5.0,117605.5,0.0,0.0,0.0,0.0,0.0,0.0,100.0,0.7253474221334146,0.7640041318115623,0.8326446980729502,0.7313108905973065,0.7504402750025401,0.7338565832401982,0.733918673304659,0.7339327846829455,0.7313108905973065,0.7313108905973065,0.8373042751831656,0.7320841941274088,0.8372478296700195,0.8488360935189262,0.8371095381628114,0.7313108905973065,0.7313108905973065,0.7313108905973065,0.7313108905973065,0.7317172982919588,0.7688697350447613,0,4.0943445622221,17,2
0.7115944728553527,0.009544936273015657,0.04200675088337228,0.8830928754473307,0.6530604757227848,0.5046285320779851,0.2703796525214211,0.006183605965161829,0.8813487090911144,9.0,0.07852699788893781,0.7444683397116764,1.0,0.0,0.0,0.0,1.0,0.0,98.0,8.0,0.0,9.0,0.0,43.125,0.6666659712791443,0.0,26.0,0.0,0.0,0.0,0.0,0.5770283695149072,0.5770283695149072,0.5770283695149072,0.32066978245899236,0.21565572752621895,0.31168365676612364,0.7118428331131958,0.7118371885618812,0.7118371885618812,1.0,1.0,1.0,1.0,1.0,1.0,1.0,1.0,1.0,0.0,0.0,0.0,1.0,0.0,0.0,1.0,1.0,1.0,1.0,1.0,1.0,0.0,0.0,0.0,0.0,0.0,1.0,1.0,0.0,1.0,0.0,1.0,1.0,1.0,1.0,0.0,0.0,0.0,0.0,0.0,1.0,1.0,0.0,0.0,1.0,1.0,0.0,1.0,1.0,1.0,0.0,0.0,0.0,0.0,0.0,1.0,1.0,0.0,0.0,1.0,1.0,0.0,1.0,1.0,1.0,0.0,0.0,0.0,0.0,0.0,0.0,0.0,0.0,0.0,0.0,0.0,0.0,0.0,0.0,0.0,1.0,1.0,1.0,1.0,1.0,1.0,1.0,1.0,1.0,1.0,1.0,1.0,1.0,1.0,1.0,1.0,1.0,1.0,1.0,0.0,0.0,0.0,0.0,0.0,0.0,0.0,0.0,0.0,0.0,0.0,0.0,1.0,1.0,0.0,0.0,0.0,0.0,0.0,0.0,1.0,1.0,1.0,1.0,1.0,0.0,0.0,0.0,0.0,0.0,0.0,0.0,1.0,1.0,0.0,0.0,0.0,0.0,1.0,0.0,0.0,0.0,0.0,0.0,0.0,0.0,0.0,1.0,1.0,1.0,1.0,1.0,1.0,1.0,1.0,1.0,1.0,1.0,0.0,0.0,0.0,0.0,0.0,0.0,0.0,0.0,0.0,0.0,0.0,0.0,0.0,0.0,0.0,0.0,1.0,0.0,0.0,0.0,0.0,1.0,1.0,0.0,0.0,0.0,0.0,0.0,0.0,0.0,0.0,0.0,1.0,1.0,1.0,1.0,1.0,1.0,1.0,1.0,1.0,1.0,1.0,1.0,1.0,1.0,1.0,1.0,1.0,0.0,0.0,0.0,0.0,0.0,0.0,0.0,0.0,0.0,0.0,0.0,0.0,0.0,0.0,0.0,0.0,1.0,1.0,0.0,0.0,0.0,0.0,0.0,0.0,1.0,1.0,0.0,0.0,0.0,0.0,0.0,0.0,0.0,0.0,0.0,1.0,0.0,0.0,0.0,0.0,0.0,0.0,0.0,0.0,0.0,0.0,0.0,0.0,0.0,0.0,0.0,0.0,0.0,0.0,0.0,0.0,0.0,0.0,0.0,0.0,0.0,0.0,0.0,0.0,-5.0,117605.5,0.0,0.0,0.0,0.0,0.0,0.0,100.0,0.7253474221334146,0.7640041318115623,0.8326446980729502,0.7313108905973065,0.7504402750025401,0.7338565832401982,0.733918673304659,0.7339327846829455,0.7313108905973065,0.7313108905973065,0.8373042751831656,0.7320841941274088,0.8372478296700195,0.8488360935189262,0.8371095381628114,0.7313108905973065,0.7313108905973065,0.7313108905973065,0.7313108905973065,0.7317172982919588,0.7688697350447613,0,5.365976015021851,8,4
0.07953737257425407,0.0025541594698637407,0.01877377767241282,0.8830928754473307,0.6530604757227848,0.5046285320779851,0.7271960126889514,0.02337408699382486,0.8813487090911144,9.0,0.06546268387125907,0.04003115792325668,1.0,0.0,0.0,0.0,1.0,0.0,98.0,8.0,366.0,366.0,0.0,2.125,0.125,366.0,26.0,0.0,0.0,0.0,366.0,0.5770283695149072,0.5770283695149072,0.5770283695149072,0.49442318330115936,0.60925311297005,0.3209435431977512,0.7118428331131958,0.7118371885618812,0.7118371885618812,1.0,1.0,1.0,1.0,1.0,1.0,1.0,1.0,1.0,0.0,0.0,0.0,1.0,0.0,1.0,1.0,1.0,1.0,1.0,1.0,1.0,0.0,0.0,1.0,0.0,0.0,1.0,1.0,1.0,1.0,1.0,1.0,1.0,1.0,1.0,0.0,1.0,0.0,1.0,1.0,1.0,1.0,0.0,0.0,1.0,1.0,0.0,1.0,1.0,1.0,0.0,0.0,0.0,0.0,0.0,1.0,1.0,0.0,1.0,1.0,1.0,1.0,1.0,1.0,1.0,0.0,0.0,1.0,0.0,0.0,0.0,0.0,0.0,0.0,0.0,0.0,0.0,0.0,0.0,0.0,1.0,1.0,1.0,1.0,1.0,1.0,1.0,1.0,1.0,1.0,1.0,1.0,1.0,1.0,1.0,1.0,1.0,1.0,1.0,0.0,0.0,0.0,0.0,0.0,0.0,0.0,0.0,0.0,0.0,0.0,0.0,1.0,1.0,0.0,0.0,0.0,0.0,0.0,0.0,1.0,1.0,1.0,1.0,1.0,0.0,0.0,0.0,0.0,0.0,0.0,0.0,1.0,1.0,0.0,0.0,0.0,0.0,1.0,0.0,0.0,0.0,0.0,0.0,0.0,0.0,0.0,1.0,1.0,1.0,1.0,1.0,1.0,1.0,1.0,1.0,1.0,1.0,0.0,0.0,0.0,0.0,0.0,0.0,0.0,0.0,0.0,0.0,0.0,0.0,0.0,0.0,0.0,0.0,1.0,0.0,0.0,0.0,0.0,1.0,1.0,0.0,0.0,0.0,0.0,0.0,0.0,0.0,0.0,0.0,1.0,1.0,1.0,1.0,1.0,1.0,1.0,1.0,1.0,1.0,1.0,1.0,1.0,1.0,1.0,1.0,1.0,0.0,0.0,0.0,0.0,0.0,0.0,0.0,0.0,0.0,0.0,0.0,0.0,0.0,0.0,0.0,0.0,1.0,1.0,0.0,0.0,0.0,0.0,0.0,0.0,1.0,1.0,0.0,0.0,0.0,0.0,0.0,0.0,0.0,1.0,1.0,1.0,0.0,0.0,0.0,0.0,0.0,0.0,0.0,0.0,0.0,0.0,0.0,0.0,0.0,0.0,0.0,0.0,0.0,0.0,0.0,0.0,0.0,0.0,0.0,0.0,0.0,0.0,0.0,0.0,-5.0,60257.0,0.0,0.0,0.0,-1.0,0.0,0.0,95.6999969482422,0.23774003454465403,0.11191734119054876,0.09010397263521523,0.12329957891647193,0.12677380025061807,0.16532326345378806,0.010366218489292285,0.0033669748591684447,0.143569162687258,0.1403291902326684,0.04216479832018153,0.009192151815852158,0.10807622402095257,0.0022183086666440885,0.12278874702249919,0.16282554949707048,0.25404432101692237,0.20965556947878214,0.11382519953488897,0.1654474435827096,0.09231381447488739,1,5.303304908059076,3,0
0.7115944728553527,0.00018909246903963604,0.0005898556123773721,0.8830928754473307,0.6530604757227848,0.5046285320779851,0.2703796525214211,0.041933371716282274,0.8813487090911144,0.0,0.38170431582393516,0.7444683397116764,2.0,0.0,0.0,1.0,9.0,53.0,53.0,0.0,53.0,0.0,0.0,43.125,0.6666659712791443,343.0,35.0,0.0,0.0,0.0,343.0,0.4229518745554916,0.3777305516984455,0.3310360009482846,0.08535126042830855,0.21565572752621895,0.3673728000361251,0.038907892211648094,0.10557004323726307,0.2421710073266276,1.0,1.0,1.0,1.0,1.0,1.0,1.0,1.0,1.0,0.0,0.0,0.0,1.0,0.0,0.0,1.0,1.0,1.0,1.0,1.0,1.0,0.0,0.0,0.0,0.0,0.0,1.0,1.0,0.0,1.0,0.0,1.0,1.0,1.0,1.0,0.0,0.0,0.0,0.0,0.0,1.0,1.0,0.0,0.0,1.0,1.0,0.0,1.0,1.0,1.0,0.0,0.0,0.0,0.0,0.0,1.0,1.0,0.0,0.0,1.0,1.0,0.0,1.0,1.0,1.0,0.0,0.0,0.0,1.0,4.0,1.0,1.0,3.0,1.0,0.0,1.0,0.0,0.0,0.0,0.0,1.0,1.0,1.0,1.0,1.0,1.0,1.0,1.0,1.0,1.0,1.0,1.0,1.0,1.0,1.0,1.0,1.0,1.0,1.0,141.0,472.989990234375,141.0,141.0,355.989990234375,141.0,0.0,117.0,0.0,0.0,0.0,0.0,1.0,1.0,0.0,0.0,0.0,0.0,0.0,0.0,1.0,1.0,1.0,1.0,1.0,0.0,0.0,0.0,0.0,0.0,0.0,0.0,1.0,1.0,0.0,0.0,0.0,0.0,1.0,0.0,0.0,0.0,0.0,0.0,0.0,0.0,0.0,1.0,1.0,1.0,1.0,1.0,1.0,1.0,1.0,1.0,1.0,1.0,0.0,0.0,0.0,0.0,0.0,0.0,0.0,0.0,0.0,0.0,0.0,0.0,0.0,0.0,0.0,0.0,1.0,0.0,0.0,0.0,0.0,1.0,1.0,0.0,0.0,0.0,0.0,0.0,0.0,0.0,0.0,0.0,1.0,1.0,1.0,1.0,1.0,1.0,1.0,1.0,1.0,1.0,1.0,1.0,1.0,1.0,1.0,1.0,1.0,0.0,0.0,0.0,0.0,0.0,0.0,0.0,0.0,0.0,0.0,0.0,0.0,0.0,1.0,1.0,0.0,0.0,0.0,1.0,4.0,0.0,1.0,0.0,0.0,1.0,2.0,0.0,0.0,0.0,0.0,0.0,0.0,0.0,0.0,0.0,1.0,141.0,1074.989990234375,141.0,141.0,506.489990234375,0.0,141.0,0.0,259.0,0.0,0.0,0.0,0.0,0.0,0.0,0.0,0.0,0.0,0.0,0.0,0.0,0.0,0.0,0.0,0.0,0.0,0.0,0.0,-5.0,117605.5,0.0,0.0,0.0,0.0,0.0,0.0,100.0,0.7253474221334146,0.7640041318115623,0.8326446980729502,0.7313108905973065,0.7504402750025401,0.7338565832401982,0.733918673304659,0.7339327846829455,0.7313108905973065,0.7313108905973065,0.8373042751831656,0.7320841941274088,0.8372478296700195,0.8488360935189262,0.8371095381628114,0.7313108905973065,0.7313108905973065,0.7313108905973065,0.7313108905973065,0.7317172982919588,0.7688697350447613,0,4.727387818712341,7,3
0.7115944728553527,0.006844018468971902,0.025939535566317833,0.8830928754473307,0.31506192072792133,0.04845282848466376,0.2703796525214211,0.008317246362086677,0.8813487090911144,9.0,0.1693958072272835,0.7444683397116764,1.0,0.0,0.0,1.0,1.0,6.0,6.0,5.0,6.0,6.0,0.0,43.125,0.6666659712791443,6.0,26.0,0.0,0.0,0.0,6.0,0.5770283695149072,0.5770283695149072,0.5770283695149072,0.08535126042830855,0.21565572752621895,0.31168365676612364,0.7118428331131958,0.7118371885618812,0.7118371885618812,1.0,1.0,1.0,1.0,1.0,1.0,1.0,1.0,1.0,0.0,1.0,1.0,1.0,0.0,0.0,1.0,1.0,1.0,1.0,1.0,1.0,0.0,0.0,0.0,1.0,1.0,1.0,1.0,0.0,1.0,0.0,1.0,1.0,1.0,1.0,0.0,0.0,0.0,1.0,1.0,1.0,1.0,0.0,0.0,1.0,1.0,0.0,1.0,1.0,1.0,0.0,0.0,0.0,1.0,1.0,1.0,1.0,0.0,0.0,1.0,1.0,0.0,1.0,1.0,1.0,0.0,0.0,0.0,0.0,2.0,2.0,0.0,0.0,0.0,0.0,2.0,2.0,0.0,0.0,0.0,1.0,1.0,1.0,1.0,1.0,1.0,1.0,1.0,1.0,1.0,1.0,1.0,1.0,1.0,1.0,1.0,1.0,1.0,1.0,0.0,1388.0,1388.0,0.0,0.0,0.0,0.0,1388.0,1388.0,0.0,0.0,0.0,1.0,1.0,0.0,0.0,0.0,0.0,0.0,0.0,1.0,1.0,1.0,1.0,1.0,0.0,0.0,0.0,0.0,0.0,0.0,0.0,1.0,1.0,0.0,0.0,0.0,0.0,1.0,0.0,0.0,0.0,0.0,0.0,0.0,0.0,0.0,1.0,1.0,1.0,1.0,1.0,1.0,1.0,1.0,1.0,1.0,1.0,0.0,0.0,0.0,0.0,0.0,0.0,0.0,0.0,0.0,0.0,0.0,0.0,0.0,0.0,0.0,0.0,1.0,0.0,0.0,0.0,0.0,1.0,1.0,0.0,0.0,0.0,0.0,0.0,0.0,0.0,0.0,0.0,1.0,1.0,1.0,1.0,1.0,1.0,1.0,1.0,1.0,1.0,1.0,1.0,1.0,1.0,1.0,1.0,1.0,0.0,0.0,0.0,0.0,0.0,0.0,0.0,0.0,0.0,0.0,0.0,0.0,0.0,0.0,3.0,0.0,1.0,4.0,0.0,1.0,0.0,1.0,1.0,1.0,1.0,2.0,0.0,0.0,0.0,0.0,0.0,0.0,0.0,0.0,0.0,1.0,0.0,1723.0,1723.0,0.0,335.0,0.0,335.0,335.0,335.0,335.0,0.0,1388.0,0.0,0.0,0.0,0.0,0.0,0.0,0.0,0.0,0.0,0.0,0.0,0.0,0.0,0.0,0.0,0.0,-5.0,117605.5,0.0,0.0,0.0,0.0,0.0,0.0,100.0,0.7253474221334146,0.7640041318115623,0.8326446980729502,0.7313108905973065,0.7504402750025401,0.7338565832401982,0.733918673304659,0.7339327846829455,0.7313108905973065,0.7313108905973065,0.8373042751831656,0.7320841941274088,0.8372478296700195,0.8488360935189262,0.8371095381628114,0.7313108905973065,0.7313108905973065,0.7313108905973065,0.7313108905973065,0.7317172982919588,0.7688697350447613,0,5.638354669333745,23,1
0.7115944728553527,5.080096183154401e-05,0.07187207188900555,0.8830928754473307,0.6530604757227848,0.5046285320779851,0.7271960126889514,0.013208250076201442,0.8813487090911144,0.0,0.15974080220363282,0.7444683397116764,3.0,0.0,2.0,1.0,7.0,84.0,84.0,11.0,19.0,9.0,0.0,43.125,0.6666659712791443,365.0,26.0,0.0,0.0,0.0,42.0,0.4229518745554916,0.3777305516984455,0.3310360009482846,0.49442318330115936,0.60925311297005,0.31168365676612364,0.038907892211648094,0.10557004323726307,0.2421710073266276,1.0,1.0,1.0,1.0,1.0,1.0,1.0,1.0,1.0,0.0,0.0,0.0,1.0,0.0,0.0,1.0,1.0,1.0,1.0,1.0,1.0,0.0,1.0,0.0,0.0,1.0,1.0,1.0,0.0,1.0,0.0,1.0,1.0,1.0,1.0,0.0,0.0,0.0,1.0,1.0,1.0,1.0,0.0,0.0,1.0,1.0,0.0,1.0,1.0,1.0,0.0,1.0,0.0,0.0,1.0,1.0,1.0,0.0,0.0,1.0,1.0,0.0,1.0,1.0,1.0,0.0,0.0,0.0,0.0,0.0,0.0,0.0,0.0,0.0,0.0,0.0,0.0,0.0,0.0,0.0,1.0,1.0,1.0,1.0,1.0,1.0,1.0,1.0,1.0,1.0,1.0,1.0,1.0,1.0,1.0,1.0,1.0,1.0,1.0,0.0,0.0,0.0,0.0,0.0,0.0,0.0,0.0,0.0,0.0,0.0,0.0,1.0,1.0,0.0,0.0,0.0,0.0,0.0,0.0,1.0,1.0,1.0,1.0,1.0,0.0,0.0,0.0,0.0,0.0,0.0,0.0,1.0,1.0,0.0,0.0,0.0,0.0,1.0,0.0,0.0,0.0,0.0,0.0,0.0,0.0,0.0,1.0,1.0,1.0,1.0,1.0,1.0,1.0,1.0,1.0,1.0,1.0,0.0,0.0,0.0,0.0,0.0,0.0,0.0,0.0,0.0,0.0,0.0,0.0,0.0,0.0,0.0,0.0,1.0,0.0,0.0,0.0,0.0,1.0,1.0,0.0,0.0,0.0,0.0,0.0,0.0,0.0,0.0,0.0,1.0,1.0,1.0,1.0,1.0,1.0,1.0,1.0,1.0,1.0,1.0,1.0,1.0,1.0,1.0,1.0,1.0,0.0,0.0,0.0,0.0,0.0,0.0,0.0,0.0,0.0,0.0,0.0,0.0,0.0,0.0,0.0,0.0,0.0,0.0,0.0,2.0,0.0,0.0,0.0,0.0,1.0,2.0,0.0,0.0,0.0,0.0,0.0,0.0,0.0,0.0,0.0,1.0,0.0,100.0,0.0,0.0,100.0,0.0,0.0,0.0,0.0,0.0,0.0,0.0,0.0,0.0,0.0,0.0,0.0,0.0,0.0,0.0,0.0,0.0,0.0,0.0,0.0,0.0,0.0,0.0,-5.0,117605.5,0.0,0.0,0.0,0.0,0.0,0.0,100.0,0.7253474221334146,0.7640041318115623,0.8326446980729502,0.7313108905973065,0.7504402750025401,0.7338565832401982,0.733918673304659,0.7339327846829455,0.7313108905973065,0.7313108905973065,0.8373042751831656,0.7320841941274088,0.8372478296700195,0.8488360935189262,0.8371095381628114,0.7313108905973065,0.7313108905973065,0.7313108905973065,0.7313108905973065,0.7317172982919588,0.7688697350447613,0,3.9880576917041437,20,1
0.7115944728553527,0.0014450051365416962,0.003908851785371581,0.8830928754473307,0.31506192072792133,0.020046623993858727,0.7271960126889514,0.03876395615312539,0.8813487090911144,9.0,0.38170431582393516,0.7444683397116764,1.0,0.0,0.0,0.0,2.0,13.0,13.0,14.0,14.0,14.0,0.0,43.125,0.6666659712791443,14.0,26.0,0.0,0.0,0.0,14.0,0.5770283695149072,0.5770283695149072,0.5770283695149072,0.09955577381153972,0.21565572752621895,0.3673728000361251,0.7118428331131958,0.7118371885618812,0.7118371885618812,1.0,1.0,1.0,1.0,1.0,1.0,1.0,1.0,1.0,0.0,0.0,0.0,1.0,0.0,0.0,1.0,1.0,1.0,1.0,1.0,1.0,0.0,0.0,0.0,0.0,0.0,1.0,1.0,0.0,1.0,0.0,1.0,1.0,1.0,1.0,0.0,0.0,0.0,0.0,0.0,1.0,1.0,0.0,0.0,1.0,1.0,0.0,1.0,1.0,1.0,0.0,0.0,0.0,0.0,0.0,1.0,1.0,0.0,0.0,1.0,1.0,0.0,1.0,1.0,1.0,0.0,0.0,0.0,0.0,1.0,0.0,0.0,1.0,0.0,0.0,0.0,0.0,0.0,0.0,0.0,1.0,1.0,1.0,1.0,1.0,1.0,1.0,1.0,1.0,1.0,1.0,1.0,1.0,1.0,1.0,1.0,1.0,1.0,1.0,0.0,78.0,0.0,0.0,78.0,0.0,0.0,0.0,0.0,0.0,0.0,0.0,1.0,1.0,0.0,0.0,0.0,0.0,0.0,0.0,1.0,1.0,1.0,1.0,1.0,0.0,0.0,0.0,0.0,0.0,0.0,0.0,1.0,1.0,0.0,0.0,0.0,0.0,1.0,0.0,0.0,0.0,0.0,0.0,0.0,0.0,0.0,1.0,1.0,1.0,1.0,1.0,1.0,1.0,1.0,1.0,1.0,1.0,0.0,0.0,0.0,0.0,0.0,0.0,0.0,0.0,0.0,0.0,0.0,0.0,0.0,0.0,0.0,0.0,1.0,0.0,0.0,0.0,0.0,1.0,1.0,0.0,0.0,0.0,0.0,0.0,0.0,0.0,0.0,0.0,1.0,1.0,1.0,1.0,1.0,1.0,1.0,1.0,1.0,1.0,1.0,1.0,1.0,1.0,1.0,1.0,1.0,0.0,0.0,0.0,0.0,0.0,0.0,0.0,0.0,0.0,0.0,0.0,0.0,0.0,0.0,0.0,0.0,1.0,1.0,0.0,1.0,0.0,0.0,1.0,1.0,1.0,1.0,0.0,0.0,0.0,0.0,0.0,0.0,0.0,0.0,0.0,1.0,0.0,78.0,0.0,0.0,78.0,0.0,0.0,78.0,78.0,78.0,0.0,0.0,0.0,0.0,0.0,0.0,0.0,0.0,0.0,0.0,0.0,0.0,0.0,0.0,0.0,0.0,0.0,0.0,-5.0,117605.5,0.0,0.0,0.0,0.0,0.0,0.0,100.0,0.7253474221334146,0.7640041318115623,0.8326446980729502,0.7313108905973065,0.7504402750025401,0.7338565832401982,0.733918673304659,0.7339327846829455,0.7313108905973065,0.7313108905973065,0.8373042751831656,0.7320841941274088,0.8372478296700195,0.8488360935189262,0.8371095381628114,0.7313108905973065,0.7313108905973065,0.7313108905973065,0.7313108905973065,0.7317172982919588,0.7688697350447613,0,5.424950017481403,21,2
0.07510639979228051,0.023348686512909087,0.08156376649620121,0.8830928754473307,0.6530604757227848,0.5046285320779851,0.7271960126889514,0.034417651640871065,0.8813487090911144,9.0,0.38170431582393516,0.0025936713290660527,1.0,0.0,0.0,0.0,1.0,0.0,98.0,8.0,19.0,9.0,0.0,43.125,0.6666659712791443,0.0,26.0,0.0,0.0,0.0,42.0,0.5770283695149072,0.5770283695149072,0.5770283695149072,0.49442318330115936,0.60925311297005,0.3209435431977512,0.7118428331131958,0.7118371885618812,0.7118371885618812,1.0,1.0,1.0,1.0,1.0,1.0,1.0,1.0,1.0,0.0,0.0,0.0,1.0,0.0,1.0,1.0,1.0,1.0,1.0,1.0,1.0,0.0,0.0,1.0,0.0,1.0,1.0,1.0,0.0,1.0,0.0,1.0,1.0,1.0,1.0,0.0,0.0,0.0,1.0,1.0,1.0,1.0,0.0,0.0,1.0,1.0,0.0,1.0,1.0,1.0,0.0,0.0,0.0,0.0,1.0,1.0,1.0,0.0,0.0,1.0,1.0,0.0,1.0,1.0,1.0,0.0,0.0,0.0,0.0,0.0,0.0,0.0,0.0,0.0,0.0,0.0,0.0,0.0,0.0,0.0,1.0,1.0,1.0,1.0,1.0,1.0,1.0,1.0,1.0,1.0,1.0,1.0,1.0,1.0,1.0,1.0,1.0,1.0,1.0,0.0,0.0,0.0,0.0,0.0,0.0,0.0,0.0,0.0,0.0,0.0,0.0,1.0,1.0,0.0,0.0,0.0,0.0,0.0,0.0,1.0,1.0,1.0,1.0,1.0,0.0,0.0,0.0,0.0,0.0,0.0,0.0,1.0,1.0,0.0,0.0,0.0,0.0,1.0,0.0,0.0,0.0,0.0,0.0,0.0,0.0,0.0,1.0,1.0,1.0,1.0,1.0,1.0,1.0,1.0,1.0,1.0,1.0,0.0,0.0,0.0,0.0,0.0,0.0,0.0,0.0,0.0,0.0,0.0,0.0,0.0,0.0,0.0,0.0,1.0,0.0,0.0,0.0,0.0,1.0,1.0,0.0,0.0,0.0,0.0,0.0,0.0,0.0,0.0,0.0,1.0,1.0,1.0,1.0,1.0,1.0,1.0,1.0,1.0,1.0,1.0,1.0,1.0,1.0,1.0,1.0,1.0,0.0,0.0,0.0,0.0,0.0,0.0,0.0,0.0,0.0,0.0,0.0,0.0,0.0,0.0,0.0,0.0,1.0,1.0,0.0,0.0,0.0,0.0,0.0,0.0,1.0,1.0,0.0,0.0,0.0,0.0,0.0,0.0,0.0,1.0,1.0,1.0,0.0,0.0,0.0,0.0,0.0,0.0,0.0,0.0,0.0,0.0,0.0,0.0,0.0,0.0,0.0,0.0,0.0,0.0,0.0,0.0,0.0,0.0,0.0,0.0,0.0,0.0,0.0,0.0,0.0,31149.0,0.0,0.0,0.0,0.0,0.0,0.0,100.0,0.23774003454465403,0.7640041318115623,0.09010397263521523,0.12329957891647193,0.12677380025061807,0.16532326345378806,0.00590137839943103,0.0054357029159752095,0.12511994671543558,0.12835991917002518,0.010208171052483037,0.031126878224449938,0.05448685383998826,0.014063399600365767,0.03915343019383389,0.16282554949707048,0.25404432101692237,0.20965556947878214,0.1548639098678046,0.10283525812533162,0.04250347139905849,1,2.772588722239781,3,1
0.11594190627786997,0.0031948160440726566,0.027421230286404533,0.09515866833745386,0.6530604757227848,0.020187737776724127,0.2703796525214211,0.10986272451202854,0.10986272451202854,9.0,0.06546268387125907,0.04003115792325668,1.0,0.0,0.0,0.0,1.0,0.0,98.0,8.0,0.0,9.0,0.0,0.0833330005407333,0.0833330005407333,0.0,26.0,0.0,0.0,14.0,0.0,0.5770283695149072,0.5770283695149072,0.5770283695149072,0.32066978245899236,0.60925311297005,0.3209435431977512,0.7118428331131958,0.7118371885618812,0.7118371885618812,1.0,1.0,1.0,1.0,1.0,1.0,1.0,1.0,1.0,0.0,0.0,0.0,1.0,1.0,1.0,1.0,1.0,1.0,1.0,1.0,1.0,0.0,0.0,1.0,0.0,0.0,1.0,1.0,1.0,1.0,1.0,1.0,1.0,1.0,1.0,0.0,1.0,1.0,0.0,0.0,1.0,1.0,1.0,1.0,1.0,1.0,1.0,1.0,1.0,1.0,0.0,0.0,1.0,0.0,0.0,1.0,1.0,1.0,1.0,1.0,1.0,1.0,1.0,1.0,1.0,0.0,0.0,1.0,0.0,0.0,0.0,0.0,0.0,0.0,0.0,0.0,0.0,0.0,0.0,0.0,1.0,1.0,1.0,1.0,1.0,1.0,1.0,1.0,1.0,1.0,1.0,1.0,1.0,1.0,1.0,1.0,1.0,1.0,1.0,0.0,0.0,0.0,0.0,0.0,0.0,0.0,0.0,0.0,0.0,0.0,0.0,1.0,1.0,0.0,0.0,0.0,0.0,0.0,0.0,1.0,1.0,1.0,1.0,1.0,0.0,0.0,0.0,0.0,0.0,0.0,0.0,1.0,1.0,0.0,0.0,0.0,0.0,1.0,0.0,0.0,0.0,0.0,0.0,0.0,0.0,0.0,1.0,1.0,1.0,1.0,1.0,1.0,1.0,1.0,1.0,1.0,1.0,0.0,0.0,0.0,0.0,0.0,0.0,0.0,0.0,0.0,0.0,0.0,0.0,0.0,3.0,0.0,2.0,3.0,0.0,1.0,0.0,1.0,1.0,1.0,0.0,2.0,0.0,0.0,0.0,0.0,0.0,0.0,0.0,1.0,1.0,1.0,1.0,1.0,1.0,1.0,1.0,1.0,1.0,1.0,1.0,1.0,1.0,0.0,0.0,0.0,0.0,104.29869842529295,0.0,0.0,43.899898529052734,0.0,43.899898529052734,43.899898529052734,0.0,60.39879989624024,0.0,0.0,0.0,0.0,0.0,0.0,1.0,1.0,0.0,0.0,0.0,0.0,0.0,0.0,1.0,1.0,0.0,0.0,0.0,0.0,0.0,0.0,0.0,1.0,1.0,1.0,0.0,0.0,0.0,0.0,0.0,0.0,0.0,0.0,0.0,0.0,0.0,0.0,0.0,0.0,0.0,0.0,0.0,0.0,0.0,0.0,0.0,0.0,0.0,0.0,0.0,0.0,0.0,0.0,-20.0,71957.0,0.0,0.0,0.0,0.0,0.0,0.0,95.16000366210938,0.23774003454465403,0.07440929770492544,0.8326446980729502,0.019129384405233627,0.7504402750025401,0.09363463948250754,0.005331278716654813,0.045991804111491175,0.143569162687258,0.1403291902326684,0.8373042751831656,0.01875966629412628,0.8372478296700195,0.8488360935189262,0.8371095381628114,0.1058635599056231,0.25404432101692237,0.05903353992391145,0.1548639098678046,0.1654474435827096,0.7688697350447613,1,3.2149882781410084,2,3
0.11594190627786997,0.007380250843860421,0.007100845553786929,0.09515866833745386,0.6530604757227848,0.03314480531942516,0.7271960126889514,0.00022578205258464004,0.0061469163816168255,9.0,0.07852699788893781,0.04876610108262494,1.0,0.0,0.0,0.0,1.0,0.0,98.0,8.0,0.0,9.0,0.0,9.708333015441896,0.7083330154418945,0.0,26.0,0.0,0.0,0.0,0.0,0.5770283695149072,0.5770283695149072,0.5770283695149072,0.09955577381153972,0.60925311297005,0.3209435431977512,0.7118428331131958,0.7118371885618812,0.7118371885618812,1.0,1.0,1.0,1.0,1.0,1.0,1.0,1.0,1.0,0.0,0.0,0.0,1.0,1.0,1.0,1.0,1.0,1.0,1.0,1.0,1.0,0.0,0.0,1.0,0.0,0.0,1.0,1.0,1.0,1.0,1.0,1.0,1.0,1.0,1.0,0.0,1.0,1.0,0.0,0.0,1.0,1.0,1.0,1.0,1.0,1.0,1.0,1.0,1.0,1.0,0.0,0.0,1.0,0.0,0.0,1.0,1.0,1.0,1.0,1.0,1.0,1.0,1.0,1.0,1.0,0.0,0.0,1.0,0.0,0.0,0.0,0.0,0.0,0.0,0.0,0.0,0.0,0.0,0.0,0.0,1.0,1.0,1.0,1.0,1.0,1.0,1.0,1.0,1.0,1.0,1.0,1.0,1.0,1.0,1.0,1.0,1.0,1.0,1.0,0.0,0.0,0.0,0.0,0.0,0.0,0.0,0.0,0.0,0.0,0.0,0.0,1.0,1.0,0.0,0.0,0.0,0.0,0.0,0.0,1.0,1.0,1.0,1.0,1.0,0.0,0.0,0.0,0.0,0.0,0.0,0.0,1.0,1.0,0.0,0.0,0.0,0.0,1.0,0.0,0.0,0.0,0.0,0.0,0.0,0.0,0.0,1.0,1.0,1.0,1.0,1.0,1.0,1.0,1.0,1.0,1.0,1.0,0.0,0.0,0.0,0.0,0.0,0.0,0.0,0.0,0.0,0.0,0.0,0.0,0.0,0.0,0.0,0.0,1.0,0.0,0.0,0.0,0.0,1.0,1.0,0.0,0.0,0.0,0.0,0.0,0.0,0.0,0.0,0.0,1.0,1.0,1.0,1.0,1.0,1.0,1.0,1.0,1.0,1.0,1.0,1.0,1.0,1.0,1.0,1.0,1.0,0.0,0.0,0.0,0.0,0.0,0.0,0.0,0.0,0.0,0.0,0.0,0.0,0.0,0.0,0.0,0.0,1.0,1.0,0.0,0.0,0.0,0.0,0.0,0.0,1.0,1.0,0.0,0.0,0.0,0.0,0.0,0.0,0.0,1.0,1.0,1.0,0.0,0.0,0.0,0.0,0.0,0.0,0.0,0.0,0.0,0.0,0.0,0.0,0.0,0.0,0.0,0.0,0.0,0.0,0.0,0.0,0.0,0.0,0.0,0.0,0.0,0.0,0.0,0.0,-5.0,104354.0,0.0,0.0,0.0,0.0,0.0,0.0,100.0,0.23774003454465403,0.11191734119054876,0.8326446980729502,0.126260146080988,0.12278592474684187,0.09363463948250754,0.032518260123502785,0.0029323444079430126,0.143569162687258,0.1403291902326684,0.8373042751831656,0.019956311172824873,0.8372478296700195,0.8488360935189262,0.8371095381628114,0.1058635599056231,0.25404432101692237,0.20965556947878214,0.1548639098678046,0.1654474435827096,0.09231381447488739,1,4.149164131986208,17,4
0.07953737257425407,0.0049869610864632374,0.025939535566317833,0.8830928754473307,0.6530604757227848,0.5046285320779851,0.2703796525214211,0.08114606969891963,0.8813487090911144,9.0,0.38170431582393516,0.10529628249850419,1.0,0.0,0.0,0.0,1.0,0.0,98.0,8.0,19.0,9.0,0.0,43.125,0.6666659712791443,10.0,26.0,0.0,0.0,0.0,42.0,0.5770283695149072,0.5770283695149072,0.5770283695149072,0.49442318330115936,0.60925311297005,0.3209435431977512,0.7118428331131958,0.7118371885618812,0.7118371885618812,1.0,1.0,1.0,1.0,1.0,1.0,1.0,1.0,1.0,0.0,1.0,1.0,1.0,0.0,0.0,1.0,1.0,1.0,1.0,1.0,1.0,0.0,0.0,0.0,0.0,1.0,1.0,1.0,0.0,1.0,0.0,1.0,1.0,1.0,1.0,0.0,0.0,0.0,1.0,1.0,1.0,1.0,0.0,0.0,1.0,1.0,0.0,1.0,1.0,1.0,0.0,0.0,0.0,0.0,1.0,1.0,1.0,0.0,0.0,1.0,1.0,0.0,1.0,1.0,1.0,0.0,0.0,0.0,0.0,0.0,0.0,0.0,0.0,0.0,0.0,0.0,0.0,0.0,0.0,0.0,1.0,1.0,1.0,1.0,1.0,1.0,1.0,1.0,1.0,1.0,1.0,1.0,1.0,1.0,1.0,1.0,1.0,1.0,1.0,0.0,0.0,0.0,0.0,0.0,0.0,0.0,0.0,0.0,0.0,0.0,0.0,1.0,1.0,0.0,0.0,0.0,0.0,0.0,0.0,1.0,1.0,1.0,1.0,1.0,0.0,0.0,0.0,0.0,0.0,0.0,0.0,1.0,1.0,0.0,0.0,0.0,0.0,1.0,0.0,0.0,0.0,0.0,0.0,0.0,0.0,0.0,1.0,1.0,1.0,1.0,1.0,1.0,1.0,1.0,1.0,1.0,1.0,0.0,0.0,0.0,0.0,0.0,0.0,0.0,0.0,0.0,0.0,0.0,0.0,0.0,0.0,0.0,0.0,1.0,0.0,0.0,0.0,0.0,1.0,1.0,0.0,0.0,0.0,0.0,0.0,0.0,0.0,0.0,0.0,1.0,1.0,1.0,1.0,1.0,1.0,1.0,1.0,1.0,1.0,1.0,1.0,1.0,1.0,1.0,1.0,1.0,0.0,0.0,0.0,0.0,0.0,0.0,0.0,0.0,0.0,0.0,0.0,0.0,0.0,0.0,0.0,0.0,1.0,1.0,0.0,0.0,0.0,0.0,0.0,0.0,1.0,1.0,0.0,0.0,0.0,0.0,0.0,0.0,0.0,1.0,1.0,1.0,0.0,0.0,0.0,0.0,0.0,0.0,0.0,0.0,0.0,0.0,0.0,0.0,0.0,0.0,0.0,0.0,0.0,0.0,0.0,0.0,0.0,0.0,0.0,0.0,0.0,0.0,0.0,0.0,-25.0,128251.0,0.0,0.0,15.0,-34.0,0.0,0.0,100.0,0.23774003454465403,0.07440929770492544,0.027754258813966877,0.12329957891647193,0.12677380025061807,0.16532326345378806,0.003764915726848873,0.023438999333942945,0.12511994671543558,0.12835991917002518,0.010225104706426886,0.031126878224449938,0.05448685383998826,0.014063399600365767,0.03915343019383389,0.16282554949707048,0.25404432101692237,0.05903353992391145,0.11382519953488897,0.10283525812533162,0.04250347139905849,1,3.9318256327243257,18,3
0.7115944728553527,0.0020715503324640725,0.01705218952145494,0.0023142660389925606,0.0023340219685937164,0.00752418690238313,0.0023255551416217924,0.00861076303044671,0.8813487090911144,9.0,0.0034516431288876847,0.7444683397116764,127.0,0.0,157.0,78.0,558.0,562.0,562.0,35.0,530.0,399.0,0.0,43.125,0.6666659712791443,562.0,0.0,0.0,0.0,0.0,562.0,0.4229518745554916,0.04524107878664725,0.09193562953680812,0.49442318330115936,0.60925311297005,0.31168365676612364,0.24924927467515606,0.1825927682008557,0.045991804111491175,1.0,1.0,1.0,1.0,1.0,1.0,1.0,1.0,1.0,1.0,1.0,1.0,1.0,0.0,0.0,1.0,1.0,1.0,1.0,1.0,1.0,0.0,1.0,0.0,0.0,0.0,1.0,1.0,0.0,1.0,0.0,1.0,1.0,1.0,1.0,1.0,0.0,0.0,1.0,1.0,1.0,1.0,0.0,0.0,1.0,1.0,0.0,1.0,1.0,1.0,0.0,1.0,0.0,1.0,1.0,1.0,1.0,0.0,0.0,1.0,1.0,0.0,1.0,1.0,1.0,0.0,1.0,0.0,0.0,0.0,0.0,0.0,0.0,0.0,0.0,0.0,0.0,0.0,0.0,0.0,1.0,1.0,1.0,1.0,1.0,1.0,1.0,1.0,1.0,1.0,1.0,1.0,1.0,1.0,1.0,1.0,1.0,1.0,1.0,0.0,0.0,0.0,0.0,0.0,0.0,0.0,0.0,0.0,0.0,0.0,0.0,1.0,1.0,0.0,0.0,0.0,0.0,0.0,0.0,1.0,1.0,1.0,1.0,1.0,0.0,0.0,0.0,0.0,0.0,0.0,0.0,1.0,1.0,0.0,0.0,0.0,0.0,1.0,0.0,0.0,0.0,0.0,0.0,0.0,0.0,0.0,1.0,1.0,1.0,1.0,1.0,1.0,1.0,1.0,1.0,1.0,1.0,0.0,0.0,0.0,0.0,0.0,0.0,0.0,0.0,0.0,0.0,0.0,0.0,0.0,0.0,0.0,0.0,1.0,0.0,0.0,0.0,0.0,1.0,1.0,0.0,0.0,0.0,0.0,0.0,0.0,0.0,0.0,0.0,1.0,1.0,1.0,1.0,1.0,1.0,1.0,1.0,1.0,1.0,1.0,1.0,1.0,1.0,1.0,1.0,1.0,0.0,0.0,0.0,0.0,0.0,0.0,0.0,0.0,0.0,0.0,0.0,0.0,0.0,0.0,0.0,0.0,0.0,0.0,0.0,0.0,0.0,0.0,0.0,0.0,1.0,1.0,0.0,0.0,0.0,0.0,0.0,0.0,0.0,0.0,0.0,1.0,0.0,0.0,0.0,0.0,0.0,0.0,0.0,0.0,0.0,0.0,0.0,0.0,0.0,0.0,0.0,0.0,0.0,0.0,0.0,0.0,0.0,0.0,0.0,0.0,0.0,0.0,0.0,0.0,-5.0,117605.5,0.0,0.0,0.0,0.0,0.0,0.0,100.0,0.7253474221334146,0.7640041318115623,0.8326446980729502,0.7313108905973065,0.7504402750025401,0.7338565832401982,0.733918673304659,0.7339327846829455,0.7313108905973065,0.7313108905973065,0.8373042751831656,0.7320841941274088,0.8372478296700195,0.8488360935189262,0.8371095381628114,0.7313108905973065,0.7313108905973065,0.7313108905973065,0.7313108905973065,0.7317172982919588,0.7688697350447613,0,4.690889061390629,15,6
0.7115944728553527,0.025908490534087444,0.029210553053137807,0.8830928754473307,0.31506192072792133,0.09485104029080728,0.7271960126889514,0.01665424865377451,0.8813487090911144,69.0,0.15974080220363282,0.7444683397116764,1.0,0.0,0.0,1.0,2.0,1.0,1.0,2.0,19.0,9.0,0.0,43.125,0.6666659712791443,2.0,81.0,0.0,0.0,0.0,2.0,0.4229518745554916,0.3777305516984455,0.3310360009482846,0.32066978245899236,0.17509115950373105,0.3673728000361251,0.24924927467515606,0.1825927682008557,0.2421710073266276,1.0,1.0,1.0,1.0,1.0,1.0,1.0,1.0,1.0,0.0,1.0,1.0,1.0,0.0,0.0,0.0,0.0,1.0,1.0,1.0,1.0,0.0,0.0,0.0,0.0,1.0,1.0,1.0,0.0,1.0,0.0,1.0,1.0,1.0,1.0,0.0,0.0,0.0,1.0,1.0,1.0,1.0,0.0,0.0,0.0,0.0,0.0,1.0,1.0,1.0,0.0,0.0,0.0,1.0,1.0,1.0,1.0,0.0,0.0,0.0,0.0,0.0,1.0,1.0,1.0,0.0,0.0,0.0,0.0,1.0,1.0,0.0,1.0,1.0,0.0,0.0,0.0,0.0,0.0,0.0,1.0,1.0,1.0,1.0,1.0,1.0,1.0,1.0,1.0,1.0,1.0,1.0,1.0,1.0,1.0,1.0,1.0,1.0,1.0,0.0,34.0,34.0,0.0,34.0,34.0,0.0,0.0,0.0,0.0,0.0,0.0,1.0,1.0,0.0,0.0,0.0,0.0,0.0,0.0,1.0,1.0,1.0,1.0,1.0,0.0,0.0,0.0,0.0,0.0,0.0,0.0,1.0,1.0,0.0,0.0,0.0,0.0,1.0,0.0,0.0,0.0,0.0,0.0,0.0,0.0,0.0,1.0,1.0,1.0,1.0,1.0,1.0,1.0,1.0,1.0,1.0,1.0,0.0,0.0,0.0,0.0,0.0,0.0,0.0,0.0,0.0,0.0,0.0,0.0,0.0,0.0,0.0,0.0,1.0,0.0,0.0,0.0,0.0,1.0,1.0,0.0,0.0,0.0,0.0,0.0,0.0,0.0,0.0,0.0,1.0,1.0,1.0,1.0,1.0,1.0,1.0,1.0,1.0,1.0,1.0,1.0,1.0,1.0,1.0,1.0,1.0,0.0,0.0,0.0,0.0,0.0,0.0,0.0,0.0,0.0,0.0,0.0,0.0,0.0,0.0,1.0,0.0,1.0,2.0,0.0,1.0,0.0,1.0,1.0,1.0,1.0,1.0,0.0,0.0,0.0,0.0,0.0,0.0,0.0,0.0,0.0,1.0,0.0,34.0,34.0,0.0,34.0,0.0,34.0,34.0,34.0,34.0,0.0,0.0,0.0,0.0,0.0,0.0,0.0,0.0,0.0,0.0,0.0,0.0,0.0,0.0,0.0,0.0,0.0,0.0,-5.0,117605.5,0.0,0.0,0.0,0.0,0.0,0.0,100.0,0.7253474221334146,0.7640041318115623,0.8326446980729502,0.7313108905973065,0.7504402750025401,0.7338565832401982,0.733918673304659,0.7339327846829455,0.7313108905973065,0.7313108905973065,0.8373042751831656,0.7320841941274088,0.8372478296700195,0.8488360935189262,0.8371095381628114,0.7313108905973065,0.7313108905973065,0.7313108905973065,0.7313108905973065,0.7317172982919588,0.7688697350447613,0,4.418840607796598,18,6
0.7115944728553527,0.0005870333367200641,0.0006632347794673801,0.8830928754473307,0.6530604757227848,0.00830031270814283,0.2703796525214211,0.07061615922150348,0.8813487090911144,0.0,0.1693958072272835,0.7444683397116764,1.0,0.0,0.0,1.0,1.0,0.0,98.0,8.0,0.0,9.0,0.0,43.125,0.6666659712791443,0.0,0.0,0.0,0.0,0.0,0.0,0.4229518745554916,0.3777305516984455,0.3310360009482846,0.32066978245899236,0.17509115950373105,0.3673728000361251,0.7118428331131958,0.7118371885618812,0.7118371885618812,1.0,1.0,1.0,1.0,1.0,1.0,1.0,1.0,1.0,0.0,1.0,1.0,1.0,0.0,0.0,1.0,1.0,1.0,1.0,1.0,1.0,0.0,0.0,0.0,1.0,1.0,1.0,1.0,0.0,1.0,0.0,1.0,1.0,1.0,1.0,0.0,0.0,0.0,1.0,1.0,1.0,1.0,0.0,0.0,1.0,1.0,0.0,1.0,1.0,1.0,0.0,0.0,0.0,1.0,1.0,1.0,1.0,0.0,0.0,1.0,1.0,0.0,1.0,1.0,1.0,0.0,0.0,0.0,0.0,0.0,0.0,0.0,0.0,0.0,0.0,0.0,0.0,0.0,0.0,0.0,1.0,1.0,1.0,1.0,1.0,1.0,1.0,1.0,1.0,1.0,1.0,1.0,1.0,1.0,1.0,1.0,1.0,1.0,1.0,0.0,0.0,0.0,0.0,0.0,0.0,0.0,0.0,0.0,0.0,0.0,0.0,1.0,1.0,0.0,0.0,0.0,0.0,0.0,0.0,1.0,1.0,1.0,1.0,1.0,0.0,0.0,0.0,0.0,0.0,0.0,0.0,1.0,1.0,0.0,0.0,0.0,0.0,1.0,0.0,0.0,0.0,0.0,0.0,0.0,0.0,0.0,1.0,1.0,1.0,1.0,1.0,1.0,1.0,1.0,1.0,1.0,1.0,0.0,0.0,0.0,0.0,0.0,0.0,0.0,0.0,0.0,0.0,0.0,0.0,0.0,0.0,0.0,0.0,1.0,0.0,0.0,0.0,0.0,1.0,1.0,0.0,0.0,0.0,0.0,0.0,0.0,0.0,0.0,0.0,1.0,1.0,1.0,1.0,1.0,1.0,1.0,1.0,1.0,1.0,1.0,1.0,1.0,1.0,1.0,1.0,1.0,0.0,0.0,0.0,0.0,0.0,0.0,0.0,0.0,0.0,0.0,0.0,0.0,0.0,0.0,0.0,0.0,1.0,1.0,0.0,0.0,0.0,0.0,0.0,0.0,1.0,1.0,0.0,0.0,0.0,0.0,0.0,0.0,0.0,0.0,0.0,1.0,0.0,0.0,0.0,0.0,0.0,0.0,0.0,0.0,0.0,0.0,0.0,0.0,0.0,0.0,0.0,0.0,0.0,0.0,0.0,0.0,0.0,0.0,0.0,0.0,0.0,0.0,0.0,0.0,-5.0,117605.5,0.0,0.0,0.0,0.0,0.0,0.0,100.0,0.7253474221334146,0.7640041318115623,0.8326446980729502,0.7313108905973065,0.7504402750025401,0.7338565832401982,0.733918673304659,0.7339327846829455,0.7313108905973065,0.7313108905973065,0.8373042751831656,0.7320841941274088,0.8372478296700195,0.8488360935189262,0.8371095381628114,0.7313108905973065,0.7313108905973065,0.7313108905973065,0.7313108905973065,0.7317172982919588,0.7688697350447613,0,5.817111159963204,20,2
0.7115944728553527,0.0004318081755681241,0.015364468678384756,0.8830928754473307,0.6530604757227848,0.5046285320779851,0.7271960126889514,0.02337408699382486,0.8813487090911144,11.0,0.04797868617423601,0.7444683397116764,2.0,0.0,0.0,1.0,12.0,35.0,34.0,3.0,37.0,3.0,0.0,43.125,0.6666659712791443,37.0,34.0,0.0,0.0,0.0,37.0,0.4229518745554916,0.3777305516984455,0.3310360009482846,0.32066978245899236,0.17509115950373105,0.31168365676612364,0.7118428331131958,0.7118371885618812,0.7118371885618812,1.0,1.0,1.0,1.0,1.0,1.0,1.0,1.0,1.0,0.0,0.0,1.0,1.0,0.0,0.0,1.0,1.0,1.0,2.0,1.0,1.0,0.0,0.0,0.0,0.0,1.0,1.0,1.0,0.0,1.0,0.0,1.0,2.0,1.0,1.0,0.0,0.0,0.0,0.0,1.0,1.0,1.0,0.0,0.0,1.0,1.0,0.0,1.0,1.0,1.0,0.0,0.0,0.0,0.0,1.0,1.0,1.0,0.0,0.0,1.0,1.0,0.0,1.0,2.0,1.0,0.0,0.0,0.0,0.0,12.0,1.0,0.0,6.0,1.0,0.0,5.0,0.0,0.0,1.0,0.0,1.0,1.0,1.0,1.0,1.0,1.0,1.0,1.0,1.0,1.0,1.0,1.0,1.0,1.0,1.0,1.0,1.0,1.0,1.0,0.0,1886.0,159.0,0.0,898.0,159.0,0.0,817.0,0.0,0.0,171.0,0.0,1.0,1.0,0.0,0.0,0.0,0.0,0.0,0.0,1.0,1.0,1.0,1.0,1.0,0.0,0.0,0.0,0.0,0.0,0.0,0.0,1.0,1.0,0.0,0.0,0.0,0.0,1.0,0.0,0.0,0.0,0.0,0.0,0.0,0.0,0.0,1.0,1.0,1.0,1.0,1.0,1.0,1.0,1.0,1.0,1.0,1.0,0.0,0.0,0.0,0.0,0.0,0.0,0.0,0.0,0.0,0.0,0.0,0.0,0.0,0.0,0.0,0.0,1.0,0.0,0.0,0.0,0.0,1.0,1.0,0.0,0.0,0.0,0.0,0.0,0.0,0.0,0.0,0.0,1.0,1.0,1.0,1.0,1.0,1.0,1.0,1.0,1.0,1.0,1.0,1.0,1.0,1.0,1.0,1.0,1.0,0.0,0.0,0.0,0.0,0.0,0.0,0.0,0.0,0.0,0.0,0.0,0.0,0.0,0.0,1.0,0.0,2.0,6.0,0.0,6.0,0.0,1.0,0.0,2.0,1.0,2.0,0.0,3.0,0.0,1.0,0.0,2.0,2.0,0.0,0.0,1.0,0.0,2057.0,159.0,0.0,898.0,0.0,159.0,0.0,918.0,179.0,0.0,0.0,0.0,171.0,0.0,0.0,0.0,0.0,0.0,0.0,0.0,0.0,0.0,0.0,0.0,0.0,0.0,0.0,-5.0,117605.5,0.0,0.0,0.0,0.0,0.0,0.0,100.0,0.7253474221334146,0.7640041318115623,0.8326446980729502,0.7313108905973065,0.7504402750025401,0.7338565832401982,0.733918673304659,0.7339327846829455,0.7313108905973065,0.7313108905973065,0.8373042751831656,0.7320841941274088,0.8372478296700195,0.8488360935189262,0.8371095381628114,0.7313108905973065,0.7313108905973065,0.7313108905973065,0.7313108905973065,0.7317172982919588,0.7688697350447613,0,5.3706380281276624,19,0
0.7115944728553527,0.0017498109075309604,0.07636513473543988,0.8830928754473307,0.6530604757227848,0.00830031270814283,0.2703796525214211,0.014266603447691944,0.8813487090911144,571.0,0.07852699788893781,0.7444683397116764,1.0,0.0,0.0,1.0,1.0,0.0,98.0,8.0,0.0,9.0,0.0,43.125,0.6666659712791443,0.0,0.0,0.0,0.0,0.0,0.0,0.4229518745554916,0.3777305516984455,0.3310360009482846,0.08535126042830855,0.21565572752621895,0.31168365676612364,0.24924927467515606,0.1825927682008557,0.045991804111491175,1.0,1.0,1.0,1.0,1.0,1.0,1.0,1.0,1.0,0.0,1.0,1.0,1.0,0.0,0.0,1.0,1.0,1.0,1.0,1.0,1.0,0.0,0.0,0.0,1.0,1.0,1.0,1.0,0.0,1.0,0.0,1.0,1.0,1.0,1.0,0.0,0.0,0.0,1.0,1.0,1.0,1.0,0.0,0.0,1.0,1.0,0.0,1.0,1.0,1.0,0.0,0.0,0.0,1.0,1.0,1.0,1.0,0.0,0.0,1.0,1.0,0.0,1.0,1.0,1.0,0.0,0.0,0.0,0.0,0.0,0.0,0.0,0.0,0.0,0.0,0.0,0.0,0.0,0.0,0.0,1.0,1.0,1.0,1.0,1.0,1.0,1.0,1.0,1.0,1.0,1.0,1.0,1.0,1.0,1.0,1.0,1.0,1.0,1.0,0.0,0.0,0.0,0.0,0.0,0.0,0.0,0.0,0.0,0.0,0.0,0.0,1.0,1.0,0.0,0.0,0.0,0.0,0.0,0.0,1.0,1.0,1.0,1.0,1.0,0.0,0.0,0.0,0.0,0.0,0.0,0.0,1.0,1.0,0.0,0.0,0.0,0.0,1.0,0.0,0.0,0.0,0.0,0.0,0.0,0.0,0.0,1.0,1.0,1.0,1.0,1.0,1.0,1.0,1.0,1.0,1.0,1.0,0.0,0.0,0.0,0.0,0.0,0.0,0.0,0.0,0.0,0.0,0.0,0.0,0.0,0.0,0.0,0.0,1.0,0.0,0.0,0.0,0.0,1.0,1.0,0.0,0.0,0.0,0.0,0.0,0.0,0.0,0.0,0.0,1.0,1.0,1.0,1.0,1.0,1.0,1.0,1.0,1.0,1.0,1.0,1.0,1.0,1.0,1.0,1.0,1.0,0.0,0.0,0.0,0.0,0.0,0.0,0.0,0.0,0.0,0.0,0.0,0.0,0.0,0.0,0.0,0.0,1.0,1.0,0.0,0.0,0.0,0.0,0.0,0.0,1.0,1.0,0.0,0.0,0.0,0.0,0.0,0.0,0.0,0.0,0.0,1.0,0.0,0.0,0.0,0.0,0.0,0.0,0.0,0.0,0.0,0.0,0.0,0.0,0.0,0.0,0.0,0.0,0.0,0.0,0.0,0.0,0.0,0.0,0.0,0.0,0.0,0.0,0.0,0.0,-5.0,117605.5,0.0,0.0,0.0,0.0,0.0,0.0,100.0,0.7253474221334146,0.7640041318115623,0.8326446980729502,0.7313108905973065,0.7504402750025401,0.7338565832401982,0.733918673304659,0.7339327846829455,0.7313108905973065,0.7313108905973065,0.8373042751831656,0.7320841941274088,0.8372478296700195,0.8488360935189262,0.8371095381628114,0.7313108905973065,0.7313108905973065,0.7313108905973065,0.7313108905973065,0.7317172982919588,0.7688697350447613,0,6.318968113746434,0,1
0.7115944728553527,0.0006180783689504521,0.04200675088337228,0.8830928754473307,0.6530604757227848,0.5046285320779851,0.2703796525214211,0.06695566769397501,0.8813487090911144,0.0,0.15974080220363282,0.7444683397116764,104.0,0.0,151.0,62.0,545.0,550.0,550.0,23.0,0.0,9.0,0.0,43.125,0.6666659712791443,327.0,550.0,0.0,0.0,0.0,550.0,0.4229518745554916,0.3777305516984455,0.3310360009482846,0.49442318330115936,0.60925311297005,0.3209435431977512,0.038907892211648094,0.1825927682008557,0.2421710073266276,1.0,1.0,1.0,1.0,1.0,1.0,1.0,1.0,1.0,1.0,1.0,1.0,1.0,0.0,0.0,1.0,1.0,1.0,1.0,1.0,1.0,0.0,1.0,0.0,1.0,1.0,1.0,1.0,0.0,1.0,0.0,1.0,1.0,1.0,1.0,1.0,0.0,0.0,1.0,1.0,1.0,1.0,0.0,0.0,1.0,1.0,0.0,1.0,1.0,1.0,0.0,1.0,0.0,1.0,1.0,1.0,1.0,0.0,0.0,1.0,1.0,0.0,1.0,1.0,1.0,0.0,1.0,0.0,0.0,2.0,0.0,0.0,2.0,0.0,0.0,0.0,0.0,0.0,0.0,0.0,1.0,1.0,1.0,1.0,1.0,1.0,1.0,1.0,1.0,1.0,1.0,1.0,1.0,1.0,1.0,1.0,1.0,1.0,1.0,0.0,138.89999389648438,0.0,0.0,138.89999389648438,0.0,0.0,0.0,0.0,0.0,0.0,0.0,1.0,1.0,0.0,0.0,0.0,0.0,0.0,0.0,1.0,1.0,1.0,1.0,1.0,0.0,0.0,0.0,0.0,0.0,0.0,0.0,1.0,1.0,0.0,0.0,0.0,0.0,1.0,0.0,0.0,0.0,0.0,0.0,0.0,0.0,0.0,1.0,1.0,1.0,1.0,1.0,1.0,1.0,1.0,1.0,1.0,1.0,0.0,0.0,0.0,0.0,0.0,0.0,0.0,0.0,0.0,0.0,0.0,0.0,0.0,0.0,0.0,0.0,1.0,0.0,0.0,0.0,0.0,1.0,1.0,0.0,0.0,0.0,0.0,0.0,0.0,0.0,0.0,0.0,1.0,1.0,1.0,1.0,1.0,1.0,1.0,1.0,1.0,1.0,1.0,1.0,1.0,1.0,1.0,1.0,1.0,0.0,0.0,0.0,0.0,0.0,0.0,0.0,0.0,0.0,0.0,0.0,0.0,0.0,0.0,0.0,0.0,0.0,0.0,0.0,2.0,0.0,0.0,0.0,0.0,1.0,1.0,0.0,0.0,0.0,0.0,0.0,0.0,0.0,0.0,0.0,1.0,0.0,138.89999389648438,0.0,0.0,138.89999389648438,0.0,0.0,0.0,0.0,0.0,0.0,0.0,0.0,0.0,0.0,0.0,0.0,0.0,0.0,0.0,0.0,0.0,0.0,0.0,0.0,0.0,0.0,0.0,-5.0,117605.5,0.0,0.0,0.0,0.0,0.0,0.0,100.0,0.7253474221334146,0.7640041318115623,0.8326446980729502,0.7313108905973065,0.7504402750025401,0.7338565832401982,0.733918673304659,0.7339327846829455,0.7313108905973065,0.7313108905973065,0.8373042751831656,0.7320841941274088,0.8372478296700195,0.8488360935189262,0.8371095381628114,0.7313108905973065,0.7313108905973065,0.7313108905973065,0.7313108905973065,0.7317172982919588,0.7688697350447613,0,4.690889061390629,20,3
0.7115944728553527,3.386730788769601e-05,0.07187207188900555,0.8830928754473307,0.6530604757227848,0.5046285320779851,0.7271960126889514,0.006169494586875289,0.8813487090911144,9.0,0.15974080220363282,0.7444683397116764,4.0,0.0,3.0,3.0,18.0,28.0,28.0,16.0,19.0,9.0,0.0,43.125,0.6666659712791443,224.0,26.0,0.0,0.0,0.0,224.0,0.5770283695149072,0.5770283695149072,0.5770283695149072,0.49442318330115936,0.60925311297005,0.3673728000361251,0.7118428331131958,0.7118371885618812,0.7118371885618812,1.0,1.0,1.0,1.0,1.0,1.0,1.0,1.0,1.0,0.0,1.0,1.0,1.0,0.0,0.0,0.0,0.0,1.0,1.0,1.0,1.0,0.0,1.0,0.0,0.0,1.0,1.0,1.0,0.0,1.0,0.0,1.0,1.0,1.0,1.0,0.0,0.0,0.0,1.0,1.0,1.0,1.0,0.0,0.0,0.0,0.0,0.0,1.0,1.0,1.0,0.0,1.0,0.0,1.0,1.0,1.0,1.0,0.0,0.0,0.0,0.0,0.0,1.0,1.0,1.0,0.0,1.0,0.0,0.0,1.0,0.0,0.0,1.0,0.0,0.0,0.0,0.0,0.0,0.0,0.0,1.0,1.0,1.0,1.0,1.0,1.0,1.0,1.0,1.0,1.0,1.0,1.0,1.0,1.0,1.0,1.0,1.0,1.0,1.0,0.0,25.95000076293945,0.0,0.0,25.95000076293945,0.0,0.0,0.0,0.0,0.0,0.0,0.0,1.0,1.0,0.0,0.0,0.0,0.0,0.0,0.0,1.0,1.0,1.0,1.0,1.0,0.0,0.0,0.0,0.0,0.0,0.0,0.0,1.0,1.0,0.0,0.0,0.0,0.0,1.0,0.0,0.0,0.0,0.0,0.0,0.0,0.0,0.0,1.0,1.0,1.0,1.0,1.0,1.0,1.0,1.0,1.0,1.0,1.0,0.0,0.0,0.0,0.0,0.0,0.0,0.0,0.0,0.0,0.0,0.0,0.0,0.0,0.0,0.0,0.0,1.0,0.0,0.0,0.0,0.0,1.0,1.0,0.0,0.0,0.0,0.0,0.0,0.0,0.0,0.0,0.0,1.0,1.0,1.0,1.0,1.0,1.0,1.0,1.0,1.0,1.0,1.0,1.0,1.0,1.0,1.0,1.0,1.0,0.0,0.0,0.0,0.0,0.0,0.0,0.0,0.0,0.0,0.0,0.0,0.0,0.0,0.0,0.0,0.0,1.0,1.0,0.0,2.0,0.0,0.0,1.0,1.0,1.0,2.0,0.0,0.0,0.0,0.0,0.0,0.0,0.0,0.0,0.0,1.0,0.0,85.94999694824219,0.0,0.0,85.94999694824219,0.0,0.0,25.95000076293945,85.94999694824219,25.95000076293945,0.0,0.0,0.0,0.0,0.0,0.0,0.0,0.0,0.0,0.0,0.0,0.0,0.0,0.0,0.0,0.0,0.0,0.0,-5.0,117605.5,0.0,0.0,0.0,0.0,0.0,0.0,100.0,0.7253474221334146,0.7640041318115623,0.8326446980729502,0.7313108905973065,0.7504402750025401,0.7338565832401982,0.733918673304659,0.7339327846829455,0.7313108905973065,0.7313108905973065,0.8373042751831656,0.7320841941274088,0.8372478296700195,0.8488360935189262,0.8371095381628114,0.7313108905973065,0.7313108905973065,0.7313108905973065,0.7313108905973065,0.7317172982919588,0.7688697350447613,0,3.609565647394211,10,3
0.7115944728553527,0.0025287589889479685,0.07636513473543988,0.8830928754473307,0.6530604757227848,0.5046285320779851,0.7271960126889514,0.06695566769397501,0.8813487090911144,9.0,0.1693958072272835,0.7444683397116764,6.0,0.0,7.0,7.0,34.0,501.0,501.0,10.0,0.0,9.0,0.0,43.125,0.6666659712791443,0.0,26.0,0.0,0.0,0.0,501.0,0.5770283695149072,0.5770283695149072,0.5770283695149072,0.49442318330115936,0.60925311297005,0.3673728000361251,0.7118428331131958,0.7118371885618812,0.7118371885618812,1.0,1.0,1.0,1.0,1.0,1.0,1.0,1.0,1.0,0.0,0.0,0.0,1.0,0.0,0.0,1.0,1.0,1.0,1.0,1.0,1.0,0.0,1.0,0.0,0.0,0.0,1.0,1.0,0.0,1.0,0.0,1.0,1.0,1.0,1.0,1.0,0.0,0.0,0.0,0.0,1.0,1.0,0.0,0.0,1.0,1.0,0.0,1.0,1.0,1.0,0.0,1.0,0.0,0.0,0.0,1.0,1.0,0.0,0.0,1.0,1.0,0.0,1.0,1.0,1.0,0.0,1.0,0.0,0.0,0.0,0.0,0.0,0.0,0.0,0.0,0.0,0.0,0.0,0.0,0.0,1.0,1.0,1.0,1.0,1.0,1.0,1.0,1.0,1.0,1.0,1.0,1.0,1.0,1.0,1.0,1.0,1.0,1.0,1.0,0.0,0.0,0.0,0.0,0.0,0.0,0.0,0.0,0.0,0.0,0.0,0.0,1.0,1.0,0.0,0.0,0.0,0.0,0.0,0.0,1.0,1.0,1.0,1.0,1.0,0.0,0.0,0.0,0.0,0.0,0.0,0.0,1.0,1.0,0.0,0.0,0.0,0.0,1.0,0.0,0.0,0.0,0.0,0.0,0.0,0.0,0.0,1.0,1.0,1.0,1.0,1.0,1.0,1.0,1.0,1.0,1.0,1.0,0.0,0.0,0.0,0.0,0.0,0.0,0.0,0.0,0.0,0.0,0.0,0.0,0.0,0.0,0.0,0.0,1.0,0.0,0.0,0.0,0.0,1.0,1.0,0.0,0.0,0.0,0.0,0.0,0.0,0.0,0.0,0.0,1.0,1.0,1.0,1.0,1.0,1.0,1.0,1.0,1.0,1.0,1.0,1.0,1.0,1.0,1.0,1.0,1.0,0.0,0.0,0.0,0.0,0.0,0.0,0.0,0.0,0.0,0.0,0.0,0.0,0.0,0.0,0.0,0.0,0.0,0.0,0.0,4.0,0.0,0.0,0.0,0.0,1.0,3.0,0.0,0.0,0.0,0.0,0.0,0.0,0.0,0.0,0.0,1.0,0.0,435.7999877929688,0.0,0.0,435.7999877929688,0.0,0.0,0.0,0.0,0.0,0.0,0.0,0.0,0.0,0.0,0.0,0.0,0.0,0.0,0.0,0.0,0.0,0.0,0.0,0.0,0.0,0.0,0.0,-5.0,117605.5,0.0,0.0,0.0,0.0,0.0,0.0,100.0,0.7253474221334146,0.7640041318115623,0.8326446980729502,0.7313108905973065,0.7504402750025401,0.7338565832401982,0.733918673304659,0.7339327846829455,0.7313108905973065,0.7313108905973065,0.8373042751831656,0.7320841941274088,0.8372478296700195,0.8488360935189262,0.8371095381628114,0.7313108905973065,0.7313108905973065,0.7313108905973065,0.7313108905973065,0.7317172982919588,0.7688697350447613,0,5.081093757744817,15,1
0.7115944728553527,0.00013264695589347602,0.0007648367031304682,0.8830928754473307,0.6530604757227848,0.5046285320779851,0.7271960126889514,0.0269160429437464,0.8813487090911144,2.0,0.014317404409523487,0.7444683397116764,7.0,0.0,4.0,6.0,23.0,70.0,70.0,0.0,380.0,0.0,0.0,43.125,0.6666659712791443,467.0,302.0,0.0,0.0,0.0,467.0,0.4229518745554916,0.3777305516984455,0.3310360009482846,0.49442318330115936,0.60925311297005,0.31168365676612364,0.24924927467515606,0.10557004323726307,0.2421710073266276,1.0,1.0,1.0,1.0,1.0,1.0,1.0,1.0,1.0,1.0,0.0,0.0,1.0,0.0,0.0,0.0,0.0,1.0,1.0,1.0,1.0,0.0,1.0,0.0,0.0,0.0,1.0,1.0,0.0,1.0,0.0,1.0,1.0,1.0,1.0,1.0,0.0,0.0,0.0,0.0,1.0,1.0,0.0,0.0,0.0,0.0,0.0,1.0,1.0,1.0,0.0,1.0,0.0,0.0,0.0,1.0,1.0,0.0,0.0,0.0,0.0,0.0,1.0,1.0,1.0,0.0,1.0,0.0,1.0,4.0,1.0,1.0,4.0,1.0,0.0,0.0,0.0,0.0,0.0,0.0,1.0,1.0,1.0,1.0,1.0,1.0,1.0,1.0,1.0,1.0,1.0,1.0,1.0,1.0,1.0,1.0,1.0,1.0,1.0,311.94000244140625,635.7899780273438,311.94000244140625,311.94000244140625,635.7899780273438,311.94000244140625,0.0,0.0,0.0,0.0,0.0,0.0,1.0,1.0,0.0,0.0,0.0,0.0,0.0,0.0,1.0,1.0,1.0,1.0,1.0,0.0,0.0,0.0,0.0,0.0,0.0,0.0,1.0,1.0,0.0,0.0,0.0,0.0,1.0,0.0,0.0,0.0,0.0,0.0,0.0,0.0,0.0,1.0,1.0,1.0,1.0,1.0,1.0,1.0,1.0,1.0,1.0,1.0,0.0,0.0,0.0,0.0,0.0,0.0,0.0,0.0,0.0,0.0,0.0,0.0,0.0,0.0,0.0,0.0,1.0,0.0,0.0,0.0,0.0,1.0,1.0,0.0,0.0,0.0,0.0,0.0,0.0,0.0,0.0,0.0,1.0,1.0,1.0,1.0,1.0,1.0,1.0,1.0,1.0,1.0,1.0,1.0,1.0,1.0,1.0,1.0,1.0,0.0,0.0,0.0,0.0,0.0,0.0,0.0,0.0,0.0,0.0,0.0,0.0,0.0,1.0,1.0,0.0,0.0,0.0,1.0,4.0,1.0,1.0,0.0,0.0,1.0,1.0,0.0,0.0,0.0,0.0,0.0,0.0,0.0,0.0,0.0,1.0,311.94000244140625,635.7899780273438,311.94000244140625,311.94000244140625,635.7899780273438,311.94000244140625,311.94000244140625,0.0,0.0,0.0,0.0,0.0,0.0,0.0,0.0,0.0,0.0,0.0,0.0,0.0,0.0,0.0,0.0,0.0,0.0,0.0,0.0,0.0,-5.0,117605.5,0.0,0.0,0.0,0.0,0.0,0.0,100.0,0.7253474221334146,0.7640041318115623,0.8326446980729502,0.7313108905973065,0.7504402750025401,0.7338565832401982,0.733918673304659,0.7339327846829455,0.7313108905973065,0.7313108905973065,0.8373042751831656,0.7320841941274088,0.8372478296700195,0.8488360935189262,0.8371095381628114,0.7313108905973065,0.7313108905973065,0.7313108905973065,0.7313108905973065,0.7317172982919588,0.7688697350447613,0,3.9110225050945626,16,4
0.11594190627786997,0.017591244172000767,0.027421230286404533,0.09515866833745386,0.6530604757227848,0.03314480531942516,0.7271960126889514,0.00025964936047233604,0.0061469163816168255,9.0,0.07852699788893781,0.04876610108262494,1.0,0.0,0.0,0.0,1.0,0.0,98.0,8.0,0.0,9.0,0.0,43.125,0.6666659712791443,0.0,26.0,0.0,0.0,0.0,0.0,0.5770283695149072,0.5770283695149072,0.5770283695149072,0.09955577381153972,0.60925311297005,0.3209435431977512,0.7118428331131958,0.7118371885618812,0.7118371885618812,1.0,1.0,1.0,1.0,1.0,1.0,1.0,1.0,1.0,0.0,0.0,0.0,1.0,1.0,1.0,1.0,1.0,1.0,1.0,1.0,1.0,0.0,0.0,1.0,0.0,0.0,1.0,1.0,1.0,1.0,1.0,1.0,1.0,1.0,1.0,0.0,1.0,1.0,0.0,0.0,1.0,1.0,1.0,1.0,1.0,1.0,1.0,1.0,1.0,1.0,0.0,0.0,1.0,0.0,0.0,1.0,1.0,1.0,1.0,1.0,1.0,1.0,1.0,1.0,1.0,0.0,0.0,1.0,0.0,0.0,0.0,0.0,0.0,0.0,0.0,0.0,0.0,0.0,0.0,0.0,1.0,1.0,1.0,1.0,1.0,1.0,1.0,1.0,1.0,1.0,1.0,1.0,1.0,1.0,1.0,1.0,1.0,1.0,1.0,0.0,0.0,0.0,0.0,0.0,0.0,0.0,0.0,0.0,0.0,0.0,0.0,1.0,1.0,0.0,0.0,0.0,0.0,0.0,0.0,1.0,1.0,1.0,1.0,1.0,0.0,0.0,0.0,0.0,0.0,0.0,0.0,1.0,1.0,0.0,0.0,0.0,0.0,1.0,0.0,0.0,0.0,0.0,0.0,0.0,0.0,0.0,1.0,1.0,1.0,1.0,1.0,1.0,1.0,1.0,1.0,1.0,1.0,0.0,0.0,0.0,0.0,0.0,0.0,0.0,0.0,0.0,0.0,0.0,0.0,0.0,0.0,0.0,0.0,1.0,0.0,0.0,0.0,0.0,1.0,1.0,0.0,0.0,0.0,0.0,0.0,0.0,0.0,0.0,0.0,1.0,1.0,1.0,1.0,1.0,1.0,1.0,1.0,1.0,1.0,1.0,1.0,1.0,1.0,1.0,1.0,1.0,0.0,0.0,0.0,0.0,0.0,0.0,0.0,0.0,0.0,0.0,0.0,0.0,0.0,0.0,0.0,0.0,1.0,1.0,0.0,0.0,0.0,0.0,0.0,0.0,1.0,1.0,0.0,0.0,0.0,0.0,0.0,0.0,0.0,1.0,1.0,1.0,0.0,0.0,0.0,0.0,0.0,0.0,0.0,0.0,0.0,0.0,0.0,0.0,0.0,0.0,0.0,0.0,0.0,0.0,0.0,0.0,0.0,0.0,0.0,0.0,0.0,0.0,0.0,0.0,-5.0,237815.0,0.0,0.0,0.0,0.0,0.0,0.0,100.0,0.23774003454465403,0.11191734119054876,0.8326446980729502,0.12329957891647193,0.12677380025061807,0.09363463948250754,0.032518260123502785,0.0037366929702757927,0.12511994671543558,0.12835991917002518,0.8373042751831656,0.019956311172824873,0.8372478296700195,0.8488360935189262,0.8371095381628114,0.1058635599056231,0.25404432101692237,0.20965556947878214,0.1548639098678046,0.1654474435827096,0.09231381447488739,1,3.1813816204406202,23,5
0.7115944728553527,0.0006829907090685362,0.0006971020873550762,0.8830928754473307,0.6530604757227848,0.09485104029080728,0.7271960126889514,0.07061615922150348,0.8813487090911144,17.0,0.38170431582393516,0.7444683397116764,5.0,0.0,0.0,3.0,7.0,0.0,0.0,0.0,29.0,29.0,0.0,43.125,0.6666659712791443,0.0,0.0,0.0,0.0,0.0,29.0,0.4229518745554916,0.3777305516984455,0.3310360009482846,0.32066978245899236,0.17509115950373105,0.3673728000361251,0.24924927467515606,0.10557004323726307,0.2421710073266276,1.0,1.0,1.0,1.0,1.0,1.0,1.0,1.0,1.0,0.0,1.0,1.0,1.0,0.0,0.0,2.0,2.0,1.0,1.0,1.0,1.0,0.0,0.0,0.0,0.0,0.0,1.0,1.0,0.0,1.0,0.0,1.0,1.0,1.0,1.0,0.0,0.0,0.0,1.0,1.0,2.0,2.0,0.0,0.0,2.0,2.0,0.0,1.0,1.0,1.0,0.0,0.0,0.0,0.0,0.0,1.0,1.0,0.0,0.0,1.0,1.0,0.0,1.0,1.0,1.0,0.0,0.0,0.0,1.0,1.0,1.0,0.0,0.0,0.0,1.0,1.0,1.0,0.0,0.0,0.0,1.0,1.0,1.0,1.0,1.0,1.0,1.0,1.0,1.0,1.0,1.0,1.0,1.0,1.0,1.0,1.0,1.0,1.0,1.0,59.0,59.0,59.0,0.0,0.0,0.0,59.0,59.0,59.0,0.0,0.0,0.0,1.0,1.0,0.0,0.0,0.0,0.0,0.0,0.0,1.0,1.0,1.0,1.0,1.0,0.0,0.0,0.0,0.0,0.0,0.0,0.0,1.0,1.0,0.0,0.0,0.0,0.0,1.0,0.0,0.0,0.0,0.0,0.0,0.0,0.0,0.0,1.0,1.0,1.0,1.0,1.0,1.0,1.0,1.0,1.0,1.0,1.0,0.0,0.0,0.0,0.0,0.0,0.0,0.0,0.0,0.0,0.0,0.0,0.0,0.0,0.0,0.0,0.0,1.0,0.0,0.0,0.0,0.0,1.0,1.0,0.0,0.0,0.0,0.0,0.0,0.0,0.0,0.0,0.0,1.0,1.0,1.0,1.0,1.0,1.0,1.0,1.0,1.0,1.0,1.0,1.0,1.0,1.0,1.0,1.0,1.0,0.0,0.0,0.0,0.0,0.0,0.0,0.0,0.0,0.0,0.0,0.0,0.0,0.0,2.0,2.0,2.0,3.0,3.0,1.0,1.0,0.0,1.0,1.0,1.0,2.0,2.0,1.0,0.0,0.0,0.0,0.0,0.0,0.0,0.0,0.0,1.0,118.0,118.0,118.0,59.0,59.0,0.0,59.0,59.0,59.0,59.0,59.0,59.0,0.0,0.0,0.0,0.0,0.0,0.0,0.0,0.0,0.0,0.0,0.0,0.0,0.0,0.0,0.0,0.0,-5.0,117605.5,0.0,0.0,0.0,0.0,0.0,0.0,100.0,0.7253474221334146,0.7640041318115623,0.8326446980729502,0.7313108905973065,0.7504402750025401,0.7338565832401982,0.733918673304659,0.7339327846829455,0.7313108905973065,0.7313108905973065,0.8373042751831656,0.7320841941274088,0.8372478296700195,0.8488360935189262,0.8371095381628114,0.7313108905973065,0.7313108905973065,0.7313108905973065,0.7313108905973065,0.7317172982919588,0.7688697350447613,0,4.0943445622221,20,4
0.7115944728553527,0.009855386595319537,0.01179993452320475,0.8830928754473307,0.6530604757227848,0.5046285320779851,0.2703796525214211,0.02337408699382486,0.8813487090911144,11.0,0.15974080220363282,0.7444683397116764,2.0,0.0,1.0,1.0,12.0,423.0,423.0,29.0,19.0,9.0,0.0,43.125,0.6666659712791443,423.0,315.0,0.0,0.0,0.0,423.0,0.4229518745554916,0.3777305516984455,0.3310360009482846,0.49442318330115936,0.60925311297005,0.3673728000361251,0.24924927467515606,0.1825927682008557,0.2421710073266276,1.0,1.0,1.0,0.0,0.0,1.0,1.0,1.0,1.0,1.0,0.0,0.0,1.0,0.0,0.0,1.0,1.0,1.0,1.0,1.0,1.0,0.0,1.0,0.0,0.0,1.0,1.0,1.0,0.0,1.0,0.0,1.0,1.0,1.0,1.0,0.0,0.0,0.0,0.0,0.0,1.0,1.0,0.0,0.0,1.0,1.0,0.0,1.0,1.0,1.0,0.0,1.0,0.0,0.0,0.0,1.0,1.0,0.0,0.0,1.0,1.0,0.0,1.0,1.0,1.0,0.0,1.0,0.0,0.0,1.0,0.0,0.0,1.0,0.0,0.0,0.0,0.0,0.0,0.0,0.0,1.0,1.0,1.0,1.0,1.0,1.0,1.0,1.0,1.0,1.0,1.0,1.0,1.0,1.0,1.0,1.0,1.0,1.0,1.0,0.0,424.3599853515625,0.0,0.0,424.3599853515625,0.0,0.0,0.0,0.0,0.0,0.0,0.0,1.0,1.0,0.0,0.0,0.0,0.0,0.0,0.0,1.0,1.0,1.0,1.0,1.0,0.0,0.0,0.0,0.0,0.0,0.0,0.0,1.0,1.0,0.0,0.0,0.0,0.0,1.0,0.0,0.0,0.0,0.0,0.0,0.0,0.0,0.0,1.0,1.0,1.0,1.0,1.0,1.0,1.0,1.0,1.0,1.0,1.0,0.0,0.0,0.0,0.0,0.0,0.0,0.0,0.0,0.0,0.0,0.0,0.0,0.0,0.0,0.0,0.0,1.0,0.0,0.0,0.0,0.0,1.0,1.0,0.0,0.0,0.0,0.0,0.0,0.0,0.0,0.0,0.0,1.0,1.0,1.0,1.0,1.0,1.0,1.0,1.0,1.0,1.0,1.0,1.0,1.0,1.0,1.0,1.0,1.0,0.0,0.0,0.0,0.0,0.0,0.0,0.0,0.0,0.0,0.0,0.0,0.0,0.0,0.0,0.0,0.0,0.0,0.0,0.0,1.0,0.0,0.0,0.0,0.0,1.0,1.0,0.0,0.0,0.0,0.0,0.0,0.0,0.0,0.0,0.0,1.0,0.0,424.3599853515625,0.0,0.0,424.3599853515625,0.0,0.0,0.0,0.0,0.0,0.0,0.0,0.0,0.0,0.0,0.0,0.0,0.0,0.0,0.0,0.0,0.0,0.0,0.0,0.0,0.0,0.0,0.0,-5.0,117605.5,0.0,0.0,0.0,0.0,0.0,0.0,100.0,0.7253474221334146,0.7640041318115623,0.8326446980729502,0.7313108905973065,0.7504402750025401,0.7338565832401982,0.733918673304659,0.7339327846829455,0.7313108905973065,0.7313108905973065,0.8373042751831656,0.7320841941274088,0.8372478296700195,0.8488360935189262,0.8371095381628114,0.7313108905973065,0.7313108905973065,0.7313108905973065,0.7313108905973065,0.7317172982919588,0.7688697350447613,0,6.063413046420566,21,1
0.7115944728553527,0.0173203057088992,0.08156376649620121,0.8830928754473307,0.6530604757227848,0.5046285320779851,0.7271960126889514,0.08114606969891963,0.8813487090911144,10.0,0.06546268387125907,0.7444683397116764,1.0,0.0,0.0,1.0,1.0,0.0,98.0,8.0,0.0,9.0,0.0,43.125,0.6666659712791443,0.0,0.0,0.0,0.0,0.0,0.0,0.4229518745554916,0.3777305516984455,0.09193562953680812,0.32066978245899236,0.17509115950373105,0.3673728000361251,0.7118428331131958,0.7118371885618812,0.7118371885618812,1.0,1.0,1.0,1.0,1.0,1.0,1.0,1.0,1.0,0.0,1.0,1.0,1.0,0.0,0.0,1.0,1.0,1.0,1.0,1.0,1.0,0.0,0.0,0.0,1.0,1.0,1.0,1.0,0.0,1.0,0.0,1.0,1.0,1.0,1.0,0.0,0.0,0.0,1.0,1.0,1.0,1.0,0.0,0.0,1.0,1.0,0.0,1.0,1.0,1.0,0.0,0.0,0.0,1.0,1.0,1.0,1.0,0.0,0.0,1.0,1.0,0.0,1.0,1.0,1.0,0.0,0.0,0.0,0.0,0.0,0.0,0.0,0.0,0.0,0.0,0.0,0.0,0.0,0.0,0.0,1.0,1.0,1.0,1.0,1.0,1.0,1.0,1.0,1.0,1.0,1.0,1.0,1.0,1.0,1.0,1.0,1.0,1.0,1.0,0.0,0.0,0.0,0.0,0.0,0.0,0.0,0.0,0.0,0.0,0.0,0.0,1.0,1.0,0.0,0.0,0.0,0.0,0.0,0.0,1.0,1.0,1.0,1.0,1.0,0.0,0.0,0.0,0.0,0.0,0.0,0.0,1.0,1.0,0.0,0.0,0.0,0.0,1.0,0.0,0.0,0.0,0.0,0.0,0.0,0.0,0.0,1.0,1.0,1.0,1.0,1.0,1.0,1.0,1.0,1.0,1.0,1.0,0.0,0.0,0.0,0.0,0.0,0.0,0.0,0.0,0.0,0.0,0.0,0.0,0.0,0.0,0.0,0.0,1.0,0.0,0.0,0.0,0.0,1.0,1.0,0.0,0.0,0.0,0.0,0.0,0.0,0.0,0.0,0.0,1.0,1.0,1.0,1.0,1.0,1.0,1.0,1.0,1.0,1.0,1.0,1.0,1.0,1.0,1.0,1.0,1.0,0.0,0.0,0.0,0.0,0.0,0.0,0.0,0.0,0.0,0.0,0.0,0.0,0.0,0.0,0.0,0.0,1.0,1.0,0.0,0.0,0.0,0.0,0.0,0.0,1.0,1.0,0.0,0.0,0.0,0.0,0.0,0.0,0.0,0.0,0.0,1.0,0.0,0.0,0.0,0.0,0.0,0.0,0.0,0.0,0.0,0.0,0.0,0.0,0.0,0.0,0.0,0.0,0.0,0.0,0.0,0.0,0.0,0.0,0.0,0.0,0.0,0.0,0.0,0.0,-5.0,117605.5,0.0,0.0,0.0,0.0,0.0,0.0,100.0,0.7253474221334146,0.7640041318115623,0.8326446980729502,0.7313108905973065,0.7504402750025401,0.7338565832401982,0.733918673304659,0.7339327846829455,0.7313108905973065,0.7313108905973065,0.8373042751831656,0.7320841941274088,0.8372478296700195,0.8488360935189262,0.8371095381628114,0.7313108905973065,0.7313108905973065,0.7313108905973065,0.7313108905973065,0.7317172982919588,0.7688697350447613,0,3.6888794541139363,5,6
0.07953737257425407,1.6933653943848005e-05,0.011986204716587078,0.8830928754473307,0.31506192072792133,0.13522933811991286,0.7271960126889514,0.01041701945112383,0.8813487090911144,9.0,0.06546268387125907,0.04003115792325668,1.0,0.0,0.0,0.0,2.0,364.0,364.0,8.0,19.0,9.0,0.0,43.125,0.6666659712791443,10.0,26.0,0.0,0.0,0.0,42.0,0.5770283695149072,0.5770283695149072,0.5770283695149072,0.49442318330115936,0.60925311297005,0.3209435431977512,0.7118428331131958,0.7118371885618812,0.7118371885618812,1.0,1.0,1.0,1.0,1.0,1.0,1.0,1.0,1.0,0.0,1.0,1.0,1.0,0.0,0.0,1.0,1.0,1.0,1.0,1.0,1.0,0.0,0.0,0.0,0.0,1.0,1.0,1.0,0.0,1.0,0.0,1.0,1.0,1.0,1.0,0.0,0.0,0.0,1.0,1.0,1.0,1.0,0.0,0.0,1.0,1.0,0.0,1.0,1.0,1.0,0.0,0.0,0.0,0.0,1.0,1.0,1.0,0.0,0.0,1.0,1.0,0.0,1.0,1.0,1.0,0.0,0.0,0.0,0.0,0.0,0.0,0.0,0.0,0.0,0.0,0.0,0.0,0.0,0.0,0.0,1.0,1.0,1.0,1.0,1.0,1.0,1.0,1.0,1.0,1.0,1.0,1.0,1.0,1.0,1.0,1.0,1.0,1.0,1.0,0.0,0.0,0.0,0.0,0.0,0.0,0.0,0.0,0.0,0.0,0.0,0.0,0.0,0.0,0.0,0.0,0.0,0.0,0.0,0.0,0.0,0.0,0.0,0.0,0.0,0.0,0.0,0.0,0.0,0.0,0.0,0.0,1.0,1.0,0.0,0.0,0.0,0.0,1.0,0.0,0.0,0.0,0.0,0.0,0.0,0.0,0.0,1.0,1.0,1.0,1.0,1.0,1.0,1.0,1.0,1.0,1.0,1.0,0.0,0.0,0.0,0.0,0.0,0.0,0.0,0.0,0.0,0.0,0.0,0.0,0.0,1.0,1.0,0.0,0.0,0.0,1.0,0.0,0.0,1.0,2.0,0.0,0.0,0.0,0.0,0.0,0.0,0.0,0.0,0.0,1.0,1.0,1.0,2.0,0.0,1.0,1.0,1.0,0.0,1.0,0.0,1.0,2.0,0.0,1.0,2.0,2.0,0.0,7.5,7.5,0.0,7.5,7.5,0.0,0.0,0.0,0.0,0.0,0.0,0.0,0.0,0.0,0.0,0.0,0.0,0.0,0.0,0.0,0.0,0.0,0.0,1.0,1.0,0.0,0.0,0.0,0.0,0.0,0.0,0.0,1.0,1.0,1.0,0.0,0.0,0.0,0.0,0.0,0.0,0.0,0.0,0.0,0.0,0.0,0.0,0.0,0.0,0.0,0.0,0.0,0.0,0.0,0.0,0.0,0.0,0.0,0.0,0.0,0.0,0.0,0.0,-5.0,146535.0,0.0,0.0,12.0,-13.0,0.0,0.0,100.0,0.23774003454465403,0.11191734119054876,0.03607150517605356,0.12329957891647193,0.12677380025061807,0.16532326345378806,9.313509669116402e-05,0.004453550987232025,0.12511994671543558,0.12835991917002518,0.028431604971720797,0.01907011661643016,0.10807622402095257,0.0036350910466127046,0.12278874702249919,0.16282554949707048,0.25404432101692237,0.20965556947878214,0.1548639098678046,0.1654474435827096,0.09231381447488739,1,5.017279836814924,16,1
0.7115944728553527,2.5400480915772006e-05,0.0014196046556259243,0.8830928754473307,0.31506192072792133,0.13522933811991286,0.7271960126889514,0.08114606969891963,0.8813487090911144,9.0,0.38170431582393516,0.7444683397116764,1.0,0.0,0.0,1.0,1.0,0.0,98.0,8.0,0.0,9.0,0.0,43.125,0.6666659712791443,0.0,0.0,0.0,0.0,0.0,0.0,0.4229518745554916,0.3777305516984455,0.3310360009482846,0.32066978245899236,0.17509115950373105,0.3673728000361251,0.7118428331131958,0.7118371885618812,0.7118371885618812,1.0,1.0,1.0,1.0,1.0,1.0,1.0,1.0,1.0,0.0,1.0,1.0,1.0,0.0,0.0,1.0,1.0,1.0,1.0,1.0,1.0,0.0,0.0,0.0,1.0,1.0,1.0,1.0,0.0,1.0,0.0,1.0,1.0,1.0,1.0,0.0,0.0,0.0,1.0,1.0,1.0,1.0,0.0,0.0,1.0,1.0,0.0,1.0,1.0,1.0,0.0,0.0,0.0,1.0,1.0,1.0,1.0,0.0,0.0,1.0,1.0,0.0,1.0,1.0,1.0,0.0,0.0,0.0,0.0,0.0,0.0,0.0,0.0,0.0,0.0,0.0,0.0,0.0,0.0,0.0,1.0,1.0,1.0,1.0,1.0,1.0,1.0,1.0,1.0,1.0,1.0,1.0,1.0,1.0,1.0,1.0,1.0,1.0,1.0,0.0,0.0,0.0,0.0,0.0,0.0,0.0,0.0,0.0,0.0,0.0,0.0,1.0,1.0,0.0,0.0,0.0,0.0,0.0,0.0,1.0,1.0,1.0,1.0,1.0,0.0,0.0,0.0,0.0,0.0,0.0,0.0,1.0,1.0,0.0,0.0,0.0,0.0,1.0,0.0,0.0,0.0,0.0,0.0,0.0,0.0,0.0,1.0,1.0,1.0,1.0,1.0,1.0,1.0,1.0,1.0,1.0,1.0,0.0,0.0,0.0,0.0,0.0,0.0,0.0,0.0,0.0,0.0,0.0,0.0,0.0,0.0,0.0,0.0,1.0,0.0,0.0,0.0,0.0,1.0,1.0,0.0,0.0,0.0,0.0,0.0,0.0,0.0,0.0,0.0,1.0,1.0,1.0,1.0,1.0,1.0,1.0,1.0,1.0,1.0,1.0,1.0,1.0,1.0,1.0,1.0,1.0,0.0,0.0,0.0,0.0,0.0,0.0,0.0,0.0,0.0,0.0,0.0,0.0,0.0,0.0,0.0,0.0,1.0,1.0,0.0,0.0,0.0,0.0,0.0,0.0,1.0,1.0,0.0,0.0,0.0,0.0,0.0,0.0,0.0,0.0,0.0,1.0,0.0,0.0,0.0,0.0,0.0,0.0,0.0,0.0,0.0,0.0,0.0,0.0,0.0,0.0,0.0,0.0,0.0,0.0,0.0,0.0,0.0,0.0,0.0,0.0,0.0,0.0,0.0,0.0,-5.0,117605.5,0.0,0.0,0.0,0.0,0.0,0.0,100.0,0.7253474221334146,0.7640041318115623,0.8326446980729502,0.7313108905973065,0.7504402750025401,0.7338565832401982,0.733918673304659,0.7339327846829455,0.7313108905973065,0.7313108905973065,0.8373042751831656,0.7320841941274088,0.8372478296700195,0.8488360935189262,0.8371095381628114,0.7313108905973065,0.7313108905973065,0.7313108905973065,0.7313108905973065,0.7317172982919588,0.7688697350447613,0,4.770684624465665,0,2
0.7115944728553527,0.005198631760761337,0.06278434427247379,0.8830928754473307,0.6530604757227848,0.5046285320779851,0.7271960126889514,0.07061615922150348,0.8813487090911144,14.0,0.38170431582393516,0.7444683397116764,1.0,0.0,0.0,1.0,1.0,0.0,98.0,8.0,0.0,9.0,0.0,43.125,0.6666659712791443,0.0,0.0,0.0,0.0,0.0,0.0,0.4229518745554916,0.3777305516984455,0.3310360009482846,0.32066978245899236,0.17509115950373105,0.3673728000361251,0.7118428331131958,0.7118371885618812,0.7118371885618812,1.0,1.0,1.0,1.0,1.0,1.0,1.0,1.0,1.0,0.0,1.0,1.0,1.0,0.0,0.0,1.0,1.0,1.0,1.0,1.0,1.0,0.0,0.0,0.0,1.0,1.0,1.0,1.0,0.0,1.0,0.0,1.0,1.0,1.0,1.0,0.0,0.0,0.0,1.0,1.0,1.0,1.0,0.0,0.0,1.0,1.0,0.0,1.0,1.0,1.0,0.0,0.0,0.0,1.0,1.0,1.0,1.0,0.0,0.0,1.0,1.0,0.0,1.0,1.0,1.0,0.0,0.0,0.0,0.0,0.0,0.0,0.0,0.0,0.0,0.0,0.0,0.0,0.0,0.0,0.0,1.0,1.0,1.0,1.0,1.0,1.0,1.0,1.0,1.0,1.0,1.0,1.0,1.0,1.0,1.0,1.0,1.0,1.0,1.0,0.0,0.0,0.0,0.0,0.0,0.0,0.0,0.0,0.0,0.0,0.0,0.0,1.0,1.0,0.0,0.0,0.0,0.0,0.0,0.0,1.0,1.0,1.0,1.0,1.0,0.0,0.0,0.0,0.0,0.0,0.0,0.0,1.0,1.0,0.0,0.0,0.0,0.0,1.0,0.0,0.0,0.0,0.0,0.0,0.0,0.0,0.0,1.0,1.0,1.0,1.0,1.0,1.0,1.0,1.0,1.0,1.0,1.0,0.0,0.0,0.0,0.0,0.0,0.0,0.0,0.0,0.0,0.0,0.0,0.0,0.0,0.0,0.0,0.0,1.0,0.0,0.0,0.0,0.0,1.0,1.0,0.0,0.0,0.0,0.0,0.0,0.0,0.0,0.0,0.0,1.0,1.0,1.0,1.0,1.0,1.0,1.0,1.0,1.0,1.0,1.0,1.0,1.0,1.0,1.0,1.0,1.0,0.0,0.0,0.0,0.0,0.0,0.0,0.0,0.0,0.0,0.0,0.0,0.0,0.0,0.0,0.0,0.0,1.0,1.0,0.0,0.0,0.0,0.0,0.0,0.0,1.0,1.0,0.0,0.0,0.0,0.0,0.0,0.0,0.0,0.0,0.0,1.0,0.0,0.0,0.0,0.0,0.0,0.0,0.0,0.0,0.0,0.0,0.0,0.0,0.0,0.0,0.0,0.0,0.0,0.0,0.0,0.0,0.0,0.0,0.0,0.0,0.0,0.0,0.0,0.0,-5.0,117605.5,0.0,0.0,0.0,0.0,0.0,0.0,100.0,0.7253474221334146,0.7640041318115623,0.8326446980729502,0.7313108905973065,0.7504402750025401,0.7338565832401982,0.733918673304659,0.7339327846829455,0.7313108905973065,0.7313108905973065,0.8373042751831656,0.7320841941274088,0.8372478296700195,0.8488360935189262,0.8371095381628114,0.7313108905973065,0.7313108905973065,0.7313108905973065,0.7313108905973065,0.7317172982919588,0.7688697350447613,0,3.0440461338325417,0,6
0.07953737257425407,1.1289102629232002e-05,0.07187207188900555,0.8830928754473307,0.6530604757227848,0.028900102730833925,0.7271960126889514,0.08114606969891963,0.8813487090911144,9.0,0.06546268387125907,0.04003115792325668,1.0,0.0,0.0,0.0,1.0,0.0,98.0,8.0,19.0,9.0,0.0,380.9583435058594,0.9583330154418944,10.0,26.0,0.0,0.0,0.0,42.0,0.5770283695149072,0.5770283695149072,0.5770283695149072,0.49442318330115936,0.60925311297005,0.3209435431977512,0.7118428331131958,0.7118371885618812,0.7118371885618812,1.0,1.0,1.0,1.0,1.0,1.0,1.0,1.0,1.0,0.0,1.0,1.0,1.0,0.0,0.0,1.0,1.0,1.0,1.0,1.0,1.0,0.0,0.0,0.0,0.0,1.0,1.0,1.0,0.0,1.0,0.0,1.0,1.0,1.0,1.0,0.0,0.0,0.0,1.0,1.0,1.0,1.0,0.0,0.0,1.0,1.0,0.0,1.0,1.0,1.0,0.0,0.0,0.0,0.0,1.0,1.0,1.0,0.0,0.0,1.0,1.0,0.0,1.0,1.0,1.0,0.0,0.0,0.0,2.0,2.0,2.0,0.0,0.0,0.0,0.0,0.0,0.0,0.0,0.0,0.0,1.0,1.0,1.0,1.0,1.0,1.0,1.0,1.0,1.0,1.0,1.0,1.0,1.0,1.0,1.0,1.0,1.0,1.0,1.0,300.0,300.0,300.0,0.0,0.0,0.0,0.0,0.0,0.0,0.0,0.0,0.0,3.0,3.0,0.0,0.0,0.0,0.0,0.0,0.0,1.0,1.0,1.0,1.0,1.0,0.0,0.0,0.0,0.0,2.0,2.0,0.0,3.0,3.0,0.0,0.0,0.0,0.0,1.0,0.0,0.0,0.0,0.0,0.0,0.0,0.0,0.0,1.0,1.0,1.0,1.0,1.0,1.0,1.0,1.0,1.0,1.0,1.0,300.0,300.0,0.0,0.0,0.0,0.0,0.0,0.0,0.0,0.0,0.0,0.0,2.0,2.0,2.0,0.0,3.0,0.0,0.0,0.0,0.0,1.0,1.0,0.0,0.0,0.0,0.0,0.0,0.0,0.0,0.0,0.0,1.0,1.0,1.0,1.0,1.0,1.0,1.0,1.0,1.0,1.0,1.0,1.0,1.0,1.0,1.0,1.0,1.0,300.0,300.0,300.0,0.0,0.0,0.0,0.0,0.0,0.0,0.0,0.0,0.0,0.0,2.0,2.0,0.0,3.0,3.0,0.0,0.0,0.0,0.0,0.0,0.0,1.0,1.0,0.0,0.0,0.0,0.0,0.0,0.0,0.0,1.0,1.0,1.0,300.0,300.0,300.0,0.0,0.0,0.0,0.0,0.0,0.0,0.0,0.0,0.0,0.0,0.0,2.0,2.0,2.0,0.0,0.0,0.0,0.0,0.0,0.0,300.0,300.0,0.0,0.0,0.0,-5.0,114887.0,0.0,0.0,0.0,0.0,0.0,0.0,100.0,0.03691254332193134,0.11191734119054876,0.027754258813966877,0.126260146080988,0.12278592474684187,0.16532326345378806,0.01709452365631456,0.023438999333942945,0.143569162687258,0.1403291902326684,0.028431604971720797,0.012482925232273286,0.10807622402095257,0.007735857576681229,0.12278874702249919,0.16282554949707048,0.25404432101692237,0.20965556947878214,0.11382519953488897,0.1654474435827096,0.09231381447488739,1,5.017279836814924,23,0
0.7115944728553527,0.0020263939219471445,0.004882536887142841,0.8830928754473307,0.31506192072792133,0.09485104029080728,0.7271960126889514,0.01041701945112383,0.8813487090911144,9.0,0.1693958072272835,0.7444683397116764,2.0,0.0,0.0,1.0,5.0,49.0,49.0,36.0,176.0,36.0,0.0,43.125,0.6666659712791443,176.0,26.0,0.0,0.0,0.0,176.0,0.5770283695149072,0.5770283695149072,0.5770283695149072,0.32066978245899236,0.17509115950373105,0.31168365676612364,0.7118428331131958,0.7118371885618812,0.7118371885618812,1.0,1.0,1.0,1.0,1.0,1.0,1.0,1.0,1.0,0.0,1.0,1.0,1.0,0.0,0.0,1.0,1.0,1.0,1.0,1.0,1.0,0.0,0.0,0.0,1.0,1.0,1.0,1.0,0.0,1.0,0.0,1.0,1.0,1.0,1.0,0.0,0.0,0.0,0.0,0.0,1.0,1.0,0.0,0.0,1.0,1.0,0.0,1.0,1.0,1.0,0.0,0.0,0.0,1.0,1.0,1.0,1.0,0.0,0.0,1.0,1.0,0.0,1.0,1.0,1.0,0.0,0.0,0.0,0.0,0.0,0.0,0.0,0.0,0.0,0.0,0.0,0.0,0.0,0.0,0.0,1.0,1.0,1.0,1.0,1.0,1.0,1.0,1.0,1.0,1.0,1.0,1.0,1.0,1.0,1.0,1.0,1.0,1.0,1.0,0.0,0.0,0.0,0.0,0.0,0.0,0.0,0.0,0.0,0.0,0.0,0.0,1.0,1.0,0.0,0.0,0.0,0.0,0.0,0.0,1.0,1.0,1.0,1.0,1.0,0.0,0.0,0.0,0.0,0.0,0.0,0.0,1.0,1.0,0.0,0.0,0.0,0.0,1.0,0.0,0.0,0.0,0.0,0.0,0.0,0.0,0.0,1.0,1.0,1.0,1.0,1.0,1.0,1.0,1.0,1.0,1.0,1.0,0.0,0.0,0.0,0.0,0.0,0.0,0.0,0.0,0.0,0.0,0.0,0.0,0.0,0.0,0.0,0.0,1.0,0.0,0.0,0.0,0.0,1.0,1.0,0.0,0.0,0.0,0.0,0.0,0.0,0.0,0.0,0.0,1.0,1.0,1.0,1.0,1.0,1.0,1.0,1.0,1.0,1.0,1.0,1.0,1.0,1.0,1.0,1.0,1.0,0.0,0.0,0.0,0.0,0.0,0.0,0.0,0.0,0.0,0.0,0.0,0.0,0.0,0.0,0.0,0.0,0.0,0.0,0.0,0.0,0.0,0.0,0.0,0.0,1.0,1.0,0.0,0.0,0.0,0.0,0.0,0.0,0.0,0.0,0.0,1.0,0.0,0.0,0.0,0.0,0.0,0.0,0.0,0.0,39.0,0.0,0.0,0.0,0.0,0.0,0.0,0.0,0.0,0.0,0.0,0.0,0.0,0.0,0.0,0.0,0.0,0.0,0.0,0.0,-5.0,117605.5,0.0,0.0,0.0,0.0,0.0,0.0,100.0,0.7253474221334146,0.7640041318115623,0.8326446980729502,0.7313108905973065,0.7504402750025401,0.7338565832401982,0.733918673304659,0.7339327846829455,0.7313108905973065,0.7313108905973065,0.8373042751831656,0.7320841941274088,0.8372478296700195,0.8488360935189262,0.8371095381628114,0.7313108905973065,0.7313108905973065,0.7313108905973065,0.7313108905973065,0.7317172982919588,0.7688697350447613,0,3.6888794541139363,20,0
0.7115944728553527,8.466826971924002e-06,0.07187207188900555,0.8830928754473307,0.6530604757227848,0.5046285320779851,0.7271960126889514,0.012813131484178323,0.8813487090911144,8.0,0.38170431582393516,0.7444683397116764,7.0,0.0,4.0,5.0,11.0,0.0,98.0,8.0,0.0,9.0,0.0,43.125,0.6666659712791443,0.0,0.0,0.0,0.0,0.0,0.0,0.4229518745554916,0.3777305516984455,0.3310360009482846,0.49442318330115936,0.60925311297005,0.31168365676612364,0.7118428331131958,0.7118371885618812,0.7118371885618812,1.0,1.0,1.0,1.0,1.0,1.0,1.0,1.0,1.0,1.0,1.0,1.0,1.0,0.0,0.0,1.0,1.0,1.0,1.0,1.0,1.0,0.0,1.0,0.0,1.0,1.0,1.0,1.0,0.0,1.0,0.0,1.0,1.0,1.0,1.0,1.0,0.0,0.0,1.0,1.0,1.0,1.0,0.0,0.0,1.0,1.0,0.0,1.0,1.0,1.0,0.0,1.0,0.0,1.0,1.0,1.0,1.0,0.0,0.0,1.0,1.0,0.0,1.0,1.0,1.0,0.0,1.0,0.0,0.0,0.0,0.0,0.0,0.0,0.0,0.0,0.0,0.0,0.0,0.0,0.0,1.0,1.0,1.0,1.0,1.0,1.0,1.0,1.0,1.0,1.0,1.0,1.0,1.0,1.0,1.0,1.0,1.0,1.0,1.0,0.0,0.0,0.0,0.0,0.0,0.0,0.0,0.0,0.0,0.0,0.0,0.0,1.0,1.0,0.0,0.0,0.0,0.0,0.0,0.0,1.0,1.0,1.0,1.0,1.0,0.0,0.0,0.0,0.0,0.0,0.0,0.0,1.0,1.0,0.0,0.0,0.0,0.0,1.0,0.0,0.0,0.0,0.0,0.0,0.0,0.0,0.0,1.0,1.0,1.0,1.0,1.0,1.0,1.0,1.0,1.0,1.0,1.0,0.0,0.0,0.0,0.0,0.0,0.0,0.0,0.0,0.0,0.0,0.0,0.0,0.0,0.0,0.0,0.0,1.0,0.0,0.0,0.0,0.0,1.0,1.0,0.0,0.0,0.0,0.0,0.0,0.0,0.0,0.0,0.0,1.0,1.0,1.0,1.0,1.0,1.0,1.0,1.0,1.0,1.0,1.0,1.0,1.0,1.0,1.0,1.0,1.0,0.0,0.0,0.0,0.0,0.0,0.0,0.0,0.0,0.0,0.0,0.0,0.0,0.0,0.0,0.0,0.0,1.0,1.0,0.0,0.0,0.0,0.0,0.0,0.0,1.0,1.0,0.0,0.0,0.0,0.0,0.0,0.0,0.0,0.0,0.0,1.0,0.0,0.0,0.0,0.0,0.0,0.0,0.0,0.0,0.0,0.0,0.0,0.0,0.0,0.0,0.0,0.0,0.0,0.0,0.0,0.0,0.0,0.0,0.0,0.0,0.0,0.0,0.0,0.0,-5.0,117605.5,0.0,0.0,0.0,0.0,0.0,0.0,100.0,0.7253474221334146,0.7640041318115623,0.8326446980729502,0.7313108905973065,0.7504402750025401,0.7338565832401982,0.733918673304659,0.7339327846829455,0.7313108905973065,0.7313108905973065,0.8373042751831656,0.7320841941274088,0.8372478296700195,0.8488360935189262,0.8371095381628114,0.7313108905973065,0.7313108905973065,0.7313108905973065,0.7313108905973065,0.7317172982919588,0.7688697350447613,0,3.2939832973550063,0,5
0.7115944728553527,0.007035933213668845,0.010309772976146126,0.8830928754473307,0.31506192072792133,0.041323760174303746,0.7271960126889514,0.07061615922150348,0.8813487090911144,9.0,0.0007563698761585442,0.7444683397116764,4.0,0.0,2.0,2.0,10.0,530.0,530.0,35.0,118.0,35.0,0.0,43.125,0.6666659712791443,530.0,26.0,0.0,0.0,0.0,530.0,0.5770283695149072,0.5770283695149072,0.5770283695149072,0.49442318330115936,0.60925311297005,0.31168365676612364,0.7118428331131958,0.7118371885618812,0.7118371885618812,1.0,1.0,1.0,1.0,1.0,1.0,1.0,1.0,1.0,0.0,0.0,0.0,1.0,0.0,0.0,1.0,1.0,1.0,1.0,1.0,1.0,0.0,1.0,0.0,0.0,0.0,1.0,1.0,0.0,1.0,0.0,1.0,1.0,1.0,1.0,1.0,0.0,0.0,0.0,0.0,1.0,1.0,0.0,0.0,1.0,1.0,0.0,1.0,1.0,1.0,0.0,1.0,0.0,0.0,0.0,1.0,1.0,0.0,0.0,1.0,1.0,0.0,1.0,1.0,1.0,0.0,1.0,0.0,0.0,0.0,0.0,0.0,0.0,0.0,0.0,0.0,0.0,0.0,0.0,0.0,1.0,1.0,1.0,1.0,1.0,1.0,1.0,1.0,1.0,1.0,1.0,1.0,1.0,1.0,1.0,1.0,1.0,1.0,1.0,0.0,0.0,0.0,0.0,0.0,0.0,0.0,0.0,0.0,0.0,0.0,0.0,1.0,1.0,0.0,0.0,0.0,0.0,0.0,0.0,1.0,1.0,1.0,1.0,1.0,0.0,0.0,0.0,0.0,0.0,0.0,0.0,1.0,1.0,0.0,0.0,0.0,0.0,1.0,0.0,0.0,0.0,0.0,0.0,0.0,0.0,0.0,1.0,1.0,1.0,1.0,1.0,1.0,1.0,1.0,1.0,1.0,1.0,0.0,0.0,0.0,0.0,0.0,0.0,0.0,0.0,0.0,0.0,0.0,0.0,0.0,0.0,0.0,0.0,1.0,0.0,0.0,0.0,0.0,1.0,1.0,0.0,0.0,0.0,0.0,0.0,0.0,0.0,0.0,0.0,1.0,1.0,1.0,1.0,1.0,1.0,1.0,1.0,1.0,1.0,1.0,1.0,1.0,1.0,1.0,1.0,1.0,0.0,0.0,0.0,0.0,0.0,0.0,0.0,0.0,0.0,0.0,0.0,0.0,0.0,0.0,0.0,0.0,0.0,0.0,0.0,0.0,0.0,0.0,0.0,0.0,1.0,1.0,0.0,0.0,0.0,0.0,0.0,0.0,0.0,0.0,0.0,1.0,0.0,0.0,0.0,0.0,0.0,0.0,0.0,0.0,0.0,0.0,0.0,0.0,0.0,0.0,0.0,0.0,0.0,0.0,0.0,0.0,0.0,0.0,0.0,0.0,0.0,0.0,0.0,0.0,-5.0,117605.5,0.0,0.0,0.0,0.0,0.0,0.0,100.0,0.7253474221334146,0.7640041318115623,0.8326446980729502,0.7313108905973065,0.7504402750025401,0.7338565832401982,0.733918673304659,0.7339327846829455,0.7313108905973065,0.7313108905973065,0.8373042751831656,0.7320841941274088,0.8372478296700195,0.8488360935189262,0.8371095381628114,0.7313108905973065,0.7313108905973065,0.7313108905973065,0.7313108905973065,0.7317172982919588,0.7688697350447613,0,5.351621138570348,11,6
0.7115944728553527,0.0004346304512254321,0.04200675088337228,0.8830928754473307,0.6530604757227848,0.5046285320779851,0.2703796525214211,0.08114606969891963,0.8813487090911144,9.0,0.1693958072272835,0.7444683397116764,1.0,0.0,1.0,0.0,3.0,69.0,69.0,35.0,69.0,35.0,0.0,43.125,0.6666659712791443,69.0,26.0,0.0,0.0,0.0,69.0,0.5770283695149072,0.5770283695149072,0.5770283695149072,0.49442318330115936,0.60925311297005,0.31168365676612364,0.7118428331131958,0.7118371885618812,0.7118371885618812,1.0,1.0,1.0,1.0,1.0,1.0,1.0,1.0,1.0,0.0,0.0,0.0,1.0,0.0,0.0,1.0,1.0,1.0,1.0,1.0,1.0,0.0,1.0,0.0,0.0,0.0,1.0,1.0,0.0,1.0,0.0,1.0,1.0,1.0,1.0,1.0,0.0,0.0,0.0,0.0,1.0,1.0,0.0,0.0,1.0,1.0,0.0,1.0,1.0,1.0,0.0,1.0,0.0,0.0,0.0,1.0,1.0,0.0,0.0,1.0,1.0,0.0,1.0,1.0,1.0,0.0,1.0,0.0,0.0,0.0,0.0,0.0,0.0,0.0,0.0,0.0,0.0,0.0,0.0,0.0,1.0,1.0,1.0,1.0,1.0,1.0,1.0,1.0,1.0,1.0,1.0,1.0,1.0,1.0,1.0,1.0,1.0,1.0,1.0,0.0,0.0,0.0,0.0,0.0,0.0,0.0,0.0,0.0,0.0,0.0,0.0,1.0,1.0,0.0,0.0,0.0,0.0,0.0,0.0,1.0,1.0,1.0,1.0,1.0,0.0,0.0,0.0,0.0,0.0,0.0,0.0,1.0,1.0,0.0,0.0,0.0,0.0,1.0,0.0,0.0,0.0,0.0,0.0,0.0,0.0,0.0,1.0,1.0,1.0,1.0,1.0,1.0,1.0,1.0,1.0,1.0,1.0,0.0,0.0,0.0,0.0,0.0,0.0,0.0,0.0,0.0,0.0,0.0,0.0,0.0,0.0,0.0,0.0,1.0,0.0,0.0,0.0,0.0,1.0,1.0,0.0,0.0,0.0,0.0,0.0,0.0,0.0,0.0,0.0,1.0,1.0,1.0,1.0,1.0,1.0,1.0,1.0,1.0,1.0,1.0,1.0,1.0,1.0,1.0,1.0,1.0,0.0,0.0,0.0,0.0,0.0,0.0,0.0,0.0,0.0,0.0,0.0,0.0,0.0,0.0,0.0,0.0,0.0,0.0,0.0,0.0,0.0,0.0,0.0,0.0,1.0,1.0,0.0,0.0,0.0,0.0,0.0,0.0,0.0,0.0,0.0,1.0,0.0,0.0,0.0,0.0,0.0,0.0,0.0,0.0,0.0,0.0,0.0,0.0,0.0,0.0,0.0,0.0,0.0,0.0,0.0,0.0,0.0,0.0,0.0,0.0,0.0,0.0,0.0,0.0,-5.0,117605.5,0.0,0.0,0.0,0.0,0.0,0.0,100.0,0.7253474221334146,0.7640041318115623,0.8326446980729502,0.7313108905973065,0.7504402750025401,0.7338565832401982,0.733918673304659,0.7339327846829455,0.7313108905973065,0.7313108905973065,0.8373042751831656,0.7320841941274088,0.8372478296700195,0.8488360935189262,0.8371095381628114,0.7313108905973065,0.7313108905973065,0.7313108905973065,0.7313108905973065,0.7317172982919588,0.7688697350447613,0,4.093510881473524,4,6
0.7115944728553527,0.0014986283740305484,0.06278434427247379,0.8830928754473307,0.6530604757227848,0.5046285320779851,0.7271960126889514,0.014266603447691944,0.8813487090911144,9.0,0.01023357153339881,0.7444683397116764,5.0,0.0,1.0,1.0,31.0,546.0,546.0,35.0,546.0,35.0,0.0,43.125,0.6666659712791443,62.0,26.0,0.0,0.0,0.0,249.0,0.5770283695149072,0.5770283695149072,0.5770283695149072,0.49442318330115936,0.60925311297005,0.3673728000361251,0.7118428331131958,0.7118371885618812,0.7118371885618812,1.0,1.0,1.0,1.0,1.0,1.0,1.0,1.0,1.0,0.0,0.0,0.0,1.0,0.0,0.0,1.0,1.0,1.0,1.0,1.0,1.0,0.0,1.0,0.0,1.0,1.0,1.0,1.0,0.0,1.0,0.0,1.0,1.0,1.0,1.0,1.0,0.0,0.0,1.0,1.0,1.0,1.0,0.0,0.0,1.0,1.0,0.0,1.0,1.0,1.0,0.0,1.0,0.0,1.0,1.0,1.0,1.0,0.0,0.0,1.0,1.0,0.0,1.0,1.0,1.0,0.0,1.0,0.0,0.0,0.0,0.0,0.0,0.0,0.0,0.0,0.0,0.0,0.0,0.0,0.0,1.0,1.0,1.0,1.0,1.0,1.0,1.0,1.0,1.0,1.0,1.0,1.0,1.0,1.0,1.0,1.0,1.0,1.0,1.0,0.0,0.0,0.0,0.0,0.0,0.0,0.0,0.0,0.0,0.0,0.0,0.0,1.0,1.0,0.0,0.0,0.0,0.0,0.0,0.0,1.0,1.0,1.0,1.0,1.0,0.0,0.0,0.0,0.0,0.0,0.0,0.0,1.0,1.0,0.0,0.0,0.0,0.0,1.0,0.0,0.0,0.0,0.0,0.0,0.0,0.0,0.0,1.0,1.0,1.0,1.0,1.0,1.0,1.0,1.0,1.0,1.0,1.0,0.0,0.0,0.0,0.0,0.0,0.0,0.0,0.0,0.0,0.0,0.0,0.0,0.0,0.0,0.0,0.0,1.0,0.0,0.0,0.0,0.0,1.0,1.0,0.0,0.0,0.0,0.0,0.0,0.0,0.0,0.0,0.0,1.0,1.0,1.0,1.0,1.0,1.0,1.0,1.0,1.0,1.0,1.0,1.0,1.0,1.0,1.0,1.0,1.0,0.0,0.0,0.0,0.0,0.0,0.0,0.0,0.0,0.0,0.0,0.0,0.0,0.0,0.0,0.0,0.0,0.0,0.0,0.0,0.0,0.0,0.0,0.0,0.0,1.0,1.0,0.0,0.0,0.0,0.0,0.0,0.0,0.0,0.0,0.0,1.0,0.0,0.0,0.0,0.0,0.0,0.0,0.0,0.0,0.0,0.0,0.0,0.0,0.0,0.0,0.0,0.0,0.0,0.0,0.0,0.0,0.0,0.0,0.0,0.0,0.0,0.0,0.0,0.0,-5.0,117605.5,0.0,0.0,0.0,0.0,0.0,0.0,100.0,0.7253474221334146,0.7640041318115623,0.8326446980729502,0.7313108905973065,0.7504402750025401,0.7338565832401982,0.733918673304659,0.7339327846829455,0.7313108905973065,0.7313108905973065,0.8373042751831656,0.7320841941274088,0.8372478296700195,0.8488360935189262,0.8371095381628114,0.7313108905973065,0.7313108905973065,0.7313108905973065,0.7313108905973065,0.7317172982919588,0.7688697350447613,0,5.351621138570348,19,6
0.7115944728553527,3.951185920231201e-05,0.07187207188900555,0.8830928754473307,0.6530604757227848,0.5046285320779851,0.7271960126889514,0.03876395615312539,0.8813487090911144,9.0,0.38170431582393516,0.7444683397116764,26.0,0.0,54.0,10.0,145.0,136.0,136.0,0.0,518.0,0.0,0.0,43.125,0.6666659712791443,352.0,26.0,0.0,0.0,0.0,518.0,0.5770283695149072,0.5770283695149072,0.5770283695149072,0.49442318330115936,0.60925311297005,0.31168365676612364,0.7118428331131958,0.7118371885618812,0.7118371885618812,1.0,1.0,1.0,1.0,1.0,1.0,1.0,1.0,1.0,0.0,1.0,1.0,1.0,0.0,0.0,1.0,1.0,1.0,1.0,1.0,1.0,0.0,2.0,0.0,0.0,0.0,1.0,1.0,0.0,1.0,0.0,1.0,1.0,1.0,1.0,1.0,0.0,0.0,0.0,1.0,1.0,1.0,0.0,0.0,1.0,1.0,0.0,1.0,1.0,1.0,0.0,0.0,0.0,0.0,0.0,1.0,1.0,0.0,0.0,1.0,1.0,0.0,1.0,1.0,1.0,0.0,1.0,0.0,0.0,0.0,0.0,0.0,0.0,0.0,0.0,0.0,0.0,0.0,0.0,0.0,1.0,1.0,1.0,1.0,1.0,1.0,1.0,1.0,1.0,1.0,1.0,1.0,1.0,1.0,1.0,1.0,1.0,1.0,1.0,0.0,0.0,0.0,0.0,0.0,0.0,0.0,0.0,0.0,0.0,0.0,0.0,1.0,1.0,0.0,0.0,0.0,0.0,0.0,0.0,1.0,1.0,1.0,1.0,1.0,0.0,0.0,0.0,0.0,0.0,0.0,0.0,1.0,1.0,0.0,0.0,0.0,0.0,1.0,0.0,0.0,0.0,0.0,0.0,0.0,0.0,0.0,1.0,1.0,1.0,1.0,1.0,1.0,1.0,1.0,1.0,1.0,1.0,0.0,0.0,0.0,0.0,0.0,0.0,0.0,0.0,0.0,0.0,0.0,0.0,0.0,0.0,0.0,0.0,1.0,0.0,0.0,0.0,0.0,1.0,1.0,0.0,0.0,0.0,0.0,0.0,0.0,0.0,0.0,0.0,1.0,1.0,1.0,1.0,1.0,1.0,1.0,1.0,1.0,1.0,1.0,1.0,1.0,1.0,1.0,1.0,1.0,0.0,0.0,0.0,0.0,0.0,0.0,0.0,0.0,0.0,0.0,0.0,0.0,0.0,1.0,1.0,0.0,0.0,0.0,1.0,2.0,1.0,1.0,0.0,0.0,2.0,3.0,0.0,0.0,0.0,0.0,0.0,0.0,0.0,0.0,0.0,1.0,82.94999694824219,165.89999389648438,82.94999694824219,82.94999694824219,165.89999389648438,82.94999694824219,82.94999694824219,0.0,0.0,0.0,0.0,0.0,0.0,0.0,0.0,0.0,0.0,0.0,0.0,0.0,0.0,0.0,0.0,0.0,0.0,0.0,0.0,0.0,-5.0,117605.5,0.0,0.0,0.0,0.0,0.0,0.0,100.0,0.7253474221334146,0.7640041318115623,0.8326446980729502,0.7313108905973065,0.7504402750025401,0.7338565832401982,0.733918673304659,0.7339327846829455,0.7313108905973065,0.7313108905973065,0.8373042751831656,0.7320841941274088,0.8372478296700195,0.8488360935189262,0.8371095381628114,0.7313108905973065,0.7313108905973065,0.7313108905973065,0.7313108905973065,0.7317172982919588,0.7688697350447613,0,4.690889061390629,15,0
0.7115944728553527,0.00018627019338232804,0.0015099174766597804,0.8830928754473307,0.6530604757227848,0.5046285320779851,0.7271960126889514,0.024782402546821552,0.8813487090911144,9.0,0.15974080220363282,0.7444683397116764,3.0,0.0,2.0,2.0,16.0,89.0,89.0,8.0,19.0,9.0,0.0,43.125,0.6666659712791443,89.0,26.0,0.0,0.0,0.0,89.0,0.5770283695149072,0.5770283695149072,0.5770283695149072,0.49442318330115936,0.60925311297005,0.3673728000361251,0.7118428331131958,0.7118371885618812,0.7118371885618812,1.0,1.0,1.0,1.0,1.0,1.0,1.0,1.0,1.0,0.0,0.0,0.0,1.0,0.0,0.0,0.0,0.0,1.0,1.0,1.0,1.0,0.0,1.0,0.0,0.0,1.0,1.0,1.0,0.0,1.0,0.0,1.0,1.0,1.0,1.0,0.0,0.0,0.0,0.0,0.0,1.0,1.0,0.0,0.0,0.0,0.0,0.0,1.0,1.0,1.0,0.0,1.0,0.0,0.0,0.0,1.0,1.0,0.0,0.0,0.0,0.0,0.0,1.0,1.0,1.0,0.0,1.0,0.0,0.0,2.0,0.0,0.0,2.0,0.0,0.0,0.0,0.0,0.0,0.0,0.0,1.0,1.0,1.0,1.0,1.0,1.0,1.0,1.0,1.0,1.0,1.0,1.0,1.0,1.0,1.0,1.0,1.0,1.0,1.0,0.0,115.9000015258789,0.0,0.0,115.9000015258789,0.0,0.0,0.0,0.0,0.0,0.0,0.0,1.0,1.0,0.0,0.0,0.0,0.0,0.0,0.0,1.0,1.0,1.0,1.0,1.0,0.0,0.0,0.0,0.0,0.0,0.0,0.0,1.0,1.0,0.0,0.0,0.0,0.0,1.0,0.0,0.0,0.0,0.0,0.0,0.0,0.0,0.0,1.0,1.0,1.0,1.0,1.0,1.0,1.0,1.0,1.0,1.0,1.0,0.0,0.0,0.0,0.0,0.0,0.0,0.0,0.0,0.0,0.0,0.0,0.0,0.0,0.0,0.0,0.0,1.0,0.0,0.0,0.0,0.0,1.0,1.0,0.0,0.0,0.0,0.0,0.0,0.0,0.0,0.0,0.0,1.0,1.0,1.0,1.0,1.0,1.0,1.0,1.0,1.0,1.0,1.0,1.0,1.0,1.0,1.0,1.0,1.0,0.0,0.0,0.0,0.0,0.0,0.0,0.0,0.0,0.0,0.0,0.0,0.0,0.0,0.0,0.0,0.0,0.0,0.0,0.0,2.0,0.0,0.0,0.0,0.0,1.0,1.0,0.0,0.0,0.0,0.0,0.0,0.0,0.0,0.0,0.0,1.0,0.0,115.9000015258789,0.0,0.0,115.9000015258789,0.0,0.0,0.0,0.0,0.0,0.0,0.0,0.0,0.0,0.0,0.0,0.0,0.0,0.0,0.0,0.0,0.0,0.0,0.0,0.0,0.0,0.0,0.0,-5.0,117605.5,0.0,0.0,0.0,0.0,0.0,0.0,100.0,0.7253474221334146,0.7640041318115623,0.8326446980729502,0.7313108905973065,0.7504402750025401,0.7338565832401982,0.733918673304659,0.7339327846829455,0.7313108905973065,0.7313108905973065,0.8373042751831656,0.7320841941274088,0.8372478296700195,0.8488360935189262,0.8371095381628114,0.7313108905973065,0.7313108905973065,0.7313108905973065,0.7313108905973065,0.7317172982919588,0.7688697350447613,0,4.07668962698338,22,6
0.11594190627786997,0.007380250843860421,0.007100845553786929,0.09515866833745386,0.6530604757227848,0.03314480531942516,0.7271960126889514,0.10986272451202854,0.10986272451202854,9.0,0.38170431582393516,0.10529628249850419,1.0,0.0,0.0,0.0,1.0,0.0,98.0,8.0,0.0,9.0,0.0,43.125,0.6666659712791443,0.0,26.0,0.0,0.0,0.0,0.0,0.5770283695149072,0.5770283695149072,0.5770283695149072,0.09955577381153972,0.60925311297005,0.3209435431977512,0.7118428331131958,0.7118371885618812,0.7118371885618812,1.0,1.0,1.0,1.0,1.0,1.0,1.0,1.0,1.0,0.0,0.0,0.0,1.0,1.0,1.0,1.0,1.0,1.0,1.0,1.0,1.0,0.0,0.0,1.0,0.0,0.0,1.0,1.0,1.0,1.0,1.0,1.0,1.0,1.0,1.0,0.0,1.0,1.0,0.0,0.0,1.0,1.0,1.0,1.0,1.0,1.0,1.0,1.0,1.0,1.0,0.0,0.0,1.0,0.0,0.0,1.0,1.0,1.0,1.0,1.0,1.0,1.0,1.0,1.0,1.0,0.0,0.0,1.0,0.0,0.0,0.0,0.0,0.0,0.0,0.0,0.0,0.0,0.0,0.0,0.0,1.0,1.0,1.0,1.0,1.0,1.0,1.0,1.0,1.0,1.0,1.0,1.0,1.0,1.0,1.0,1.0,1.0,1.0,1.0,0.0,0.0,0.0,0.0,0.0,0.0,0.0,0.0,0.0,0.0,0.0,0.0,1.0,1.0,0.0,0.0,0.0,0.0,0.0,0.0,1.0,1.0,1.0,1.0,1.0,0.0,0.0,0.0,0.0,0.0,0.0,0.0,1.0,1.0,0.0,0.0,0.0,0.0,1.0,0.0,0.0,0.0,0.0,0.0,0.0,0.0,0.0,1.0,1.0,1.0,1.0,1.0,1.0,1.0,1.0,1.0,1.0,1.0,0.0,0.0,0.0,0.0,0.0,0.0,0.0,0.0,0.0,0.0,0.0,0.0,0.0,0.0,0.0,0.0,0.0,0.0,0.0,0.0,0.0,1.0,1.0,0.0,0.0,0.0,1.0,0.0,0.0,0.0,0.0,0.0,1.0,1.0,1.0,1.0,0.0,1.0,1.0,1.0,0.0,1.0,0.0,1.0,1.0,0.0,1.0,1.0,1.0,0.0,0.0,0.0,0.0,0.0,0.0,0.0,0.0,0.0,0.0,0.0,0.0,0.0,0.0,0.0,0.0,1.0,1.0,0.0,0.0,0.0,0.0,0.0,0.0,1.0,1.0,0.0,0.0,0.0,0.0,0.0,0.0,0.0,1.0,1.0,1.0,0.0,0.0,0.0,0.0,0.0,0.0,0.0,0.0,0.0,0.0,0.0,0.0,0.0,0.0,0.0,0.0,0.0,0.0,0.0,0.0,0.0,0.0,0.0,0.0,0.0,0.0,0.0,0.0,-20.0,135791.0,0.0,0.0,29.0,-100.0,0.0,0.0,100.0,0.23774003454465403,0.07440929770492544,0.8326446980729502,0.019129384405233627,0.7504402750025401,0.09363463948250754,0.006618236416387261,0.045991804111491175,0.12511994671543558,0.12835991917002518,0.8373042751831656,0.031126878224449938,0.8372478296700195,0.8488360935189262,0.8371095381628114,0.1058635599056231,0.25404432101692237,0.05903353992391145,0.1548639098678046,0.10283525812533162,0.7688697350447613,1,3.4662357778413777,2,1
0.11594190627786997,0.004741423104277441,0.013939219471444214,0.09515866833745386,0.31506192072792133,0.13522933811991286,0.7271960126889514,0.0012813131484178323,0.0061469163816168255,9.0,0.38170431582393516,0.10529628249850419,2.0,0.0,0.0,0.0,2.0,43.0,43.0,0.0,42.0,0.0,42.0,49.125,0.125,0.0,26.0,42.0,49.0,0.0,42.0,0.5770283695149072,0.5770283695149072,0.5770283695149072,0.09955577381153972,0.60925311297005,0.3209435431977512,0.7118428331131958,0.7118371885618812,0.7118371885618812,1.0,1.0,1.0,1.0,1.0,1.0,1.0,1.0,1.0,0.0,0.0,0.0,1.0,1.0,1.0,1.0,1.0,1.0,1.0,1.0,1.0,0.0,0.0,1.0,0.0,0.0,1.0,1.0,1.0,1.0,1.0,1.0,1.0,1.0,1.0,0.0,1.0,1.0,0.0,0.0,1.0,1.0,1.0,1.0,1.0,1.0,1.0,1.0,1.0,1.0,0.0,0.0,1.0,0.0,0.0,1.0,1.0,1.0,1.0,1.0,1.0,1.0,1.0,1.0,1.0,0.0,0.0,1.0,1.0,1.0,1.0,0.0,0.0,0.0,1.0,1.0,1.0,0.0,0.0,0.0,1.0,1.0,1.0,1.0,1.0,1.0,1.0,1.0,1.0,1.0,1.0,1.0,1.0,1.0,1.0,1.0,1.0,1.0,1.0,22.47620010375977,22.47620010375977,22.47620010375977,0.0,0.0,0.0,22.47620010375977,22.47620010375977,22.47620010375977,0.0,0.0,0.0,1.0,1.0,0.0,0.0,0.0,0.0,0.0,0.0,1.0,1.0,1.0,1.0,1.0,0.0,0.0,0.0,0.0,1.0,1.0,0.0,0.0,0.0,0.0,0.0,0.0,0.0,1.0,1.0,3.0,1.0,0.0,0.0,0.0,0.0,0.0,1.0,0.0,0.0,1.0,1.0,0.0,0.0,0.0,0.0,0.0,0.0,22.47620010375977,22.47620010375977,0.0,0.0,0.0,0.0,0.0,22.47620010375977,22.47620010375977,0.0,0.0,0.0,1.0,1.0,1.0,0.0,2.0,0.0,0.0,0.0,0.0,1.0,1.0,1.0,1.0,1.0,0.0,0.0,0.0,0.0,0.0,0.0,1.0,1.0,1.0,1.0,1.0,1.0,1.0,1.0,1.0,1.0,1.0,1.0,1.0,1.0,1.0,1.0,1.0,22.47620010375977,22.47620010375977,22.47620010375977,0.0,0.0,0.0,0.0,0.0,22.47620010375977,22.47620010375977,22.47620010375977,0.0,0.0,1.0,1.0,0.0,1.0,1.0,0.0,0.0,0.0,0.0,1.0,1.0,1.0,2.0,1.0,0.0,0.0,0.0,0.0,0.0,0.0,1.0,1.0,1.0,22.47620010375977,54.01599884033203,22.47620010375977,0.0,0.0,0.0,0.0,60.3119010925293,60.3119010925293,60.3119010925293,22.47620010375977,22.47620010375977,0.0,0.0,0.0,0.0,0.0,0.0,0.0,0.0,0.0,0.0,0.0,0.0,0.0,0.0,0.0,0.0,-5.0,121186.0,0.0,0.0,0.0,0.0,0.0,0.0,100.0,0.23774003454465403,0.11191734119054876,0.8326446980729502,0.126260146080988,0.12278592474684187,0.09363463948250754,0.005331278716654813,0.045991804111491175,0.143569162687258,0.1403291902326684,0.8373042751831656,0.019956311172824873,0.8372478296700195,0.8488360935189262,0.8371095381628114,0.1058635599056231,0.25404432101692237,0.20965556947878214,0.1548639098678046,0.1654474435827096,0.7688697350447613,1,3.155978622696088,3,6
0.07510639979228051,0.0026557613935268287,0.07636513473543988,0.8830928754473307,0.31506192072792133,0.13522933811991286,0.7271960126889514,0.06695566769397501,0.8813487090911144,9.0,0.005308700511396349,0.0012389790135582124,1.0,0.0,0.0,0.0,1.0,0.0,98.0,8.0,19.0,9.0,0.0,43.125,0.6666659712791443,10.0,26.0,0.0,0.0,0.0,42.0,0.5770283695149072,0.5770283695149072,0.5770283695149072,0.49442318330115936,0.60925311297005,0.3209435431977512,0.7118428331131958,0.7118371885618812,0.7118371885618812,1.0,1.0,1.0,1.0,1.0,1.0,1.0,1.0,1.0,0.0,1.0,1.0,1.0,0.0,0.0,1.0,1.0,1.0,1.0,1.0,1.0,0.0,0.0,0.0,0.0,1.0,1.0,1.0,0.0,1.0,0.0,1.0,1.0,1.0,1.0,0.0,0.0,0.0,1.0,1.0,1.0,1.0,0.0,0.0,1.0,1.0,0.0,1.0,1.0,1.0,0.0,0.0,0.0,0.0,1.0,1.0,1.0,0.0,0.0,1.0,1.0,0.0,1.0,1.0,1.0,0.0,0.0,0.0,0.0,0.0,0.0,0.0,0.0,0.0,0.0,0.0,0.0,0.0,0.0,0.0,1.0,1.0,1.0,1.0,1.0,1.0,1.0,1.0,1.0,1.0,1.0,1.0,1.0,1.0,1.0,1.0,1.0,1.0,1.0,0.0,0.0,0.0,0.0,0.0,0.0,0.0,0.0,0.0,0.0,0.0,0.0,1.0,1.0,0.0,0.0,0.0,0.0,0.0,0.0,1.0,1.0,1.0,1.0,1.0,0.0,0.0,0.0,0.0,0.0,0.0,0.0,1.0,1.0,0.0,0.0,0.0,0.0,1.0,0.0,0.0,0.0,0.0,0.0,0.0,0.0,0.0,1.0,1.0,1.0,1.0,1.0,1.0,1.0,1.0,1.0,1.0,1.0,0.0,0.0,0.0,0.0,0.0,0.0,0.0,0.0,0.0,0.0,0.0,0.0,0.0,0.0,0.0,0.0,1.0,0.0,0.0,0.0,0.0,1.0,1.0,0.0,0.0,0.0,0.0,0.0,0.0,0.0,0.0,0.0,1.0,1.0,1.0,1.0,1.0,1.0,1.0,1.0,1.0,1.0,1.0,1.0,1.0,1.0,1.0,1.0,1.0,0.0,0.0,0.0,0.0,0.0,0.0,0.0,0.0,0.0,0.0,0.0,0.0,0.0,0.0,0.0,0.0,1.0,1.0,0.0,0.0,0.0,0.0,0.0,0.0,1.0,1.0,0.0,0.0,0.0,0.0,0.0,0.0,0.0,1.0,1.0,1.0,0.0,0.0,0.0,0.0,0.0,0.0,0.0,0.0,0.0,0.0,0.0,0.0,0.0,0.0,0.0,0.0,0.0,0.0,0.0,0.0,0.0,0.0,0.0,0.0,0.0,0.0,0.0,0.0,-5.0,45118.0,0.0,0.0,0.0,0.0,0.0,0.0,100.0,0.23774003454465403,0.07440929770492544,0.03607150517605356,0.12329957891647193,0.12677380025061807,0.16532326345378806,0.00027940529007349207,0.012288188211919035,0.12511994671543558,0.12835991917002518,0.005308700511396349,0.01875966629412628,0.10807622402095257,0.004371704993170093,0.12278874702249919,0.16282554949707048,0.25404432101692237,0.05903353992391145,0.1548639098678046,0.1654474435827096,0.026868064257572166,1,3.258096538021482,23,4
0.7115944728553527,0.00027658301441618407,0.00027940529007349207,0.8830928754473307,0.31506192072792133,0.13522933811991286,0.7271960126889514,0.07170273534956706,0.8813487090911144,0.0,0.15974080220363282,0.7444683397116764,1.0,0.0,0.0,1.0,7.0,56.0,56.0,0.0,19.0,9.0,0.0,43.125,0.6666659712791443,57.0,57.0,0.0,0.0,0.0,57.0,0.4229518745554916,0.3777305516984455,0.3310360009482846,0.32066978245899236,0.21565572752621895,0.31168365676612364,0.038907892211648094,0.10557004323726307,0.2421710073266276,1.0,1.0,1.0,0.0,0.0,1.0,1.0,1.0,1.0,0.0,1.0,1.0,1.0,0.0,0.0,0.0,0.0,1.0,1.0,1.0,1.0,0.0,0.0,0.0,0.0,1.0,1.0,1.0,0.0,1.0,0.0,1.0,1.0,1.0,1.0,0.0,0.0,0.0,1.0,1.0,1.0,1.0,0.0,0.0,0.0,0.0,0.0,1.0,1.0,1.0,0.0,0.0,0.0,1.0,1.0,1.0,1.0,0.0,0.0,0.0,0.0,0.0,1.0,1.0,1.0,0.0,0.0,0.0,1.0,3.0,1.0,1.0,3.0,1.0,0.0,0.0,0.0,0.0,0.0,0.0,1.0,1.0,1.0,1.0,1.0,1.0,1.0,1.0,1.0,1.0,1.0,1.0,1.0,1.0,1.0,1.0,1.0,1.0,1.0,226.0,569.0,226.0,226.0,569.0,226.0,0.0,0.0,0.0,0.0,0.0,0.0,1.0,1.0,0.0,0.0,0.0,0.0,0.0,0.0,1.0,1.0,1.0,1.0,1.0,0.0,0.0,0.0,0.0,0.0,0.0,0.0,1.0,1.0,0.0,0.0,0.0,0.0,1.0,0.0,0.0,0.0,0.0,0.0,0.0,0.0,0.0,1.0,1.0,1.0,1.0,1.0,1.0,1.0,1.0,1.0,1.0,1.0,0.0,0.0,0.0,0.0,0.0,0.0,0.0,0.0,0.0,0.0,0.0,0.0,0.0,0.0,0.0,0.0,1.0,0.0,0.0,0.0,0.0,1.0,1.0,0.0,0.0,0.0,0.0,0.0,0.0,0.0,0.0,0.0,1.0,1.0,1.0,1.0,1.0,1.0,1.0,1.0,1.0,1.0,1.0,1.0,1.0,1.0,1.0,1.0,1.0,0.0,0.0,0.0,0.0,0.0,0.0,0.0,0.0,0.0,0.0,0.0,0.0,0.0,1.0,1.0,0.0,0.0,0.0,1.0,3.0,1.0,1.0,0.0,0.0,1.0,1.0,0.0,0.0,0.0,0.0,0.0,0.0,0.0,0.0,0.0,1.0,226.0,569.0,226.0,226.0,569.0,226.0,226.0,0.0,226.0,0.0,0.0,0.0,0.0,0.0,0.0,0.0,0.0,0.0,0.0,0.0,0.0,0.0,0.0,0.0,0.0,0.0,0.0,0.0,-5.0,117605.5,0.0,0.0,0.0,0.0,0.0,0.0,100.0,0.7253474221334146,0.7640041318115623,0.8326446980729502,0.7313108905973065,0.7504402750025401,0.7338565832401982,0.733918673304659,0.7339327846829455,0.7313108905973065,0.7313108905973065,0.8373042751831656,0.7320841941274088,0.8372478296700195,0.8488360935189262,0.8371095381628114,0.7313108905973065,0.7313108905973065,0.7313108905973065,0.7313108905973065,0.7317172982919588,0.7688697350447613,0,5.365976015021851,20,6
0.7115944728553527,4.797868617423601e-05,0.0023989343087118006,0.8830928754473307,0.6530604757227848,0.5046285320779851,0.2703796525214211,0.07170273534956706,0.8813487090911144,0.0,0.15974080220363282,0.7444683397116764,3.0,0.0,0.0,1.0,12.0,192.0,192.0,33.0,19.0,9.0,0.0,43.125,0.6666659712791443,61.0,228.0,0.0,0.0,0.0,249.0,0.4229518745554916,0.3777305516984455,0.3310360009482846,0.32066978245899236,0.21565572752621895,0.31168365676612364,0.038907892211648094,0.10557004323726307,0.2421710073266276,1.0,1.0,1.0,1.0,1.0,1.0,1.0,1.0,1.0,0.0,1.0,1.0,1.0,0.0,0.0,0.0,0.0,1.0,1.0,1.0,1.0,0.0,0.0,0.0,0.0,1.0,1.0,1.0,0.0,1.0,0.0,1.0,1.0,1.0,1.0,0.0,0.0,0.0,1.0,1.0,1.0,1.0,0.0,0.0,1.0,1.0,0.0,1.0,1.0,1.0,0.0,0.0,0.0,0.0,0.0,1.0,1.0,0.0,0.0,0.0,0.0,0.0,1.0,1.0,1.0,0.0,0.0,0.0,0.0,0.0,0.0,0.0,0.0,0.0,0.0,0.0,0.0,0.0,0.0,0.0,1.0,1.0,1.0,1.0,1.0,1.0,1.0,1.0,1.0,1.0,1.0,1.0,1.0,1.0,1.0,1.0,1.0,1.0,1.0,0.0,0.0,0.0,0.0,0.0,0.0,0.0,0.0,0.0,0.0,0.0,0.0,1.0,1.0,0.0,0.0,0.0,0.0,0.0,0.0,1.0,1.0,1.0,1.0,1.0,0.0,0.0,0.0,0.0,0.0,0.0,0.0,1.0,1.0,0.0,0.0,0.0,0.0,1.0,0.0,0.0,0.0,0.0,0.0,0.0,0.0,0.0,1.0,1.0,1.0,1.0,1.0,1.0,1.0,1.0,1.0,1.0,1.0,0.0,0.0,0.0,0.0,0.0,0.0,0.0,0.0,0.0,0.0,0.0,0.0,0.0,0.0,0.0,0.0,1.0,0.0,0.0,0.0,0.0,1.0,1.0,0.0,0.0,0.0,0.0,0.0,0.0,0.0,0.0,0.0,1.0,1.0,1.0,1.0,1.0,1.0,1.0,1.0,1.0,1.0,1.0,1.0,1.0,1.0,1.0,1.0,1.0,0.0,0.0,0.0,0.0,0.0,0.0,0.0,0.0,0.0,0.0,0.0,0.0,0.0,0.0,0.0,0.0,0.0,0.0,0.0,0.0,0.0,0.0,0.0,0.0,1.0,1.0,0.0,0.0,0.0,0.0,0.0,0.0,0.0,0.0,0.0,1.0,0.0,0.0,0.0,0.0,0.0,0.0,0.0,0.0,0.0,0.0,0.0,0.0,0.0,0.0,0.0,0.0,0.0,0.0,0.0,0.0,0.0,0.0,0.0,0.0,0.0,0.0,0.0,0.0,-5.0,117605.5,0.0,0.0,0.0,0.0,0.0,0.0,100.0,0.7253474221334146,0.7640041318115623,0.8326446980729502,0.7313108905973065,0.7504402750025401,0.7338565832401982,0.733918673304659,0.7339327846829455,0.7313108905973065,0.7313108905973065,0.8373042751831656,0.7320841941274088,0.8372478296700195,0.8488360935189262,0.8371095381628114,0.7313108905973065,0.7313108905973065,0.7313108905973065,0.7313108905973065,0.7317172982919588,0.7688697350447613,0,5.420534999272286,14,0
0.7115944728553527,0.006756527923595353,0.01299940167756065,0.8830928754473307,0.6530604757227848,0.5046285320779851,0.7271960126889514,0.026128628035357468,0.8813487090911144,2.0,0.15974080220363282,0.7444683397116764,3.0,0.0,2.0,3.0,52.0,410.0,410.0,0.0,19.0,9.0,0.0,43.125,0.6666659712791443,70.0,410.0,0.0,0.0,0.0,410.0,0.4229518745554916,0.3777305516984455,0.3310360009482846,0.32066978245899236,0.21565572752621895,0.3209435431977512,0.24924927467515606,0.10557004323726307,0.2421710073266276,1.0,1.0,1.0,1.0,1.0,1.0,1.0,1.0,1.0,0.0,1.0,1.0,1.0,0.0,0.0,1.0,1.0,1.0,1.0,1.0,1.0,0.0,0.0,0.0,0.0,1.0,1.0,1.0,0.0,1.0,0.0,1.0,1.0,1.0,1.0,0.0,0.0,0.0,1.0,1.0,1.0,1.0,0.0,0.0,1.0,1.0,0.0,1.0,1.0,1.0,0.0,0.0,0.0,1.0,1.0,1.0,1.0,0.0,0.0,1.0,1.0,0.0,1.0,1.0,1.0,0.0,0.0,0.0,1.0,5.0,1.0,0.0,4.0,0.0,0.0,0.0,0.0,1.0,1.0,1.0,1.0,1.0,1.0,1.0,1.0,1.0,1.0,1.0,1.0,1.0,1.0,1.0,1.0,1.0,1.0,1.0,1.0,1.0,1.0,29.0,185.0,29.0,0.0,156.0,0.0,0.0,0.0,0.0,29.0,29.0,0.0,1.0,1.0,0.0,0.0,0.0,0.0,0.0,0.0,1.0,1.0,1.0,1.0,1.0,0.0,0.0,0.0,0.0,0.0,0.0,0.0,1.0,1.0,0.0,0.0,0.0,0.0,1.0,0.0,0.0,0.0,0.0,0.0,0.0,0.0,0.0,1.0,1.0,1.0,1.0,1.0,1.0,1.0,1.0,1.0,1.0,1.0,0.0,0.0,0.0,0.0,0.0,0.0,0.0,0.0,0.0,0.0,0.0,0.0,0.0,0.0,0.0,0.0,1.0,0.0,0.0,0.0,0.0,1.0,1.0,0.0,0.0,0.0,0.0,0.0,0.0,0.0,0.0,0.0,1.0,1.0,1.0,1.0,1.0,1.0,1.0,1.0,1.0,1.0,1.0,1.0,1.0,1.0,1.0,1.0,1.0,0.0,0.0,0.0,0.0,0.0,0.0,0.0,0.0,0.0,0.0,0.0,0.0,0.0,1.0,1.0,0.0,0.0,0.0,0.0,4.0,0.0,0.0,0.0,0.0,1.0,1.0,0.0,1.0,1.0,1.0,1.0,0.0,0.0,0.0,0.0,1.0,29.0,185.0,29.0,0.0,156.0,0.0,0.0,0.0,0.0,0.0,0.0,0.0,29.0,29.0,0.0,0.0,0.0,0.0,0.0,0.0,0.0,0.0,0.0,0.0,0.0,0.0,0.0,0.0,-5.0,117605.5,0.0,0.0,0.0,0.0,0.0,0.0,100.0,0.7253474221334146,0.7640041318115623,0.8326446980729502,0.7313108905973065,0.7504402750025401,0.7338565832401982,0.733918673304659,0.7339327846829455,0.7313108905973065,0.7313108905973065,0.8373042751831656,0.7320841941274088,0.8372478296700195,0.8488360935189262,0.8371095381628114,0.7313108905973065,0.7313108905973065,0.7313108905973065,0.7313108905973065,0.7317172982919588,0.7688697350447613,0,3.4011973816621555,21,5
0.7115944728553527,0.0033782639617976765,0.015364468678384756,0.8830928754473307,0.6530604757227848,0.5046285320779851,0.7271960126889514,0.01665424865377451,0.8813487090911144,7.0,0.38170431582393516,0.7444683397116764,2.0,0.0,1.0,2.0,4.0,137.0,137.0,65.0,137.0,65.0,0.0,43.125,0.6666659712791443,137.0,65.0,0.0,0.0,0.0,137.0,0.4229518745554916,0.3777305516984455,0.3310360009482846,0.49442318330115936,0.60925311297005,0.31168365676612364,0.24924927467515606,0.10557004323726307,0.2421710073266276,1.0,1.0,1.0,1.0,1.0,1.0,1.0,1.0,1.0,1.0,1.0,1.0,1.0,0.0,0.0,1.0,1.0,1.0,1.0,1.0,1.0,0.0,1.0,0.0,1.0,1.0,1.0,1.0,0.0,1.0,0.0,1.0,1.0,1.0,1.0,1.0,0.0,0.0,1.0,1.0,1.0,1.0,0.0,0.0,1.0,1.0,0.0,1.0,1.0,1.0,0.0,1.0,0.0,1.0,1.0,1.0,1.0,0.0,0.0,1.0,1.0,0.0,1.0,1.0,1.0,0.0,1.0,0.0,0.0,0.0,0.0,0.0,0.0,0.0,0.0,0.0,0.0,0.0,0.0,0.0,1.0,1.0,1.0,1.0,1.0,1.0,1.0,1.0,1.0,1.0,1.0,1.0,1.0,1.0,1.0,1.0,1.0,1.0,1.0,0.0,0.0,0.0,0.0,0.0,0.0,0.0,0.0,0.0,0.0,0.0,0.0,1.0,1.0,0.0,0.0,0.0,0.0,0.0,0.0,1.0,1.0,1.0,1.0,1.0,0.0,0.0,0.0,0.0,0.0,0.0,0.0,1.0,1.0,0.0,0.0,0.0,0.0,1.0,0.0,0.0,0.0,0.0,0.0,0.0,0.0,0.0,1.0,1.0,1.0,1.0,1.0,1.0,1.0,1.0,1.0,1.0,1.0,0.0,0.0,0.0,0.0,0.0,0.0,0.0,0.0,0.0,0.0,0.0,0.0,0.0,0.0,0.0,0.0,1.0,0.0,0.0,0.0,0.0,1.0,1.0,0.0,0.0,0.0,0.0,0.0,0.0,0.0,0.0,0.0,1.0,1.0,1.0,1.0,1.0,1.0,1.0,1.0,1.0,1.0,1.0,1.0,1.0,1.0,1.0,1.0,1.0,0.0,0.0,0.0,0.0,0.0,0.0,0.0,0.0,0.0,0.0,0.0,0.0,0.0,0.0,0.0,0.0,0.0,0.0,0.0,0.0,0.0,0.0,0.0,0.0,1.0,1.0,0.0,0.0,0.0,0.0,0.0,0.0,0.0,0.0,0.0,1.0,0.0,0.0,0.0,0.0,0.0,0.0,0.0,0.0,0.0,0.0,0.0,0.0,0.0,0.0,0.0,0.0,0.0,0.0,0.0,0.0,0.0,0.0,0.0,0.0,0.0,0.0,0.0,0.0,-5.0,117605.5,0.0,0.0,0.0,0.0,0.0,0.0,100.0,0.7253474221334146,0.7640041318115623,0.8326446980729502,0.7313108905973065,0.7504402750025401,0.7338565832401982,0.733918673304659,0.7339327846829455,0.7313108905973065,0.7313108905973065,0.8373042751831656,0.7320841941274088,0.8372478296700195,0.8488360935189262,0.8371095381628114,0.7313108905973065,0.7313108905973065,0.7313108905973065,0.7313108905973065,0.7317172982919588,0.7688697350447613,0,4.093510881473524,21,2
0.7115944728553527,5.644551314616001e-06,0.0004148745216242761,0.8830928754473307,0.6530604757227848,0.5046285320779851,0.7271960126889514,0.0017413440805590364,0.8813487090911144,9.0,0.06546268387125907,0.7444683397116764,1.0,0.0,0.0,1.0,0.0,0.0,98.0,8.0,0.0,9.0,0.0,43.125,0.6666659712791443,0.0,0.0,0.0,0.0,0.0,0.0,0.4229518745554916,0.3777305516984455,0.3310360009482846,0.32066978245899236,0.21565572752621895,0.3673728000361251,0.24924927467515606,0.1825927682008557,0.2421710073266276,1.0,1.0,1.0,1.0,1.0,1.0,1.0,1.0,1.0,0.0,1.0,1.0,1.0,0.0,0.0,1.0,1.0,1.0,1.0,1.0,1.0,0.0,0.0,0.0,1.0,1.0,1.0,1.0,0.0,1.0,0.0,1.0,1.0,1.0,1.0,0.0,0.0,0.0,1.0,1.0,1.0,1.0,0.0,0.0,1.0,1.0,0.0,1.0,1.0,1.0,0.0,0.0,0.0,1.0,1.0,1.0,1.0,0.0,0.0,1.0,1.0,0.0,1.0,1.0,1.0,0.0,0.0,0.0,0.0,0.0,0.0,0.0,0.0,0.0,0.0,0.0,0.0,0.0,0.0,0.0,1.0,1.0,1.0,1.0,1.0,1.0,1.0,1.0,1.0,1.0,1.0,1.0,1.0,1.0,1.0,1.0,1.0,1.0,1.0,0.0,0.0,0.0,0.0,0.0,0.0,0.0,0.0,0.0,0.0,0.0,0.0,1.0,1.0,0.0,0.0,0.0,0.0,0.0,0.0,1.0,1.0,1.0,1.0,1.0,0.0,0.0,0.0,0.0,0.0,0.0,0.0,1.0,1.0,0.0,0.0,0.0,0.0,1.0,0.0,0.0,0.0,0.0,0.0,0.0,0.0,0.0,1.0,1.0,1.0,1.0,1.0,1.0,1.0,1.0,1.0,1.0,1.0,0.0,0.0,0.0,0.0,0.0,0.0,0.0,0.0,0.0,0.0,0.0,0.0,0.0,0.0,0.0,0.0,1.0,0.0,0.0,0.0,0.0,1.0,1.0,0.0,0.0,0.0,0.0,0.0,0.0,0.0,0.0,0.0,1.0,1.0,1.0,1.0,1.0,1.0,1.0,1.0,1.0,1.0,1.0,1.0,1.0,1.0,1.0,1.0,1.0,0.0,0.0,0.0,0.0,0.0,0.0,0.0,0.0,0.0,0.0,0.0,0.0,0.0,0.0,0.0,0.0,1.0,1.0,0.0,0.0,0.0,0.0,0.0,0.0,1.0,1.0,0.0,0.0,0.0,0.0,0.0,0.0,0.0,0.0,0.0,1.0,0.0,0.0,0.0,0.0,0.0,0.0,0.0,0.0,0.0,0.0,0.0,0.0,0.0,0.0,0.0,0.0,0.0,0.0,0.0,0.0,0.0,0.0,0.0,0.0,0.0,0.0,0.0,0.0,-5.0,117605.5,0.0,0.0,0.0,0.0,0.0,0.0,100.0,0.7253474221334146,0.7640041318115623,0.8326446980729502,0.7313108905973065,0.7504402750025401,0.7338565832401982,0.733918673304659,0.7339327846829455,0.7313108905973065,0.7313108905973065,0.8373042751831656,0.7320841941274088,0.8372478296700195,0.8488360935189262,0.8371095381628114,0.7313108905973065,0.7313108905973065,0.7313108905973065,0.7313108905973065,0.7317172982919588,0.7688697350447613,0,3.9318256327243257,23,2
0.07510639979228051,0.004574908840496269,0.005181698106817489,0.8830928754473307,0.6530604757227848,0.5046285320779851,0.2703796525214211,0.08114606969891963,0.8813487090911144,9.0,0.005308700511396349,0.10529628249850419,1.0,0.0,0.0,0.0,1.0,0.0,98.0,8.0,19.0,9.0,0.0,72.0,0.0,10.0,26.0,0.0,0.0,0.0,42.0,0.5770283695149072,0.5770283695149072,0.5770283695149072,0.49442318330115936,0.60925311297005,0.3209435431977512,0.7118428331131958,0.7118371885618812,0.7118371885618812,1.0,1.0,1.0,1.0,1.0,1.0,1.0,1.0,1.0,0.0,1.0,1.0,1.0,0.0,0.0,1.0,1.0,1.0,1.0,1.0,1.0,0.0,0.0,0.0,0.0,1.0,1.0,1.0,0.0,1.0,0.0,1.0,1.0,1.0,1.0,0.0,0.0,0.0,1.0,1.0,1.0,1.0,0.0,0.0,1.0,1.0,0.0,1.0,1.0,1.0,0.0,0.0,0.0,0.0,1.0,1.0,1.0,0.0,0.0,1.0,1.0,0.0,1.0,1.0,1.0,0.0,0.0,0.0,0.0,0.0,0.0,0.0,0.0,0.0,0.0,0.0,0.0,0.0,0.0,0.0,1.0,1.0,1.0,1.0,1.0,1.0,1.0,1.0,1.0,1.0,1.0,1.0,1.0,1.0,1.0,1.0,1.0,1.0,1.0,0.0,0.0,0.0,0.0,0.0,0.0,0.0,0.0,0.0,0.0,0.0,0.0,1.0,1.0,0.0,0.0,0.0,0.0,0.0,0.0,1.0,1.0,1.0,1.0,1.0,0.0,0.0,0.0,0.0,0.0,0.0,0.0,1.0,1.0,0.0,0.0,0.0,0.0,1.0,0.0,0.0,0.0,0.0,0.0,0.0,0.0,0.0,1.0,1.0,1.0,1.0,1.0,1.0,1.0,1.0,1.0,1.0,1.0,0.0,0.0,0.0,0.0,0.0,0.0,0.0,0.0,0.0,0.0,0.0,0.0,0.0,0.0,0.0,0.0,1.0,0.0,0.0,0.0,0.0,1.0,1.0,0.0,0.0,0.0,0.0,0.0,0.0,0.0,0.0,0.0,1.0,1.0,1.0,1.0,1.0,1.0,1.0,1.0,1.0,1.0,1.0,1.0,1.0,1.0,1.0,1.0,1.0,0.0,0.0,0.0,0.0,0.0,0.0,0.0,0.0,0.0,0.0,0.0,0.0,0.0,0.0,0.0,0.0,1.0,1.0,0.0,0.0,0.0,0.0,0.0,0.0,1.0,1.0,0.0,0.0,0.0,0.0,0.0,0.0,0.0,1.0,1.0,1.0,0.0,0.0,0.0,0.0,0.0,0.0,0.0,0.0,0.0,0.0,0.0,0.0,0.0,0.0,0.0,0.0,0.0,0.0,0.0,0.0,0.0,0.0,0.0,0.0,0.0,0.0,0.0,0.0,-5.0,45932.0,0.0,0.0,0.0,0.0,0.0,0.0,100.0,0.23774003454465403,0.11191734119054876,0.027754258813966877,0.126260146080988,0.12278592474684187,0.16532326345378806,0.013865840304354208,0.023438999333942945,0.143569162687258,0.1403291902326684,0.04216479832018153,0.06130264955238708,0.10807622402095257,0.035066775042051905,0.8371095381628114,0.16282554949707048,0.25404432101692237,0.20965556947878214,0.1548639098678046,0.1654474435827096,0.09231381447488739,1,4.61512051684126,0,2
0.11594190627786997,0.004741423104277441,0.013939219471444214,0.09515866833745386,0.31506192072792133,0.13522933811991286,0.7271960126889514,0.10986272451202854,0.10986272451202854,9.0,0.38170431582393516,0.10529628249850419,1.0,0.0,0.0,0.0,1.0,0.0,98.0,8.0,0.0,9.0,0.0,261.91665649414057,0.9166659712791444,0.0,26.0,0.0,0.0,0.0,0.0,0.5770283695149072,0.5770283695149072,0.5770283695149072,0.09955577381153972,0.60925311297005,0.3209435431977512,0.7118428331131958,0.7118371885618812,0.7118371885618812,1.0,1.0,1.0,1.0,1.0,1.0,1.0,1.0,1.0,0.0,0.0,0.0,1.0,1.0,1.0,1.0,1.0,1.0,1.0,1.0,1.0,0.0,0.0,1.0,0.0,0.0,1.0,1.0,1.0,1.0,1.0,1.0,1.0,1.0,1.0,0.0,1.0,1.0,0.0,0.0,1.0,1.0,1.0,1.0,1.0,1.0,1.0,1.0,1.0,1.0,0.0,0.0,1.0,0.0,0.0,1.0,1.0,1.0,1.0,1.0,1.0,1.0,1.0,1.0,1.0,0.0,0.0,1.0,0.0,0.0,0.0,0.0,0.0,0.0,0.0,0.0,0.0,0.0,0.0,0.0,1.0,1.0,1.0,1.0,1.0,1.0,1.0,1.0,1.0,1.0,1.0,1.0,1.0,1.0,1.0,1.0,1.0,1.0,1.0,0.0,0.0,0.0,0.0,0.0,0.0,0.0,0.0,0.0,0.0,0.0,0.0,1.0,1.0,0.0,0.0,0.0,0.0,0.0,0.0,1.0,1.0,1.0,1.0,1.0,0.0,0.0,0.0,0.0,0.0,0.0,0.0,1.0,1.0,0.0,0.0,0.0,0.0,1.0,0.0,0.0,0.0,0.0,0.0,0.0,0.0,0.0,1.0,1.0,1.0,1.0,1.0,1.0,1.0,1.0,1.0,1.0,1.0,0.0,0.0,0.0,0.0,0.0,0.0,0.0,0.0,0.0,0.0,0.0,0.0,0.0,0.0,0.0,0.0,1.0,0.0,0.0,0.0,0.0,1.0,1.0,0.0,0.0,0.0,0.0,0.0,0.0,0.0,0.0,0.0,1.0,1.0,1.0,1.0,1.0,1.0,1.0,1.0,1.0,1.0,1.0,1.0,1.0,1.0,1.0,1.0,1.0,0.0,0.0,0.0,0.0,0.0,0.0,0.0,0.0,0.0,0.0,0.0,0.0,0.0,0.0,0.0,0.0,1.0,1.0,0.0,0.0,0.0,0.0,0.0,0.0,1.0,1.0,0.0,0.0,0.0,0.0,0.0,0.0,0.0,1.0,1.0,1.0,0.0,0.0,0.0,0.0,0.0,0.0,0.0,0.0,0.0,0.0,0.0,0.0,0.0,0.0,0.0,0.0,0.0,0.0,0.0,0.0,0.0,0.0,0.0,0.0,0.0,0.0,0.0,0.0,-5.0,713626.0,0.0,0.0,0.0,0.0,0.0,0.0,100.0,0.23774003454465403,0.07440929770492544,0.8326446980729502,0.126260146080988,0.12278592474684187,0.09363463948250754,0.014726634379833146,0.045991804111491175,0.143569162687258,0.1403291902326684,0.8373042751831656,0.015638229417143632,0.8372478296700195,0.8488360935189262,0.8371095381628114,0.1058635599056231,0.25404432101692237,0.20965556947878214,0.11382519953488897,0.10283525812533162,0.00032173942493311206,1,3.287244501586124,22,0
0.7115944728553527,0.004574908840496269,0.005181698106817489,0.8830928754473307,0.6530604757227848,0.5046285320779851,0.2703796525214211,0.014052110497736536,0.8813487090911144,7.0,0.04797868617423601,0.7444683397116764,11.0,0.0,2.0,5.0,112.0,247.0,247.0,6.0,149.0,6.0,0.0,43.125,0.6666659712791443,389.0,389.0,0.0,0.0,0.0,389.0,0.4229518745554916,0.3777305516984455,0.3310360009482846,0.32066978245899236,0.21565572752621895,0.3673728000361251,0.7118428331131958,0.7118371885618812,0.7118371885618812,1.0,1.0,1.0,0.0,0.0,1.0,1.0,1.0,1.0,1.0,1.0,1.0,1.0,0.0,0.0,0.0,0.0,1.0,1.0,1.0,1.0,0.0,1.0,0.0,1.0,1.0,1.0,1.0,0.0,1.0,0.0,1.0,1.0,1.0,1.0,0.0,0.0,0.0,1.0,1.0,1.0,1.0,0.0,0.0,0.0,0.0,0.0,1.0,1.0,1.0,0.0,1.0,0.0,1.0,1.0,1.0,1.0,0.0,0.0,0.0,0.0,0.0,1.0,1.0,1.0,0.0,1.0,0.0,0.0,3.0,1.0,0.0,3.0,1.0,0.0,0.0,0.0,0.0,0.0,0.0,1.0,1.0,1.0,1.0,1.0,1.0,1.0,1.0,1.0,1.0,1.0,1.0,1.0,1.0,1.0,1.0,1.0,1.0,1.0,0.0,196.97000122070312,92.0,0.0,196.97000122070312,92.0,0.0,0.0,0.0,0.0,0.0,0.0,1.0,1.0,0.0,0.0,0.0,0.0,0.0,0.0,1.0,1.0,1.0,1.0,1.0,0.0,0.0,0.0,0.0,0.0,0.0,0.0,1.0,1.0,0.0,0.0,0.0,0.0,1.0,0.0,0.0,0.0,0.0,0.0,0.0,0.0,0.0,1.0,1.0,1.0,1.0,1.0,1.0,1.0,1.0,1.0,1.0,1.0,0.0,0.0,0.0,0.0,0.0,0.0,0.0,0.0,0.0,0.0,0.0,0.0,0.0,0.0,0.0,0.0,1.0,0.0,0.0,0.0,0.0,1.0,1.0,0.0,0.0,0.0,0.0,0.0,0.0,0.0,0.0,0.0,1.0,1.0,1.0,1.0,1.0,1.0,1.0,1.0,1.0,1.0,1.0,1.0,1.0,1.0,1.0,1.0,1.0,0.0,0.0,0.0,0.0,0.0,0.0,0.0,0.0,0.0,0.0,0.0,0.0,0.0,0.0,1.0,0.0,0.0,0.0,0.0,4.0,0.0,1.0,0.0,0.0,1.0,2.0,0.0,0.0,0.0,0.0,0.0,0.0,0.0,0.0,0.0,1.0,0.0,255.97000122070312,92.0,0.0,255.97000122070312,0.0,92.0,0.0,0.0,0.0,0.0,0.0,0.0,0.0,0.0,0.0,0.0,0.0,0.0,0.0,0.0,0.0,0.0,0.0,0.0,0.0,0.0,0.0,-5.0,117605.5,0.0,0.0,0.0,0.0,0.0,0.0,100.0,0.7253474221334146,0.7640041318115623,0.8326446980729502,0.7313108905973065,0.7504402750025401,0.7338565832401982,0.733918673304659,0.7339327846829455,0.7313108905973065,0.7313108905973065,0.8373042751831656,0.7320841941274088,0.8372478296700195,0.8488360935189262,0.8371095381628114,0.7313108905973065,0.7313108905973065,0.7313108905973065,0.7313108905973065,0.7317172982919588,0.7688697350447613,0,4.477336814478207,4,1
0.7115944728553527,0.025908490534087444,0.029210553053137807,0.8830928754473307,0.31506192072792133,0.020046623993858727,0.7271960126889514,0.025583928833497024,0.8813487090911144,9.0,0.38170431582393516,0.7444683397116764,5.0,0.0,0.0,2.0,3.0,0.0,98.0,8.0,158.0,5.0,0.0,43.125,0.6666659712791443,0.0,26.0,0.0,0.0,0.0,0.0,0.5770283695149072,0.5770283695149072,0.5770283695149072,0.32066978245899236,0.21565572752621895,0.3673728000361251,0.7118428331131958,0.7118371885618812,0.7118371885618812,1.0,1.0,1.0,1.0,1.0,1.0,1.0,1.0,1.0,0.0,0.0,0.0,1.0,0.0,0.0,1.0,1.0,1.0,1.0,1.0,1.0,0.0,0.0,0.0,0.0,1.0,1.0,2.0,0.0,1.0,0.0,1.0,1.0,1.0,1.0,0.0,0.0,0.0,0.0,0.0,1.0,1.0,0.0,0.0,1.0,1.0,0.0,1.0,1.0,1.0,0.0,0.0,0.0,0.0,0.0,1.0,1.0,0.0,0.0,1.0,1.0,0.0,1.0,1.0,1.0,0.0,0.0,0.0,0.0,0.0,0.0,0.0,0.0,0.0,0.0,0.0,0.0,0.0,0.0,0.0,1.0,1.0,1.0,1.0,1.0,1.0,1.0,1.0,1.0,1.0,1.0,1.0,1.0,1.0,1.0,1.0,1.0,1.0,1.0,0.0,0.0,0.0,0.0,0.0,0.0,0.0,0.0,0.0,0.0,0.0,0.0,1.0,1.0,0.0,0.0,0.0,0.0,0.0,0.0,1.0,1.0,1.0,1.0,1.0,0.0,0.0,0.0,0.0,0.0,0.0,0.0,1.0,1.0,0.0,0.0,0.0,0.0,1.0,0.0,0.0,0.0,0.0,0.0,0.0,0.0,0.0,1.0,1.0,1.0,1.0,1.0,1.0,1.0,1.0,1.0,1.0,1.0,0.0,0.0,0.0,0.0,0.0,0.0,0.0,0.0,0.0,0.0,0.0,0.0,0.0,0.0,0.0,0.0,1.0,0.0,0.0,0.0,0.0,1.0,1.0,0.0,0.0,0.0,0.0,0.0,0.0,0.0,0.0,0.0,1.0,1.0,1.0,1.0,1.0,1.0,1.0,1.0,1.0,1.0,1.0,1.0,1.0,1.0,1.0,1.0,1.0,0.0,0.0,0.0,0.0,0.0,0.0,0.0,0.0,0.0,0.0,0.0,0.0,0.0,0.0,0.0,0.0,1.0,1.0,0.0,0.0,0.0,0.0,0.0,0.0,1.0,1.0,0.0,0.0,0.0,0.0,0.0,0.0,0.0,0.0,0.0,1.0,0.0,0.0,0.0,0.0,0.0,0.0,0.0,0.0,0.0,0.0,0.0,0.0,0.0,0.0,0.0,0.0,0.0,0.0,0.0,0.0,0.0,0.0,0.0,0.0,0.0,0.0,0.0,0.0,-5.0,117605.5,0.0,0.0,0.0,0.0,0.0,0.0,100.0,0.7253474221334146,0.7640041318115623,0.8326446980729502,0.7313108905973065,0.7504402750025401,0.7338565832401982,0.733918673304659,0.7339327846829455,0.7313108905973065,0.7313108905973065,0.8373042751831656,0.7320841941274088,0.8372478296700195,0.8488360935189262,0.8371095381628114,0.7313108905973065,0.7313108905973065,0.7313108905973065,0.7313108905973065,0.7317172982919588,0.7688697350447613,0,4.532599493153256,13,6
0.7115944728553527,0.00019755929601156003,0.011986204716587078,0.8830928754473307,0.31506192072792133,0.041323760174303746,0.7271960126889514,0.06695566769397501,0.8813487090911144,8.0,0.38170431582393516,0.7444683397116764,13.0,0.0,12.0,9.0,94.0,511.0,511.0,23.0,383.0,23.0,0.0,43.125,0.6666659712791443,457.0,457.0,0.0,0.0,0.0,510.0,0.4229518745554916,0.3777305516984455,0.3310360009482846,0.49442318330115936,0.60925311297005,0.31168365676612364,0.24924927467515606,0.1825927682008557,0.2421710073266276,1.0,1.0,1.0,1.0,1.0,1.0,1.0,1.0,1.0,0.0,1.0,1.0,1.0,0.0,0.0,1.0,1.0,1.0,1.0,1.0,1.0,0.0,0.0,0.0,1.0,1.0,1.0,1.0,0.0,1.0,0.0,1.0,1.0,1.0,1.0,1.0,0.0,0.0,0.0,0.0,1.0,1.0,0.0,0.0,1.0,1.0,0.0,1.0,1.0,1.0,0.0,1.0,0.0,0.0,0.0,1.0,1.0,0.0,0.0,1.0,1.0,0.0,1.0,1.0,1.0,0.0,1.0,0.0,0.0,0.0,0.0,0.0,0.0,0.0,0.0,0.0,0.0,0.0,0.0,0.0,1.0,1.0,1.0,1.0,1.0,1.0,1.0,1.0,1.0,1.0,1.0,1.0,1.0,1.0,1.0,1.0,1.0,1.0,1.0,0.0,0.0,0.0,0.0,0.0,0.0,0.0,0.0,0.0,0.0,0.0,0.0,1.0,1.0,0.0,0.0,0.0,0.0,0.0,0.0,1.0,1.0,1.0,1.0,1.0,0.0,0.0,0.0,0.0,0.0,0.0,0.0,1.0,1.0,0.0,0.0,0.0,0.0,1.0,0.0,0.0,0.0,0.0,0.0,0.0,0.0,0.0,1.0,1.0,1.0,1.0,1.0,1.0,1.0,1.0,1.0,1.0,1.0,0.0,0.0,0.0,0.0,0.0,0.0,0.0,0.0,0.0,0.0,0.0,0.0,0.0,0.0,0.0,0.0,1.0,0.0,0.0,0.0,0.0,1.0,1.0,0.0,0.0,0.0,0.0,0.0,0.0,0.0,0.0,0.0,1.0,1.0,1.0,1.0,1.0,1.0,1.0,1.0,1.0,1.0,1.0,1.0,1.0,1.0,1.0,1.0,1.0,0.0,0.0,0.0,0.0,0.0,0.0,0.0,0.0,0.0,0.0,0.0,0.0,0.0,0.0,0.0,0.0,0.0,0.0,0.0,1.0,0.0,0.0,0.0,0.0,1.0,2.0,0.0,0.0,0.0,0.0,0.0,0.0,0.0,0.0,0.0,1.0,0.0,57.95000076293945,0.0,0.0,57.95000076293945,0.0,0.0,0.0,0.0,0.0,0.0,0.0,0.0,0.0,0.0,0.0,0.0,0.0,0.0,0.0,0.0,0.0,0.0,0.0,0.0,0.0,0.0,0.0,-5.0,117605.5,0.0,0.0,0.0,0.0,0.0,0.0,100.0,0.7253474221334146,0.7640041318115623,0.8326446980729502,0.7313108905973065,0.7504402750025401,0.7338565832401982,0.733918673304659,0.7339327846829455,0.7313108905973065,0.7313108905973065,0.8373042751831656,0.7320841941274088,0.8372478296700195,0.8488360935189262,0.8371095381628114,0.7313108905973065,0.7313108905973065,0.7313108905973065,0.7313108905973065,0.7317172982919588,0.7688697350447613,0,4.006423680849631,1,5
0.7115944728553527,0.013225183730145291,0.03215983111502466,0.8830928754473307,0.31506192072792133,0.04845282848466376,0.2703796525214211,0.003810072137365801,0.8813487090911144,9.0,0.38170431582393516,0.7444683397116764,5.0,0.0,1.0,2.0,9.0,0.0,98.0,8.0,25.0,25.0,0.0,43.125,0.6666659712791443,47.0,26.0,0.0,0.0,0.0,47.0,0.5770283695149072,0.5770283695149072,0.5770283695149072,0.49442318330115936,0.60925311297005,0.3673728000361251,0.7118428331131958,0.7118371885618812,0.7118371885618812,1.0,1.0,1.0,1.0,1.0,1.0,1.0,1.0,1.0,0.0,1.0,1.0,1.0,0.0,0.0,1.0,1.0,2.0,2.0,1.0,1.0,0.0,1.0,0.0,2.0,2.0,2.0,2.0,0.0,1.0,0.0,2.0,2.0,2.0,2.0,1.0,0.0,0.0,0.0,0.0,1.0,1.0,0.0,0.0,1.0,1.0,0.0,1.0,1.0,1.0,0.0,1.0,0.0,1.0,1.0,1.0,1.0,0.0,0.0,1.0,1.0,0.0,2.0,2.0,1.0,0.0,1.0,0.0,0.0,1.0,0.0,0.0,1.0,0.0,0.0,0.0,0.0,0.0,0.0,0.0,1.0,1.0,1.0,1.0,1.0,1.0,1.0,1.0,1.0,1.0,1.0,1.0,1.0,1.0,1.0,1.0,1.0,2.0,1.0,0.0,57.95000076293945,0.0,0.0,57.95000076293945,0.0,0.0,0.0,0.0,0.0,0.0,0.0,1.0,1.0,0.0,0.0,0.0,0.0,0.0,0.0,1.0,1.0,1.0,1.0,1.0,0.0,0.0,0.0,0.0,0.0,0.0,0.0,1.0,1.0,0.0,0.0,0.0,0.0,1.0,0.0,0.0,0.0,0.0,0.0,0.0,0.0,0.0,1.0,1.0,1.0,1.0,1.0,1.0,1.0,1.0,1.0,1.0,1.0,0.0,0.0,0.0,0.0,0.0,0.0,0.0,0.0,0.0,0.0,0.0,0.0,0.0,0.0,0.0,0.0,1.0,0.0,0.0,0.0,0.0,1.0,1.0,0.0,0.0,0.0,0.0,0.0,0.0,0.0,0.0,0.0,1.0,1.0,1.0,1.0,1.0,1.0,1.0,1.0,1.0,1.0,1.0,1.0,1.0,1.0,1.0,1.0,1.0,0.0,0.0,0.0,0.0,0.0,0.0,0.0,0.0,0.0,0.0,0.0,0.0,0.0,0.0,0.0,0.0,1.0,1.0,0.0,0.0,0.0,0.0,0.0,0.0,1.0,1.0,0.0,0.0,0.0,0.0,0.0,0.0,0.0,0.0,0.0,1.0,0.0,0.0,0.0,0.0,0.0,0.0,0.0,0.0,0.0,0.0,0.0,0.0,0.0,0.0,0.0,0.0,0.0,0.0,0.0,0.0,0.0,0.0,0.0,0.0,0.0,0.0,0.0,0.0,-5.0,117605.5,0.0,0.0,0.0,0.0,0.0,0.0,100.0,0.7253474221334146,0.7640041318115623,0.8326446980729502,0.7313108905973065,0.7504402750025401,0.7338565832401982,0.733918673304659,0.7339327846829455,0.7313108905973065,0.7313108905973065,0.8373042751831656,0.7320841941274088,0.8372478296700195,0.8488360935189262,0.8371095381628114,0.7313108905973065,0.7313108905973065,0.7313108905973065,0.7313108905973065,0.7317172982919588,0.7688697350447613,0,4.690889061390629,19,3
0.11594190627786997,0.008224111265395514,0.013939219471444214,0.09515866833745386,0.31506192072792133,0.13522933811991286,0.7271960126889514,0.10986272451202854,0.10986272451202854,9.0,0.07852699788893781,0.04876610108262494,3.0,0.0,0.0,0.0,6.0,7.0,7.0,0.0,324.0,7.0,324.0,0.1666660010814666,0.1666660010814666,0.0,26.0,324.0,0.0,0.0,264.0,0.5770283695149072,0.5770283695149072,0.5770283695149072,0.32066978245899236,0.60925311297005,0.3209435431977512,0.7118428331131958,0.7118371885618812,0.7118371885618812,1.0,1.0,1.0,1.0,1.0,1.0,1.0,1.0,1.0,0.0,0.0,0.0,1.0,1.0,1.0,1.0,1.0,1.0,1.0,1.0,1.0,0.0,0.0,1.0,0.0,0.0,1.0,1.0,1.0,1.0,1.0,1.0,1.0,1.0,1.0,0.0,1.0,1.0,0.0,0.0,2.0,4.0,1.0,2.0,1.0,2.0,1.0,1.0,1.0,2.0,0.0,0.0,1.0,0.0,0.0,1.0,1.0,1.0,1.0,1.0,1.0,1.0,1.0,1.0,1.0,0.0,0.0,1.0,0.0,0.0,0.0,0.0,0.0,0.0,0.0,0.0,0.0,0.0,0.0,0.0,1.0,1.0,1.0,1.0,1.0,1.0,1.0,1.0,1.0,1.0,1.0,1.0,1.0,1.0,1.0,1.0,1.0,1.0,1.0,0.0,0.0,0.0,0.0,0.0,0.0,0.0,0.0,0.0,0.0,0.0,0.0,1.0,1.0,0.0,0.0,0.0,0.0,0.0,0.0,1.0,1.0,1.0,1.0,1.0,0.0,0.0,0.0,0.0,2.0,2.0,0.0,3.0,3.0,0.0,0.0,0.0,0.0,3.0,2.0,2.0,2.0,0.0,0.0,0.0,0.0,0.0,1.0,2.0,2.0,2.0,1.0,1.0,1.0,1.0,1.0,2.0,2.0,74.6240005493164,74.6240005493164,0.0,0.0,0.0,0.0,0.0,74.6240005493164,74.6240005493164,0.0,0.0,0.0,2.0,2.0,2.0,0.0,3.0,0.0,0.0,0.0,0.0,3.0,3.0,2.0,2.0,2.0,0.0,0.0,0.0,0.0,0.0,0.0,1.0,1.0,1.0,1.0,2.0,2.0,1.0,1.0,1.0,1.0,1.0,2.0,2.0,2.0,1.0,1.0,1.0,74.6240005493164,74.6240005493164,74.6240005493164,0.0,0.0,0.0,0.0,0.0,74.6240005493164,74.6240005493164,74.6240005493164,0.0,0.0,1.0,3.0,1.0,2.0,4.0,0.0,2.0,0.0,2.0,2.0,2.0,2.0,4.0,1.0,0.0,0.0,0.0,0.0,0.0,0.0,1.0,3.0,1.0,37.3120002746582,49.67160034179688,49.67160034179688,0.0,12.359600067138672,0.0,12.359600067138672,12.359600067138672,12.359600067138672,12.359600067138672,37.3120002746582,37.3120002746582,0.0,0.0,0.0,0.0,0.0,0.0,0.0,0.0,0.0,0.0,0.0,0.0,0.0,0.0,0.0,0.0,-5.0,398792.0,0.0,0.0,0.0,-6.0,0.0,0.0,100.0,0.23774003454465403,0.11191734119054876,0.8326446980729502,0.126260146080988,0.12278592474684187,0.09363463948250754,0.006090470868470665,0.045991804111491175,0.143569162687258,0.1403291902326684,0.8373042751831656,0.06130264955238708,0.8372478296700195,0.8488360935189262,0.8371095381628114,0.1058635599056231,0.25404432101692237,0.20965556947878214,0.1548639098678046,0.1654474435827096,0.09231381447488739,1,3.645763163040308,4,0
0.07953737257425407,3.386730788769601e-05,0.0006886352603831522,0.8830928754473307,0.6530604757227848,0.00014675833418001602,0.7271960126889514,0.013981553606303834,0.8813487090911144,9.0,0.1693958072272835,0.0010301306149174201,1.0,0.0,0.0,0.0,0.0,0.0,98.0,8.0,19.0,9.0,0.0,132.58332824707028,0.5833330154418945,10.0,26.0,0.0,0.0,0.0,42.0,0.5770283695149072,0.5770283695149072,0.5770283695149072,0.49442318330115936,0.60925311297005,0.3209435431977512,0.7118428331131958,0.7118371885618812,0.7118371885618812,1.0,1.0,1.0,1.0,1.0,1.0,1.0,1.0,1.0,0.0,1.0,1.0,1.0,0.0,0.0,1.0,1.0,1.0,1.0,1.0,1.0,0.0,0.0,0.0,0.0,1.0,1.0,1.0,0.0,1.0,0.0,1.0,1.0,1.0,1.0,0.0,0.0,0.0,1.0,1.0,1.0,1.0,0.0,0.0,1.0,1.0,0.0,1.0,1.0,1.0,0.0,0.0,0.0,0.0,1.0,1.0,1.0,0.0,0.0,1.0,1.0,0.0,1.0,1.0,1.0,0.0,0.0,0.0,0.0,0.0,0.0,0.0,0.0,0.0,0.0,0.0,0.0,0.0,0.0,0.0,1.0,1.0,1.0,1.0,1.0,1.0,1.0,1.0,1.0,1.0,1.0,1.0,1.0,1.0,1.0,1.0,1.0,1.0,1.0,0.0,0.0,0.0,0.0,0.0,0.0,0.0,0.0,0.0,0.0,0.0,0.0,1.0,1.0,0.0,0.0,0.0,0.0,0.0,0.0,1.0,1.0,1.0,1.0,1.0,0.0,0.0,0.0,0.0,0.0,0.0,0.0,1.0,1.0,0.0,0.0,0.0,0.0,1.0,0.0,0.0,0.0,0.0,0.0,0.0,0.0,0.0,1.0,1.0,1.0,1.0,1.0,1.0,1.0,1.0,1.0,1.0,1.0,0.0,0.0,0.0,0.0,0.0,0.0,0.0,0.0,0.0,0.0,0.0,0.0,0.0,0.0,0.0,0.0,1.0,0.0,0.0,0.0,0.0,1.0,1.0,0.0,0.0,0.0,0.0,0.0,0.0,0.0,0.0,0.0,1.0,1.0,1.0,1.0,1.0,1.0,1.0,1.0,1.0,1.0,1.0,1.0,1.0,1.0,1.0,1.0,1.0,0.0,0.0,0.0,0.0,0.0,0.0,0.0,0.0,0.0,0.0,0.0,0.0,0.0,0.0,0.0,0.0,1.0,1.0,0.0,0.0,0.0,0.0,0.0,0.0,1.0,1.0,0.0,0.0,0.0,0.0,0.0,0.0,0.0,1.0,1.0,1.0,0.0,0.0,0.0,0.0,0.0,0.0,0.0,0.0,0.0,0.0,0.0,0.0,0.0,0.0,0.0,0.0,0.0,0.0,0.0,0.0,0.0,0.0,0.0,0.0,0.0,0.0,0.0,0.0,-5.0,187521.0,0.0,0.0,0.0,-12.0,0.0,0.0,100.0,0.23774003454465403,0.07440929770492544,0.03607150517605356,0.126260146080988,0.12278592474684187,0.16532326345378806,0.013865840304354208,0.0005080096183154401,0.143569162687258,0.1403291902326684,0.006700082410449193,0.015638229417143632,0.05448685383998826,0.003835472618281573,0.12278874702249919,0.16282554949707048,0.25404432101692237,0.20965556947878214,0.11382519953488897,0.10283525812533162,3.6689583545004006e-05,1,4.61512051684126,14,1
0.7115944728553527,0.00015804743680924803,0.07636513473543988,0.8830928754473307,0.6530604757227848,0.5046285320779851,0.7271960126889514,0.014266603447691944,0.8813487090911144,9.0,0.38170431582393516,0.7444683397116764,1.0,0.0,2.0,2.0,5.0,19.0,19.0,6.0,424.0,409.0,0.0,43.125,0.6666659712791443,424.0,26.0,0.0,0.0,0.0,424.0,0.5770283695149072,0.5770283695149072,0.5770283695149072,0.49442318330115936,0.60925311297005,0.31168365676612364,0.7118428331131958,0.7118371885618812,0.7118371885618812,1.0,1.0,1.0,1.0,1.0,1.0,1.0,1.0,1.0,0.0,0.0,0.0,1.0,0.0,0.0,1.0,1.0,1.0,1.0,1.0,1.0,0.0,1.0,0.0,0.0,0.0,1.0,1.0,0.0,1.0,0.0,1.0,1.0,1.0,1.0,1.0,0.0,0.0,1.0,2.0,1.0,1.0,0.0,0.0,1.0,1.0,0.0,1.0,1.0,1.0,0.0,1.0,0.0,0.0,0.0,1.0,1.0,0.0,0.0,1.0,1.0,0.0,1.0,1.0,1.0,0.0,1.0,0.0,0.0,4.0,1.0,0.0,4.0,1.0,0.0,0.0,0.0,0.0,0.0,0.0,1.0,1.0,1.0,1.0,1.0,1.0,1.0,1.0,1.0,1.0,1.0,1.0,1.0,1.0,1.0,1.0,1.0,1.0,1.0,0.0,139.80000305175778,26.95000076293945,0.0,139.80000305175778,26.95000076293945,0.0,0.0,0.0,0.0,0.0,0.0,1.0,1.0,0.0,0.0,0.0,0.0,0.0,0.0,1.0,1.0,1.0,1.0,1.0,0.0,0.0,0.0,0.0,0.0,0.0,0.0,1.0,1.0,0.0,0.0,0.0,0.0,1.0,0.0,0.0,0.0,0.0,0.0,0.0,0.0,0.0,1.0,1.0,1.0,1.0,1.0,1.0,1.0,1.0,1.0,1.0,1.0,0.0,0.0,0.0,0.0,0.0,0.0,0.0,0.0,0.0,0.0,0.0,0.0,0.0,0.0,0.0,0.0,1.0,0.0,0.0,0.0,0.0,1.0,1.0,0.0,0.0,0.0,0.0,0.0,0.0,0.0,0.0,0.0,1.0,1.0,1.0,1.0,1.0,1.0,1.0,1.0,1.0,1.0,1.0,1.0,1.0,1.0,1.0,1.0,1.0,0.0,0.0,0.0,0.0,0.0,0.0,0.0,0.0,0.0,0.0,0.0,0.0,0.0,0.0,1.0,0.0,1.0,3.0,0.0,4.0,0.0,1.0,1.0,3.0,1.0,1.0,0.0,0.0,0.0,0.0,0.0,0.0,0.0,0.0,0.0,1.0,0.0,139.80000305175778,26.95000076293945,0.0,139.80000305175778,0.0,26.95000076293945,26.95000076293945,139.80000305175778,112.8499984741211,0.0,0.0,0.0,0.0,0.0,0.0,0.0,0.0,0.0,0.0,0.0,0.0,0.0,0.0,0.0,0.0,0.0,0.0,-5.0,117605.5,0.0,0.0,0.0,0.0,0.0,0.0,100.0,0.7253474221334146,0.7640041318115623,0.8326446980729502,0.7313108905973065,0.7504402750025401,0.7338565832401982,0.733918673304659,0.7339327846829455,0.7313108905973065,0.7313108905973065,0.8373042751831656,0.7320841941274088,0.8372478296700195,0.8488360935189262,0.8371095381628114,0.7313108905973065,0.7313108905973065,0.7313108905973065,0.7313108905973065,0.7317172982919588,0.7688697350447613,0,3.9318256327243257,5,6
0.7115944728553527,1.1289102629232002e-05,0.005382079678486357,0.8830928754473307,0.31506192072792133,0.13522933811991286,0.7271960126889514,0.006169494586875289,0.8813487090911144,9.0,0.00023707115521387205,0.7444683397116764,1.0,0.0,0.0,2.0,6.0,158.0,158.0,24.0,158.0,24.0,0.0,43.125,0.6666659712791443,158.0,26.0,0.0,0.0,0.0,158.0,0.5770283695149072,0.5770283695149072,0.5770283695149072,0.08535126042830855,0.21565572752621895,0.3209435431977512,0.7118428331131958,0.7118371885618812,0.7118371885618812,1.0,1.0,1.0,1.0,1.0,1.0,1.0,1.0,1.0,0.0,0.0,0.0,1.0,0.0,0.0,1.0,1.0,1.0,1.0,1.0,1.0,0.0,0.0,0.0,0.0,0.0,1.0,1.0,0.0,1.0,0.0,1.0,1.0,1.0,1.0,0.0,0.0,0.0,0.0,0.0,1.0,1.0,0.0,0.0,1.0,1.0,0.0,1.0,1.0,1.0,0.0,0.0,0.0,0.0,0.0,1.0,1.0,0.0,0.0,1.0,1.0,0.0,1.0,1.0,1.0,0.0,0.0,0.0,0.0,0.0,0.0,0.0,0.0,0.0,0.0,0.0,0.0,0.0,0.0,0.0,1.0,1.0,1.0,1.0,1.0,1.0,1.0,1.0,1.0,1.0,1.0,1.0,1.0,1.0,1.0,1.0,1.0,1.0,1.0,0.0,0.0,0.0,0.0,0.0,0.0,0.0,0.0,0.0,0.0,0.0,0.0,1.0,1.0,0.0,0.0,0.0,0.0,0.0,0.0,1.0,1.0,1.0,1.0,1.0,0.0,0.0,0.0,0.0,0.0,0.0,0.0,1.0,1.0,0.0,0.0,0.0,0.0,1.0,0.0,0.0,0.0,0.0,0.0,0.0,0.0,0.0,1.0,1.0,1.0,1.0,1.0,1.0,1.0,1.0,1.0,1.0,1.0,0.0,0.0,0.0,0.0,0.0,0.0,0.0,0.0,0.0,0.0,0.0,0.0,0.0,0.0,0.0,0.0,1.0,0.0,0.0,0.0,0.0,1.0,1.0,0.0,0.0,0.0,0.0,0.0,0.0,0.0,0.0,0.0,1.0,1.0,1.0,1.0,1.0,1.0,1.0,1.0,1.0,1.0,1.0,1.0,1.0,1.0,1.0,1.0,1.0,0.0,0.0,0.0,0.0,0.0,0.0,0.0,0.0,0.0,0.0,0.0,0.0,0.0,0.0,0.0,0.0,0.0,0.0,0.0,1.0,0.0,0.0,0.0,0.0,1.0,2.0,0.0,0.0,0.0,0.0,0.0,0.0,0.0,0.0,0.0,1.0,0.0,49.0,0.0,0.0,49.0,0.0,0.0,0.0,0.0,0.0,0.0,0.0,0.0,0.0,0.0,0.0,0.0,0.0,0.0,0.0,0.0,0.0,0.0,0.0,0.0,0.0,0.0,0.0,-5.0,117605.5,0.0,0.0,0.0,0.0,0.0,0.0,100.0,0.7253474221334146,0.7640041318115623,0.8326446980729502,0.7313108905973065,0.7504402750025401,0.7338565832401982,0.733918673304659,0.7339327846829455,0.7313108905973065,0.7313108905973065,0.8373042751831656,0.7320841941274088,0.8372478296700195,0.8488360935189262,0.8371095381628114,0.7313108905973065,0.7313108905973065,0.7313108905973065,0.7313108905973065,0.7317172982919588,0.7688697350447613,0,4.532599493153256,16,5
0.11594190627786997,0.004741423104277441,0.013939219471444214,0.09515866833745386,0.31506192072792133,0.13522933811991286,0.7271960126889514,0.10986272451202854,0.10986272451202854,9.0,0.38170431582393516,0.10529628249850419,3.0,0.0,0.0,0.0,3.0,0.0,98.0,8.0,178.0,178.0,178.0,43.125,0.6666659712791443,0.0,26.0,178.0,0.0,234.0,0.0,0.5770283695149072,0.5770283695149072,0.5770283695149072,0.32066978245899236,0.60925311297005,0.3209435431977512,0.7118428331131958,0.7118371885618812,0.7118371885618812,1.0,1.0,1.0,1.0,1.0,1.0,1.0,1.0,1.0,0.0,0.0,0.0,1.0,1.0,1.0,1.0,1.0,1.0,1.0,1.0,1.0,0.0,0.0,1.0,0.0,0.0,1.0,1.0,1.0,1.0,1.0,1.0,1.0,1.0,1.0,0.0,1.0,1.0,0.0,0.0,1.0,1.0,1.0,1.0,1.0,1.0,1.0,1.0,1.0,1.0,0.0,0.0,1.0,0.0,0.0,1.0,1.0,1.0,1.0,1.0,1.0,1.0,1.0,1.0,1.0,0.0,0.0,1.0,0.0,0.0,0.0,0.0,0.0,0.0,0.0,0.0,0.0,0.0,0.0,0.0,1.0,1.0,1.0,1.0,1.0,1.0,1.0,1.0,1.0,1.0,1.0,1.0,1.0,1.0,1.0,1.0,1.0,1.0,1.0,0.0,0.0,0.0,0.0,0.0,0.0,0.0,0.0,0.0,0.0,0.0,0.0,1.0,1.0,0.0,0.0,0.0,0.0,0.0,0.0,1.0,1.0,1.0,1.0,1.0,0.0,0.0,0.0,0.0,0.0,0.0,0.0,1.0,1.0,0.0,0.0,0.0,0.0,1.0,0.0,0.0,0.0,0.0,0.0,0.0,0.0,0.0,1.0,1.0,1.0,1.0,1.0,1.0,1.0,1.0,1.0,1.0,1.0,0.0,0.0,0.0,0.0,0.0,0.0,0.0,0.0,0.0,0.0,0.0,0.0,0.0,0.0,0.0,0.0,0.0,0.0,0.0,0.0,0.0,1.0,1.0,0.0,0.0,0.0,0.0,0.0,0.0,0.0,0.0,0.0,1.0,1.0,1.0,1.0,0.0,1.0,1.0,1.0,0.0,1.0,0.0,1.0,1.0,0.0,1.0,1.0,1.0,0.0,0.0,0.0,0.0,0.0,0.0,0.0,0.0,0.0,0.0,0.0,0.0,0.0,0.0,0.0,0.0,1.0,1.0,0.0,0.0,0.0,0.0,0.0,0.0,1.0,1.0,0.0,0.0,0.0,0.0,0.0,0.0,0.0,1.0,1.0,1.0,0.0,0.0,0.0,0.0,0.0,0.0,0.0,0.0,0.0,0.0,0.0,0.0,0.0,0.0,0.0,0.0,0.0,0.0,0.0,0.0,0.0,0.0,0.0,0.0,0.0,0.0,0.0,0.0,-5.0,136168.0,0.0,0.0,0.0,0.0,0.0,0.0,100.0,0.23774003454465403,0.11191734119054876,0.8326446980729502,0.12329957891647193,0.12677380025061807,0.09363463948250754,0.006894819430803446,0.012310766417177498,0.12511994671543558,0.12835991917002518,0.8373042751831656,0.0054667479482055975,0.8372478296700195,0.8488360935189262,0.8371095381628114,0.1058635599056231,0.25404432101692237,0.20965556947878214,0.11382519953488897,0.1654474435827096,0.09231381447488739,1,3.808327769089381,22,1
0.11594190627786997,0.0024328016165994963,0.027421230286404533,0.09515866833745386,0.6530604757227848,0.5046285320779851,0.2703796525214211,0.10986272451202854,0.10986272451202854,9.0,0.07852699788893781,0.04876610108262494,1.0,0.0,0.0,0.0,1.0,0.0,98.0,8.0,0.0,9.0,0.0,43.125,0.6666659712791443,0.0,26.0,0.0,0.0,0.0,0.0,0.5770283695149072,0.5770283695149072,0.5770283695149072,0.09955577381153972,0.60925311297005,0.3209435431977512,0.7118428331131958,0.7118371885618812,0.7118371885618812,1.0,1.0,1.0,1.0,1.0,1.0,1.0,1.0,1.0,0.0,0.0,0.0,1.0,1.0,1.0,1.0,1.0,1.0,1.0,1.0,1.0,0.0,0.0,1.0,0.0,0.0,1.0,1.0,1.0,1.0,1.0,1.0,1.0,1.0,1.0,0.0,1.0,1.0,0.0,0.0,1.0,1.0,1.0,1.0,1.0,1.0,1.0,1.0,1.0,1.0,0.0,0.0,1.0,0.0,0.0,1.0,1.0,1.0,1.0,1.0,1.0,1.0,1.0,1.0,1.0,0.0,0.0,1.0,0.0,0.0,0.0,0.0,0.0,0.0,0.0,0.0,0.0,0.0,0.0,0.0,1.0,1.0,1.0,1.0,1.0,1.0,1.0,1.0,1.0,1.0,1.0,1.0,1.0,1.0,1.0,1.0,1.0,1.0,1.0,0.0,0.0,0.0,0.0,0.0,0.0,0.0,0.0,0.0,0.0,0.0,0.0,1.0,1.0,0.0,0.0,0.0,0.0,0.0,0.0,1.0,1.0,1.0,1.0,1.0,0.0,0.0,0.0,0.0,0.0,0.0,0.0,1.0,1.0,0.0,0.0,0.0,0.0,1.0,0.0,0.0,0.0,0.0,0.0,0.0,0.0,0.0,1.0,1.0,1.0,1.0,1.0,1.0,1.0,1.0,1.0,1.0,1.0,0.0,0.0,0.0,0.0,0.0,0.0,0.0,0.0,0.0,0.0,0.0,0.0,0.0,0.0,0.0,0.0,1.0,0.0,0.0,0.0,0.0,1.0,1.0,0.0,0.0,0.0,0.0,0.0,0.0,0.0,0.0,0.0,1.0,1.0,1.0,1.0,1.0,1.0,1.0,1.0,1.0,1.0,1.0,1.0,1.0,1.0,1.0,1.0,1.0,0.0,0.0,0.0,0.0,0.0,0.0,0.0,0.0,0.0,0.0,0.0,0.0,0.0,0.0,0.0,0.0,1.0,1.0,0.0,0.0,0.0,0.0,0.0,0.0,1.0,1.0,0.0,0.0,0.0,0.0,0.0,0.0,0.0,1.0,1.0,1.0,0.0,0.0,0.0,0.0,0.0,0.0,0.0,0.0,0.0,0.0,0.0,0.0,0.0,0.0,0.0,0.0,0.0,0.0,0.0,0.0,0.0,0.0,0.0,0.0,0.0,0.0,0.0,0.0,-5.0,143825.0,0.0,0.0,0.0,0.0,0.0,0.0,100.0,0.23774003454465403,0.11191734119054876,0.8326446980729502,0.126260146080988,0.12677380025061807,0.09363463948250754,0.006894819430803446,0.00622594010002145,0.143569162687258,0.12835991917002518,0.8373042751831656,0.0004007631433377361,0.8372478296700195,0.8488360935189262,0.8371095381628114,0.1058635599056231,0.25404432101692237,0.20965556947878214,0.1548639098678046,0.1654474435827096,0.7688697350447613,1,2.4767064532226604,2,3
0.07510639979228051,0.009855386595319537,0.01179993452320475,0.8830928754473307,0.6530604757227848,0.5046285320779851,0.2703796525214211,0.026128628035357468,0.8813487090911144,9.0,0.1693958072272835,0.7444683397116764,1.0,0.0,0.0,0.0,1.0,0.0,98.0,8.0,0.0,9.0,0.0,63.95833206176758,0.9583330154418944,10.0,26.0,0.0,0.0,0.0,0.0,0.5770283695149072,0.5770283695149072,0.5770283695149072,0.49442318330115936,0.60925311297005,0.3209435431977512,0.7118428331131958,0.7118371885618812,0.7118371885618812,1.0,1.0,1.0,1.0,1.0,1.0,1.0,1.0,1.0,0.0,1.0,1.0,1.0,0.0,0.0,1.0,1.0,1.0,1.0,1.0,1.0,0.0,0.0,0.0,0.0,0.0,1.0,1.0,1.0,1.0,1.0,1.0,1.0,1.0,1.0,0.0,0.0,0.0,1.0,1.0,1.0,1.0,0.0,0.0,1.0,1.0,0.0,1.0,1.0,1.0,0.0,0.0,0.0,0.0,0.0,1.0,1.0,0.0,1.0,1.0,1.0,1.0,1.0,1.0,1.0,0.0,0.0,0.0,0.0,0.0,0.0,0.0,0.0,0.0,0.0,0.0,0.0,0.0,0.0,0.0,1.0,1.0,1.0,1.0,1.0,1.0,1.0,1.0,1.0,1.0,1.0,1.0,1.0,1.0,1.0,1.0,1.0,1.0,1.0,0.0,0.0,0.0,0.0,0.0,0.0,0.0,0.0,0.0,0.0,0.0,0.0,0.0,0.0,0.0,0.0,26.0,14.0,0.0,0.0,0.0,0.0,0.0,0.0,0.0,0.0,0.0,2365.0,1280.0,0.0,0.0,0.0,1.0,1.0,0.0,0.0,0.0,0.0,1.0,0.0,0.0,0.0,0.0,0.0,0.0,0.0,0.0,1.0,1.0,1.0,1.0,1.0,1.0,1.0,1.0,1.0,1.0,1.0,0.0,0.0,0.0,0.0,0.0,0.0,0.0,0.0,0.0,0.0,0.0,0.0,0.0,0.0,0.0,0.0,1.0,0.0,0.0,0.0,0.0,1.0,1.0,0.0,0.0,0.0,0.0,0.0,0.0,0.0,0.0,0.0,1.0,1.0,1.0,1.0,1.0,1.0,1.0,1.0,1.0,1.0,1.0,1.0,1.0,1.0,1.0,1.0,1.0,0.0,0.0,0.0,0.0,0.0,0.0,0.0,0.0,0.0,0.0,0.0,0.0,0.0,0.0,0.0,0.0,1.0,1.0,0.0,0.0,0.0,0.0,0.0,0.0,1.0,1.0,0.0,0.0,0.0,0.0,0.0,0.0,0.0,1.0,1.0,1.0,0.0,0.0,0.0,0.0,0.0,0.0,0.0,0.0,0.0,0.0,0.0,0.0,0.0,0.0,0.0,0.0,0.0,0.0,0.0,0.0,0.0,0.0,0.0,0.0,0.0,0.0,0.0,0.0,0.0,44484.0,0.0,0.0,0.0,0.0,0.0,0.0,100.0,0.23774003454465403,0.7640041318115623,0.09010397263521523,0.126260146080988,0.12278592474684187,0.16532326345378806,0.004075366049152753,0.005692530000790237,0.143569162687258,0.1403291902326684,0.005308700511396349,0.019956311172824873,0.10807622402095257,0.004371704993170093,0.12278874702249919,0.16282554949707048,0.25404432101692237,0.20965556947878214,0.1548639098678046,0.1654474435827096,0.026868064257572166,1,5.303304908059076,23,4
0.7115944728553527,0.004145922940585453,0.005263544100879421,0.8830928754473307,0.31506192072792133,0.13522933811991286,0.7271960126889514,0.06695566769397501,0.8813487090911144,9.0,0.15974080220363282,0.7444683397116764,1.0,0.0,0.0,0.0,1.0,0.0,98.0,8.0,19.0,9.0,0.0,43.125,0.6666659712791443,0.0,26.0,0.0,0.0,0.0,42.0,0.5770283695149072,0.5770283695149072,0.5770283695149072,0.49442318330115936,0.60925311297005,0.3209435431977512,0.7118428331131958,0.7118371885618812,0.7118371885618812,1.0,1.0,1.0,1.0,1.0,1.0,1.0,1.0,1.0,0.0,0.0,0.0,1.0,0.0,0.0,0.0,0.0,1.0,1.0,0.0,0.0,0.0,0.0,0.0,0.0,1.0,1.0,1.0,0.0,1.0,0.0,1.0,1.0,1.0,1.0,0.0,0.0,0.0,0.0,0.0,1.0,1.0,0.0,0.0,0.0,0.0,0.0,1.0,0.0,0.0,0.0,0.0,0.0,0.0,1.0,1.0,1.0,0.0,0.0,1.0,1.0,0.0,1.0,1.0,1.0,0.0,0.0,0.0,0.0,0.0,0.0,0.0,0.0,0.0,0.0,0.0,0.0,0.0,0.0,0.0,1.0,1.0,1.0,1.0,1.0,1.0,1.0,1.0,1.0,1.0,1.0,1.0,1.0,1.0,1.0,1.0,1.0,1.0,1.0,0.0,0.0,0.0,0.0,0.0,0.0,0.0,0.0,0.0,0.0,0.0,0.0,1.0,1.0,0.0,0.0,0.0,0.0,0.0,0.0,1.0,1.0,1.0,1.0,1.0,0.0,0.0,0.0,0.0,0.0,0.0,0.0,1.0,1.0,0.0,0.0,0.0,0.0,1.0,0.0,0.0,0.0,0.0,0.0,0.0,0.0,0.0,1.0,1.0,1.0,1.0,1.0,1.0,1.0,1.0,1.0,1.0,1.0,0.0,0.0,0.0,0.0,0.0,0.0,0.0,0.0,0.0,0.0,0.0,0.0,0.0,0.0,0.0,0.0,1.0,0.0,0.0,0.0,0.0,1.0,1.0,0.0,0.0,0.0,0.0,0.0,0.0,0.0,0.0,0.0,1.0,1.0,1.0,1.0,1.0,1.0,1.0,1.0,1.0,1.0,1.0,1.0,1.0,1.0,1.0,1.0,1.0,0.0,0.0,0.0,0.0,0.0,0.0,0.0,0.0,0.0,0.0,0.0,0.0,0.0,0.0,0.0,0.0,1.0,1.0,0.0,0.0,0.0,0.0,0.0,0.0,1.0,1.0,0.0,0.0,0.0,0.0,0.0,0.0,0.0,0.0,0.0,1.0,0.0,0.0,0.0,0.0,0.0,0.0,0.0,0.0,0.0,0.0,0.0,0.0,0.0,0.0,0.0,0.0,0.0,0.0,0.0,0.0,0.0,0.0,0.0,0.0,0.0,0.0,0.0,0.0,-5.0,117605.5,0.0,0.0,0.0,0.0,0.0,0.0,100.0,0.7253474221334146,0.7640041318115623,0.8326446980729502,0.7313108905973065,0.7504402750025401,0.7338565832401982,0.733918673304659,0.7339327846829455,0.7313108905973065,0.7313108905973065,0.8373042751831656,0.7320841941274088,0.8372478296700195,0.8488360935189262,0.8371095381628114,0.7313108905973065,0.7313108905973065,0.7313108905973065,0.7313108905973065,0.7317172982919588,0.7688697350447613,0,4.0943445622221,4,4
0.7115944728553527,0.0038693399261692687,0.005794131924453326,0.8830928754473307,0.31506192072792133,0.041323760174303746,0.7271960126889514,0.041933371716282274,0.8813487090911144,3.0,0.38170431582393516,0.7444683397116764,122.0,0.0,152.0,66.0,509.0,0.0,98.0,8.0,375.0,164.0,0.0,43.125,0.6666659712791443,375.0,324.0,0.0,0.0,0.0,375.0,0.4229518745554916,0.3777305516984455,0.3310360009482846,0.49442318330115936,0.60925311297005,0.3673728000361251,0.038907892211648094,0.10557004323726307,0.2421710073266276,1.0,1.0,1.0,1.0,1.0,1.0,1.0,1.0,1.0,0.0,0.0,0.0,1.0,0.0,0.0,1.0,1.0,1.0,1.0,1.0,1.0,0.0,0.0,0.0,0.0,0.0,1.0,1.0,0.0,1.0,0.0,1.0,1.0,1.0,1.0,0.0,0.0,0.0,1.0,1.0,1.0,1.0,0.0,0.0,1.0,1.0,0.0,1.0,1.0,1.0,0.0,1.0,0.0,0.0,0.0,1.0,1.0,0.0,0.0,1.0,1.0,0.0,1.0,1.0,1.0,0.0,0.0,0.0,0.0,0.0,0.0,0.0,0.0,0.0,0.0,0.0,0.0,0.0,0.0,0.0,1.0,1.0,1.0,1.0,1.0,1.0,1.0,1.0,1.0,1.0,1.0,1.0,1.0,1.0,1.0,1.0,1.0,1.0,1.0,0.0,0.0,0.0,0.0,0.0,0.0,0.0,0.0,0.0,0.0,0.0,0.0,1.0,1.0,0.0,0.0,0.0,0.0,0.0,0.0,1.0,1.0,1.0,1.0,1.0,0.0,0.0,0.0,0.0,0.0,0.0,0.0,1.0,1.0,0.0,0.0,0.0,0.0,1.0,0.0,0.0,0.0,0.0,0.0,0.0,0.0,0.0,1.0,1.0,1.0,1.0,1.0,1.0,1.0,1.0,1.0,1.0,1.0,0.0,0.0,0.0,0.0,0.0,0.0,0.0,0.0,0.0,0.0,0.0,0.0,0.0,0.0,0.0,0.0,1.0,0.0,0.0,0.0,0.0,1.0,1.0,0.0,0.0,0.0,0.0,0.0,0.0,0.0,0.0,0.0,1.0,1.0,1.0,1.0,1.0,1.0,1.0,1.0,1.0,1.0,1.0,1.0,1.0,1.0,1.0,1.0,1.0,0.0,0.0,0.0,0.0,0.0,0.0,0.0,0.0,0.0,0.0,0.0,0.0,0.0,0.0,0.0,0.0,1.0,1.0,0.0,0.0,0.0,0.0,0.0,0.0,1.0,1.0,0.0,0.0,0.0,0.0,0.0,0.0,0.0,0.0,0.0,1.0,0.0,0.0,0.0,0.0,0.0,0.0,0.0,0.0,0.0,0.0,0.0,0.0,0.0,0.0,0.0,0.0,0.0,0.0,0.0,0.0,0.0,0.0,0.0,0.0,0.0,0.0,0.0,0.0,-5.0,117605.5,0.0,0.0,0.0,0.0,0.0,0.0,100.0,0.7253474221334146,0.7640041318115623,0.8326446980729502,0.7313108905973065,0.7504402750025401,0.7338565832401982,0.733918673304659,0.7339327846829455,0.7313108905973065,0.7313108905973065,0.8373042751831656,0.7320841941274088,0.8372478296700195,0.8488360935189262,0.8371095381628114,0.7313108905973065,0.7313108905973065,0.7313108905973065,0.7313108905973065,0.7317172982919588,0.7688697350447613,0,3.4641721808235437,15,3
0.07953737257425407,0.0007817703570743162,0.07636513473543988,0.8830928754473307,0.6530604757227848,0.5046285320779851,0.7271960126889514,0.0269160429437464,0.8813487090911144,9.0,0.38170431582393516,0.008029374245041262,1.0,0.0,0.0,0.0,1.0,0.0,98.0,8.0,19.0,9.0,0.0,43.125,0.6666659712791443,10.0,26.0,0.0,0.0,0.0,42.0,0.5770283695149072,0.5770283695149072,0.5770283695149072,0.49442318330115936,0.60925311297005,0.3209435431977512,0.7118428331131958,0.7118371885618812,0.7118371885618812,1.0,1.0,1.0,1.0,1.0,1.0,1.0,1.0,1.0,0.0,1.0,1.0,1.0,0.0,0.0,1.0,1.0,1.0,1.0,1.0,1.0,0.0,0.0,0.0,0.0,1.0,1.0,1.0,0.0,1.0,0.0,1.0,1.0,1.0,1.0,0.0,0.0,0.0,1.0,1.0,1.0,1.0,0.0,0.0,1.0,1.0,0.0,1.0,1.0,1.0,0.0,0.0,0.0,0.0,1.0,1.0,1.0,0.0,0.0,1.0,1.0,0.0,1.0,1.0,1.0,0.0,0.0,0.0,0.0,0.0,0.0,0.0,0.0,0.0,0.0,0.0,0.0,0.0,0.0,0.0,1.0,1.0,1.0,1.0,1.0,1.0,1.0,1.0,1.0,1.0,1.0,1.0,1.0,1.0,1.0,1.0,1.0,1.0,1.0,0.0,0.0,0.0,0.0,0.0,0.0,0.0,0.0,0.0,0.0,0.0,0.0,1.0,1.0,0.0,0.0,0.0,0.0,0.0,0.0,1.0,1.0,1.0,1.0,1.0,0.0,0.0,0.0,0.0,0.0,0.0,0.0,1.0,1.0,0.0,0.0,0.0,0.0,1.0,0.0,0.0,0.0,0.0,0.0,0.0,0.0,0.0,1.0,1.0,1.0,1.0,1.0,1.0,1.0,1.0,1.0,1.0,1.0,0.0,0.0,0.0,0.0,0.0,0.0,0.0,0.0,0.0,0.0,0.0,0.0,0.0,0.0,0.0,0.0,1.0,0.0,0.0,0.0,0.0,1.0,1.0,0.0,0.0,0.0,0.0,0.0,0.0,0.0,0.0,0.0,1.0,1.0,1.0,1.0,1.0,1.0,1.0,1.0,1.0,1.0,1.0,1.0,1.0,1.0,1.0,1.0,1.0,0.0,0.0,0.0,0.0,0.0,0.0,0.0,0.0,0.0,0.0,0.0,0.0,0.0,0.0,0.0,0.0,1.0,1.0,0.0,0.0,0.0,0.0,0.0,0.0,1.0,1.0,0.0,0.0,0.0,0.0,0.0,0.0,0.0,1.0,1.0,1.0,0.0,0.0,0.0,0.0,0.0,0.0,0.0,0.0,0.0,0.0,0.0,0.0,0.0,0.0,0.0,0.0,0.0,0.0,0.0,0.0,0.0,0.0,0.0,0.0,0.0,0.0,0.0,0.0,-5.0,86050.0,0.0,0.0,0.0,0.0,0.0,0.0,100.0,0.23774003454465403,0.07440929770492544,0.09010397263521523,0.12329957891647193,0.12677380025061807,0.16532326345378806,0.011238301667400459,0.01206805071064901,0.12511994671543558,0.12835991917002518,0.0030508799855499488,0.01875966629412628,0.10807622402095257,0.004371704993170093,0.12278874702249919,0.16282554949707048,0.25404432101692237,0.05903353992391145,0.11382519953488897,0.1654474435827096,0.026868064257572166,1,4.61512051684126,14,4
0.11594190627786997,0.017591244172000767,0.027421230286404533,0.09515866833745386,0.6530604757227848,0.03314480531942516,0.7271960126889514,0.10986272451202854,0.10986272451202854,9.0,0.38170431582393516,0.10529628249850419,2.0,0.0,0.0,0.0,2.0,0.0,98.0,8.0,358.0,358.0,358.0,43.125,0.6666659712791443,0.0,26.0,358.0,0.0,0.0,358.0,0.5770283695149072,0.5770283695149072,0.5770283695149072,0.09955577381153972,0.60925311297005,0.3209435431977512,0.7118428331131958,0.7118371885618812,0.7118371885618812,1.0,1.0,1.0,1.0,1.0,1.0,1.0,1.0,1.0,0.0,0.0,0.0,1.0,1.0,1.0,1.0,1.0,1.0,1.0,1.0,1.0,0.0,0.0,1.0,0.0,0.0,2.0,2.0,1.0,1.0,1.0,1.0,1.0,1.0,1.0,0.0,1.0,1.0,0.0,0.0,1.0,1.0,1.0,1.0,1.0,1.0,1.0,1.0,1.0,1.0,0.0,0.0,1.0,0.0,0.0,2.0,2.0,1.0,1.0,1.0,1.0,1.0,1.0,1.0,1.0,0.0,0.0,1.0,0.0,0.0,0.0,0.0,0.0,0.0,0.0,0.0,0.0,0.0,0.0,0.0,1.0,1.0,1.0,1.0,1.0,1.0,1.0,1.0,1.0,1.0,1.0,1.0,1.0,1.0,1.0,1.0,1.0,1.0,1.0,0.0,0.0,0.0,0.0,0.0,0.0,0.0,0.0,0.0,0.0,0.0,0.0,1.0,1.0,0.0,0.0,0.0,0.0,0.0,0.0,1.0,1.0,1.0,1.0,1.0,0.0,0.0,0.0,0.0,0.0,0.0,0.0,1.0,1.0,0.0,0.0,0.0,0.0,1.0,0.0,0.0,0.0,0.0,0.0,0.0,0.0,0.0,1.0,1.0,1.0,1.0,1.0,1.0,1.0,1.0,1.0,1.0,1.0,0.0,0.0,0.0,0.0,0.0,0.0,0.0,0.0,0.0,0.0,0.0,0.0,0.0,0.0,0.0,0.0,1.0,0.0,0.0,0.0,0.0,1.0,1.0,0.0,0.0,0.0,0.0,0.0,0.0,0.0,0.0,0.0,1.0,1.0,1.0,1.0,1.0,1.0,1.0,1.0,1.0,1.0,1.0,1.0,1.0,1.0,1.0,1.0,1.0,0.0,0.0,0.0,0.0,0.0,0.0,0.0,0.0,0.0,0.0,0.0,0.0,0.0,0.0,0.0,0.0,1.0,1.0,0.0,0.0,0.0,0.0,0.0,0.0,1.0,1.0,0.0,0.0,0.0,0.0,0.0,0.0,0.0,1.0,1.0,1.0,0.0,0.0,0.0,0.0,0.0,0.0,0.0,0.0,0.0,0.0,0.0,0.0,0.0,0.0,0.0,0.0,0.0,0.0,0.0,0.0,0.0,0.0,0.0,0.0,0.0,0.0,0.0,0.0,-5.0,195019.0,0.0,0.0,0.0,0.0,0.0,0.0,100.0,0.23774003454465403,0.11191734119054876,0.8326446980729502,0.12329957891647193,0.12677380025061807,0.09363463948250754,0.006894819430803446,0.00622594010002145,0.12511994671543558,0.12835991917002518,0.8373042751831656,0.06130264955238708,0.8372478296700195,0.8488360935189262,0.8371095381628114,0.1058635599056231,0.25404432101692237,0.20965556947878214,0.1548639098678046,0.1654474435827096,0.7688697350447613,1,2.767890201458227,23,2
0.7115944728553527,0.00015522516115194004,0.07187207188900555,0.8830928754473307,0.6530604757227848,0.5046285320779851,0.7271960126889514,0.006183605965161829,0.8813487090911144,7.0,0.15974080220363282,0.7444683397116764,3.0,0.0,0.0,2.0,17.0,2.0,2.0,2.0,19.0,9.0,0.0,43.125,0.6666659712791443,203.0,203.0,0.0,0.0,0.0,203.0,0.4229518745554916,0.3777305516984455,0.3310360009482846,0.08535126042830855,0.21565572752621895,0.3209435431977512,0.7118428331131958,0.7118371885618812,0.7118371885618812,1.0,1.0,1.0,0.0,0.0,1.0,1.0,1.0,1.0,0.0,1.0,1.0,1.0,0.0,0.0,0.0,0.0,1.0,1.0,1.0,1.0,0.0,0.0,0.0,0.0,1.0,1.0,1.0,0.0,1.0,0.0,1.0,1.0,1.0,1.0,0.0,0.0,0.0,1.0,1.0,1.0,1.0,0.0,0.0,0.0,0.0,0.0,1.0,1.0,1.0,0.0,0.0,0.0,1.0,1.0,1.0,1.0,0.0,0.0,0.0,0.0,0.0,1.0,1.0,1.0,0.0,0.0,0.0,0.0,1.0,1.0,0.0,1.0,1.0,0.0,0.0,0.0,0.0,0.0,0.0,1.0,1.0,1.0,1.0,1.0,1.0,1.0,1.0,1.0,1.0,1.0,1.0,1.0,1.0,1.0,1.0,1.0,1.0,1.0,0.0,117.0,117.0,0.0,117.0,117.0,0.0,0.0,0.0,0.0,0.0,0.0,1.0,1.0,0.0,0.0,0.0,0.0,0.0,0.0,1.0,1.0,1.0,1.0,1.0,0.0,0.0,0.0,0.0,0.0,0.0,0.0,1.0,1.0,0.0,0.0,0.0,0.0,1.0,0.0,0.0,0.0,0.0,0.0,0.0,0.0,0.0,1.0,1.0,1.0,1.0,1.0,1.0,1.0,1.0,1.0,1.0,1.0,0.0,0.0,0.0,0.0,0.0,0.0,0.0,0.0,0.0,0.0,0.0,0.0,0.0,0.0,0.0,0.0,1.0,0.0,0.0,0.0,0.0,1.0,1.0,0.0,0.0,0.0,0.0,0.0,0.0,0.0,0.0,0.0,1.0,1.0,1.0,1.0,1.0,1.0,1.0,1.0,1.0,1.0,1.0,1.0,1.0,1.0,1.0,1.0,1.0,0.0,0.0,0.0,0.0,0.0,0.0,0.0,0.0,0.0,0.0,0.0,0.0,0.0,0.0,1.0,0.0,1.0,2.0,0.0,1.0,0.0,1.0,1.0,1.0,1.0,1.0,0.0,0.0,0.0,0.0,0.0,0.0,0.0,0.0,0.0,1.0,0.0,117.0,117.0,0.0,117.0,0.0,117.0,117.0,117.0,117.0,0.0,0.0,0.0,0.0,0.0,0.0,0.0,0.0,0.0,0.0,0.0,0.0,0.0,0.0,0.0,0.0,0.0,0.0,-5.0,117605.5,0.0,0.0,0.0,0.0,0.0,0.0,100.0,0.7253474221334146,0.7640041318115623,0.8326446980729502,0.7313108905973065,0.7504402750025401,0.7338565832401982,0.733918673304659,0.7339327846829455,0.7313108905973065,0.7313108905973065,0.8373042751831656,0.7320841941274088,0.8372478296700195,0.8488360935189262,0.8371095381628114,0.7313108905973065,0.7313108905973065,0.7313108905973065,0.7313108905973065,0.7317172982919588,0.7688697350447613,0,3.9512437185814275,21,3
0.7115944728553527,0.025908490534087444,0.029210553053137807,0.8830928754473307,0.31506192072792133,0.09485104029080728,0.7271960126889514,0.08114606969891963,0.8813487090911144,9.0,0.15974080220363282,0.7444683397116764,3.0,0.0,1.0,2.0,4.0,0.0,0.0,0.0,19.0,9.0,0.0,43.125,0.6666659712791443,0.0,0.0,0.0,0.0,0.0,0.0,0.4229518745554916,0.3777305516984455,0.3310360009482846,0.49442318330115936,0.60925311297005,0.3673728000361251,0.038907892211648094,0.10557004323726307,0.2421710073266276,1.0,1.0,1.0,0.0,0.0,1.0,1.0,1.0,1.0,1.0,1.0,1.0,1.0,0.0,0.0,0.0,0.0,1.0,1.0,1.0,1.0,0.0,1.0,0.0,0.0,1.0,1.0,1.0,0.0,1.0,0.0,1.0,1.0,1.0,1.0,0.0,0.0,0.0,1.0,1.0,1.0,1.0,0.0,0.0,0.0,0.0,0.0,1.0,1.0,1.0,0.0,1.0,0.0,1.0,1.0,1.0,1.0,0.0,0.0,0.0,0.0,0.0,1.0,1.0,1.0,0.0,1.0,0.0,1.0,1.0,1.0,1.0,1.0,1.0,0.0,0.0,0.0,0.0,0.0,0.0,1.0,1.0,1.0,1.0,1.0,1.0,1.0,1.0,1.0,1.0,1.0,1.0,1.0,1.0,1.0,1.0,1.0,1.0,1.0,58.95000076293945,58.95000076293945,58.95000076293945,58.95000076293945,58.95000076293945,58.95000076293945,0.0,0.0,0.0,0.0,0.0,0.0,1.0,1.0,0.0,0.0,0.0,0.0,0.0,0.0,1.0,1.0,1.0,1.0,1.0,0.0,0.0,0.0,0.0,0.0,0.0,0.0,1.0,1.0,0.0,0.0,0.0,0.0,1.0,0.0,0.0,0.0,0.0,0.0,0.0,0.0,0.0,1.0,1.0,1.0,1.0,1.0,1.0,1.0,1.0,1.0,1.0,1.0,0.0,0.0,0.0,0.0,0.0,0.0,0.0,0.0,0.0,0.0,0.0,0.0,0.0,0.0,0.0,0.0,1.0,0.0,0.0,0.0,0.0,1.0,1.0,0.0,0.0,0.0,0.0,0.0,0.0,0.0,0.0,0.0,1.0,1.0,1.0,1.0,1.0,1.0,1.0,1.0,1.0,1.0,1.0,1.0,1.0,1.0,1.0,1.0,1.0,0.0,0.0,0.0,0.0,0.0,0.0,0.0,0.0,0.0,0.0,0.0,0.0,0.0,1.0,1.0,1.0,2.0,2.0,1.0,1.0,1.0,1.0,1.0,1.0,1.0,1.0,0.0,0.0,0.0,0.0,0.0,0.0,0.0,0.0,0.0,1.0,58.95000076293945,58.95000076293945,58.95000076293945,58.95000076293945,58.95000076293945,58.95000076293945,58.95000076293945,58.95000076293945,58.95000076293945,58.95000076293945,0.0,0.0,0.0,0.0,0.0,0.0,0.0,0.0,0.0,0.0,0.0,0.0,0.0,0.0,0.0,0.0,0.0,0.0,-5.0,117605.5,0.0,0.0,0.0,0.0,0.0,0.0,100.0,0.7253474221334146,0.7640041318115623,0.8326446980729502,0.7313108905973065,0.7504402750025401,0.7338565832401982,0.733918673304659,0.7339327846829455,0.7313108905973065,0.7313108905973065,0.8373042751831656,0.7320841941274088,0.8372478296700195,0.8488360935189262,0.8371095381628114,0.7313108905973065,0.7313108905973065,0.7313108905973065,0.7313108905973065,0.7317172982919588,0.7688697350447613,0,4.093510881473524,18,2
0.7115944728553527,0.006844018468971902,0.025939535566317833,0.8830928754473307,0.31506192072792133,0.04845282848466376,0.2703796525214211,0.08114606969891963,0.8813487090911144,0.0,0.06546268387125907,0.7444683397116764,1.0,0.0,0.0,1.0,3.0,63.0,63.0,37.0,63.0,37.0,0.0,43.125,0.6666659712791443,63.0,63.0,0.0,0.0,0.0,63.0,0.4229518745554916,0.3777305516984455,0.3310360009482846,0.32066978245899236,0.21565572752621895,0.31168365676612364,0.24924927467515606,0.10557004323726307,0.2421710073266276,1.0,1.0,1.0,1.0,1.0,1.0,1.0,1.0,1.0,0.0,1.0,1.0,1.0,0.0,0.0,1.0,1.0,1.0,1.0,1.0,1.0,0.0,0.0,0.0,1.0,1.0,1.0,1.0,0.0,1.0,0.0,1.0,1.0,1.0,1.0,0.0,0.0,0.0,1.0,1.0,1.0,1.0,0.0,0.0,1.0,1.0,0.0,1.0,1.0,1.0,0.0,0.0,0.0,1.0,1.0,1.0,1.0,0.0,0.0,1.0,1.0,0.0,1.0,1.0,1.0,0.0,0.0,0.0,0.0,0.0,0.0,0.0,0.0,0.0,0.0,0.0,0.0,0.0,0.0,0.0,1.0,1.0,1.0,1.0,1.0,1.0,1.0,1.0,1.0,1.0,1.0,1.0,1.0,1.0,1.0,1.0,1.0,1.0,1.0,0.0,0.0,0.0,0.0,0.0,0.0,0.0,0.0,0.0,0.0,0.0,0.0,1.0,1.0,0.0,0.0,0.0,0.0,0.0,0.0,1.0,1.0,1.0,1.0,1.0,0.0,0.0,0.0,0.0,0.0,0.0,0.0,1.0,1.0,0.0,0.0,0.0,0.0,1.0,0.0,0.0,0.0,0.0,0.0,0.0,0.0,0.0,1.0,1.0,1.0,1.0,1.0,1.0,1.0,1.0,1.0,1.0,1.0,0.0,0.0,0.0,0.0,0.0,0.0,0.0,0.0,0.0,0.0,0.0,0.0,0.0,0.0,0.0,0.0,1.0,0.0,0.0,0.0,0.0,1.0,1.0,0.0,0.0,0.0,0.0,0.0,0.0,0.0,0.0,0.0,1.0,1.0,1.0,1.0,1.0,1.0,1.0,1.0,1.0,1.0,1.0,1.0,1.0,1.0,1.0,1.0,1.0,0.0,0.0,0.0,0.0,0.0,0.0,0.0,0.0,0.0,0.0,0.0,0.0,0.0,0.0,0.0,0.0,0.0,0.0,0.0,0.0,0.0,0.0,0.0,0.0,1.0,1.0,0.0,0.0,0.0,0.0,0.0,0.0,0.0,0.0,0.0,1.0,0.0,0.0,0.0,0.0,0.0,0.0,0.0,0.0,117.0,0.0,0.0,0.0,0.0,0.0,0.0,0.0,0.0,0.0,0.0,0.0,0.0,0.0,0.0,0.0,0.0,0.0,0.0,0.0,-5.0,117605.5,0.0,0.0,0.0,0.0,0.0,0.0,100.0,0.7253474221334146,0.7640041318115623,0.8326446980729502,0.7313108905973065,0.7504402750025401,0.7338565832401982,0.733918673304659,0.7339327846829455,0.7313108905973065,0.7313108905973065,0.8373042751831656,0.7320841941274088,0.8372478296700195,0.8488360935189262,0.8371095381628114,0.7313108905973065,0.7313108905973065,0.7313108905973065,0.7313108905973065,0.7317172982919588,0.7688697350447613,0,6.100318952020064,19,6
0.7115944728553527,2.8222756573080004e-06,0.008777277294227882,0.8830928754473307,0.31506192072792133,0.13522933811991286,0.7271960126889514,0.02337408699382486,0.8813487090911144,28.0,0.1693958072272835,0.7444683397116764,3.0,0.0,0.0,1.0,26.0,439.0,439.0,29.0,404.0,29.0,0.0,43.125,0.6666659712791443,0.0,404.0,0.0,0.0,0.0,461.0,0.4229518745554916,0.3777305516984455,0.3310360009482846,0.08535126042830855,0.21565572752621895,0.3673728000361251,0.24924927467515606,0.1825927682008557,0.2421710073266276,1.0,1.0,1.0,1.0,1.0,1.0,1.0,1.0,1.0,0.0,1.0,1.0,1.0,0.0,0.0,1.0,1.0,1.0,1.0,1.0,1.0,0.0,0.0,0.0,1.0,1.0,1.0,1.0,0.0,1.0,0.0,2.0,2.0,1.0,1.0,0.0,0.0,0.0,0.0,0.0,1.0,1.0,0.0,0.0,0.0,0.0,0.0,1.0,1.0,1.0,0.0,0.0,0.0,0.0,0.0,1.0,1.0,0.0,0.0,1.0,1.0,0.0,1.0,1.0,1.0,0.0,0.0,0.0,0.0,0.0,0.0,0.0,0.0,0.0,0.0,0.0,0.0,0.0,0.0,0.0,1.0,1.0,1.0,1.0,1.0,1.0,1.0,1.0,1.0,1.0,1.0,1.0,1.0,1.0,1.0,1.0,1.0,1.0,1.0,0.0,0.0,0.0,0.0,0.0,0.0,0.0,0.0,0.0,0.0,0.0,0.0,1.0,1.0,0.0,0.0,0.0,0.0,0.0,0.0,1.0,1.0,1.0,1.0,1.0,0.0,0.0,0.0,0.0,0.0,0.0,0.0,1.0,1.0,0.0,0.0,0.0,0.0,1.0,0.0,0.0,0.0,0.0,0.0,0.0,0.0,0.0,1.0,1.0,1.0,1.0,1.0,1.0,1.0,1.0,1.0,1.0,1.0,0.0,0.0,0.0,0.0,0.0,0.0,0.0,0.0,0.0,0.0,0.0,0.0,0.0,0.0,0.0,0.0,1.0,0.0,0.0,0.0,0.0,1.0,1.0,0.0,0.0,0.0,0.0,0.0,0.0,0.0,0.0,0.0,1.0,1.0,1.0,1.0,1.0,1.0,1.0,1.0,1.0,1.0,1.0,1.0,1.0,1.0,1.0,1.0,1.0,0.0,0.0,0.0,0.0,0.0,0.0,0.0,0.0,0.0,0.0,0.0,0.0,0.0,0.0,0.0,0.0,0.0,0.0,0.0,1.0,0.0,0.0,0.0,0.0,1.0,2.0,0.0,0.0,0.0,0.0,0.0,0.0,0.0,0.0,0.0,1.0,0.0,54.0,0.0,0.0,54.0,0.0,0.0,0.0,0.0,0.0,0.0,0.0,0.0,0.0,0.0,0.0,0.0,0.0,0.0,0.0,0.0,0.0,0.0,0.0,0.0,0.0,0.0,0.0,-5.0,117605.5,0.0,0.0,0.0,0.0,0.0,0.0,100.0,0.7253474221334146,0.7640041318115623,0.8326446980729502,0.7313108905973065,0.7504402750025401,0.7338565832401982,0.733918673304659,0.7339327846829455,0.7313108905973065,0.7313108905973065,0.8373042751831656,0.7320841941274088,0.8372478296700195,0.8488360935189262,0.8371095381628114,0.7313108905973065,0.7313108905973065,0.7313108905973065,0.7313108905973065,0.7317172982919588,0.7688697350447613,0,4.941642422609304,18,4
0.7115944728553527,4.5156410516928007e-05,0.01705218952145494,0.8830928754473307,0.6530604757227848,0.09485104029080728,0.7271960126889514,0.06695566769397501,0.8813487090911144,9.0,0.38170431582393516,0.7444683397116764,1.0,0.0,0.0,1.0,1.0,0.0,98.0,0.0,0.0,9.0,0.0,43.125,0.6666659712791443,0.0,26.0,0.0,0.0,0.0,0.0,0.5770283695149072,0.5770283695149072,0.5770283695149072,0.32066978245899236,0.17509115950373105,0.3673728000361251,0.7118428331131958,0.7118371885618812,0.7118371885618812,1.0,1.0,1.0,1.0,1.0,1.0,1.0,1.0,1.0,0.0,0.0,0.0,1.0,0.0,0.0,1.0,1.0,1.0,1.0,1.0,1.0,0.0,0.0,0.0,0.0,0.0,1.0,1.0,0.0,1.0,0.0,1.0,1.0,1.0,1.0,0.0,0.0,0.0,1.0,1.0,2.0,2.0,0.0,0.0,1.0,1.0,0.0,1.0,1.0,1.0,0.0,0.0,0.0,1.0,1.0,2.0,2.0,0.0,0.0,1.0,1.0,0.0,1.0,1.0,1.0,0.0,0.0,0.0,0.0,0.0,0.0,0.0,0.0,0.0,0.0,0.0,0.0,0.0,0.0,0.0,1.0,1.0,1.0,1.0,1.0,1.0,1.0,1.0,1.0,1.0,1.0,1.0,1.0,1.0,1.0,1.0,1.0,1.0,1.0,0.0,0.0,0.0,0.0,0.0,0.0,0.0,0.0,0.0,0.0,0.0,0.0,1.0,1.0,0.0,0.0,0.0,0.0,0.0,0.0,1.0,1.0,1.0,1.0,1.0,0.0,0.0,0.0,0.0,0.0,0.0,0.0,1.0,1.0,0.0,0.0,0.0,0.0,1.0,0.0,0.0,0.0,0.0,0.0,0.0,0.0,0.0,1.0,1.0,1.0,1.0,1.0,1.0,1.0,1.0,1.0,1.0,1.0,0.0,0.0,0.0,0.0,0.0,0.0,0.0,0.0,0.0,0.0,0.0,0.0,0.0,0.0,0.0,0.0,1.0,0.0,0.0,0.0,0.0,1.0,1.0,0.0,0.0,0.0,0.0,0.0,0.0,0.0,0.0,0.0,1.0,1.0,1.0,1.0,1.0,1.0,1.0,1.0,1.0,1.0,1.0,1.0,1.0,1.0,1.0,1.0,1.0,0.0,0.0,0.0,0.0,0.0,0.0,0.0,0.0,0.0,0.0,0.0,0.0,0.0,1.0,1.0,0.0,2.0,2.0,0.0,0.0,0.0,0.0,0.0,0.0,2.0,2.0,0.0,1.0,1.0,1.0,1.0,1.0,1.0,0.0,0.0,1.0,49.0,49.0,49.0,0.0,0.0,0.0,0.0,0.0,0.0,0.0,0.0,0.0,49.0,49.0,0.0,0.0,0.0,0.0,0.0,0.0,0.0,0.0,0.0,0.0,0.0,0.0,0.0,0.0,-5.0,117605.5,0.0,0.0,0.0,0.0,0.0,0.0,100.0,0.7253474221334146,0.7640041318115623,0.8326446980729502,0.7313108905973065,0.7504402750025401,0.7338565832401982,0.733918673304659,0.7339327846829455,0.7313108905973065,0.7313108905973065,0.8373042751831656,0.7320841941274088,0.8372478296700195,0.8488360935189262,0.8371095381628114,0.7313108905973065,0.7313108905973065,0.7313108905973065,0.7313108905973065,0.7317172982919588,0.7688697350447613,0,3.817712325956905,18,2
0.7115944728553527,0.004970027432519389,0.010671024260281551,0.8830928754473307,0.6530604757227848,0.09485104029080728,0.7271960126889514,0.07061615922150348,0.8813487090911144,9.0,0.1693958072272835,0.7444683397116764,102.0,0.0,126.0,68.0,530.0,425.0,425.0,7.0,426.0,7.0,0.0,43.125,0.6666659712791443,14.0,26.0,0.0,0.0,0.0,426.0,0.5770283695149072,0.5770283695149072,0.5770283695149072,0.49442318330115936,0.60925311297005,0.31168365676612364,0.7118428331131958,0.7118371885618812,0.7118371885618812,1.0,1.0,1.0,1.0,1.0,1.0,1.0,1.0,1.0,0.0,1.0,1.0,1.0,0.0,0.0,1.0,1.0,1.0,1.0,1.0,1.0,0.0,2.0,0.0,0.0,1.0,1.0,1.0,0.0,1.0,0.0,1.0,1.0,1.0,1.0,1.0,0.0,0.0,0.0,1.0,1.0,1.0,0.0,0.0,1.0,1.0,0.0,1.0,1.0,1.0,0.0,1.0,0.0,0.0,1.0,1.0,1.0,0.0,0.0,1.0,1.0,0.0,1.0,1.0,1.0,0.0,1.0,0.0,0.0,3.0,1.0,0.0,3.0,1.0,0.0,0.0,0.0,0.0,0.0,0.0,1.0,1.0,1.0,1.0,1.0,1.0,1.0,1.0,1.0,1.0,1.0,1.0,1.0,1.0,1.0,1.0,1.0,1.0,1.0,0.0,91.9000015258789,25.95000076293945,0.0,91.9000015258789,25.95000076293945,0.0,0.0,0.0,0.0,0.0,0.0,1.0,1.0,0.0,0.0,0.0,0.0,0.0,0.0,1.0,1.0,1.0,1.0,1.0,0.0,0.0,0.0,0.0,0.0,0.0,0.0,1.0,1.0,0.0,0.0,0.0,0.0,1.0,0.0,0.0,0.0,0.0,0.0,0.0,0.0,0.0,1.0,1.0,1.0,1.0,1.0,1.0,1.0,1.0,1.0,1.0,1.0,0.0,0.0,0.0,0.0,0.0,0.0,0.0,0.0,0.0,0.0,0.0,0.0,0.0,0.0,0.0,0.0,1.0,0.0,0.0,0.0,0.0,1.0,1.0,0.0,0.0,0.0,0.0,0.0,0.0,0.0,0.0,0.0,1.0,1.0,1.0,1.0,1.0,1.0,1.0,1.0,1.0,1.0,1.0,1.0,1.0,1.0,1.0,1.0,1.0,0.0,0.0,0.0,0.0,0.0,0.0,0.0,0.0,0.0,0.0,0.0,0.0,0.0,0.0,1.0,0.0,0.0,0.0,0.0,5.0,0.0,1.0,0.0,0.0,1.0,2.0,0.0,0.0,0.0,0.0,0.0,0.0,0.0,0.0,0.0,1.0,0.0,133.80000305175778,25.95000076293945,0.0,133.80000305175778,0.0,25.95000076293945,0.0,0.0,0.0,0.0,0.0,0.0,0.0,0.0,0.0,0.0,0.0,0.0,0.0,0.0,0.0,0.0,0.0,0.0,0.0,0.0,0.0,-5.0,117605.5,0.0,0.0,0.0,0.0,0.0,0.0,100.0,0.7253474221334146,0.7640041318115623,0.8326446980729502,0.7313108905973065,0.7504402750025401,0.7338565832401982,0.733918673304659,0.7339327846829455,0.7313108905973065,0.7313108905973065,0.8373042751831656,0.7320841941274088,0.8372478296700195,0.8488360935189262,0.8371095381628114,0.7313108905973065,0.7313108905973065,0.7313108905973065,0.7313108905973065,0.7317172982919588,0.7688697350447613,0,3.2939832973550063,17,0
0.11594190627786997,0.0031948160440726566,0.009065149411273298,0.09515866833745386,0.31506192072792133,0.13522933811991286,0.7271960126889514,0.10986272451202854,0.10986272451202854,9.0,0.005325634165340197,0.0015183843036317042,1.0,0.0,0.0,0.0,1.0,0.0,98.0,8.0,0.0,9.0,0.0,43.125,0.6666659712791443,0.0,26.0,0.0,0.0,0.0,0.0,0.5770283695149072,0.5770283695149072,0.5770283695149072,0.32066978245899236,0.60925311297005,0.3209435431977512,0.7118428331131958,0.7118371885618812,0.7118371885618812,1.0,1.0,1.0,1.0,1.0,1.0,1.0,1.0,1.0,0.0,0.0,0.0,1.0,0.0,0.0,0.0,0.0,1.0,1.0,0.0,0.0,0.0,0.0,0.0,0.0,0.0,1.0,1.0,1.0,1.0,1.0,1.0,1.0,1.0,1.0,0.0,1.0,1.0,0.0,0.0,1.0,1.0,0.0,0.0,0.0,0.0,0.0,1.0,0.0,0.0,0.0,0.0,0.0,0.0,0.0,1.0,1.0,1.0,1.0,1.0,1.0,1.0,1.0,1.0,1.0,0.0,0.0,1.0,0.0,0.0,0.0,0.0,0.0,0.0,0.0,0.0,0.0,0.0,0.0,0.0,1.0,1.0,1.0,1.0,1.0,1.0,1.0,1.0,1.0,1.0,1.0,1.0,1.0,1.0,1.0,1.0,1.0,1.0,1.0,0.0,0.0,0.0,0.0,0.0,0.0,0.0,0.0,0.0,0.0,0.0,0.0,1.0,1.0,0.0,0.0,0.0,0.0,0.0,0.0,1.0,1.0,1.0,1.0,1.0,0.0,0.0,0.0,0.0,0.0,0.0,0.0,1.0,1.0,0.0,0.0,0.0,0.0,1.0,0.0,0.0,0.0,0.0,0.0,0.0,0.0,0.0,1.0,1.0,1.0,1.0,1.0,1.0,1.0,1.0,1.0,1.0,1.0,0.0,0.0,0.0,0.0,0.0,0.0,0.0,0.0,0.0,0.0,0.0,0.0,0.0,0.0,0.0,0.0,1.0,0.0,0.0,0.0,0.0,1.0,1.0,0.0,0.0,0.0,0.0,0.0,0.0,0.0,0.0,0.0,1.0,1.0,1.0,1.0,1.0,1.0,1.0,1.0,1.0,1.0,1.0,1.0,1.0,1.0,1.0,1.0,1.0,0.0,0.0,0.0,0.0,0.0,0.0,0.0,0.0,0.0,0.0,0.0,0.0,0.0,0.0,0.0,0.0,1.0,1.0,0.0,0.0,0.0,0.0,0.0,0.0,1.0,1.0,0.0,0.0,0.0,0.0,0.0,0.0,0.0,0.0,0.0,1.0,0.0,0.0,0.0,0.0,0.0,0.0,0.0,0.0,0.0,0.0,0.0,0.0,0.0,0.0,0.0,0.0,0.0,0.0,0.0,0.0,0.0,0.0,0.0,0.0,0.0,0.0,0.0,0.0,-20.0,197201.0,0.0,0.0,0.0,0.0,0.0,0.0,100.0,0.23774003454465403,0.11191734119054876,0.8326446980729502,0.12329957891647193,0.12677380025061807,0.09363463948250754,0.006894819430803446,0.012310766417177498,0.12511994671543558,0.12835991917002518,0.8373042751831656,0.019956311172824873,0.8372478296700195,0.8488360935189262,0.8371095381628114,0.1058635599056231,0.25404432101692237,0.20965556947878214,0.1548639098678046,0.1654474435827096,0.09231381447488739,1,2.469369910638871,2,4
0.07953737257425407,0.0032343279032749687,0.04200675088337228,0.8830928754473307,0.6530604757227848,0.5046285320779851,0.2703796525214211,0.07061615922150348,0.8813487090911144,9.0,0.38170431582393516,0.10529628249850419,1.0,0.0,0.0,0.0,1.0,0.0,98.0,8.0,19.0,9.0,0.0,43.125,0.6666659712791443,10.0,26.0,0.0,0.0,0.0,42.0,0.5770283695149072,0.5770283695149072,0.5770283695149072,0.49442318330115936,0.60925311297005,0.3209435431977512,0.7118428331131958,0.7118371885618812,0.7118371885618812,1.0,1.0,1.0,1.0,1.0,1.0,1.0,1.0,1.0,0.0,1.0,1.0,1.0,0.0,0.0,1.0,1.0,1.0,1.0,1.0,1.0,0.0,0.0,0.0,0.0,1.0,1.0,1.0,0.0,1.0,0.0,1.0,1.0,1.0,1.0,0.0,0.0,0.0,1.0,1.0,1.0,1.0,0.0,0.0,1.0,1.0,0.0,1.0,1.0,1.0,0.0,0.0,0.0,0.0,1.0,1.0,1.0,0.0,0.0,1.0,1.0,0.0,1.0,1.0,1.0,0.0,0.0,0.0,0.0,0.0,0.0,0.0,0.0,0.0,0.0,0.0,0.0,0.0,0.0,0.0,1.0,1.0,1.0,1.0,1.0,1.0,1.0,1.0,1.0,1.0,1.0,1.0,1.0,1.0,1.0,1.0,1.0,1.0,1.0,0.0,0.0,0.0,0.0,0.0,0.0,0.0,0.0,0.0,0.0,0.0,0.0,0.0,0.0,0.0,0.0,0.0,0.0,0.0,0.0,0.0,0.0,0.0,0.0,0.0,0.0,0.0,0.0,0.0,0.0,0.0,0.0,1.0,1.0,0.0,0.0,0.0,0.0,1.0,0.0,0.0,0.0,0.0,0.0,0.0,0.0,0.0,1.0,1.0,1.0,1.0,1.0,1.0,1.0,1.0,1.0,1.0,1.0,0.0,0.0,0.0,0.0,0.0,0.0,0.0,0.0,0.0,0.0,0.0,0.0,0.0,0.0,0.0,0.0,1.0,0.0,0.0,0.0,0.0,1.0,1.0,0.0,0.0,0.0,0.0,0.0,0.0,0.0,0.0,0.0,1.0,1.0,1.0,1.0,1.0,1.0,1.0,1.0,1.0,1.0,1.0,1.0,1.0,1.0,1.0,1.0,1.0,0.0,0.0,0.0,0.0,0.0,0.0,0.0,0.0,0.0,0.0,0.0,0.0,0.0,0.0,0.0,0.0,1.0,1.0,0.0,0.0,0.0,0.0,0.0,0.0,1.0,1.0,0.0,0.0,0.0,0.0,0.0,0.0,0.0,1.0,1.0,1.0,0.0,0.0,0.0,0.0,0.0,0.0,0.0,0.0,0.0,0.0,0.0,0.0,0.0,0.0,0.0,0.0,0.0,0.0,0.0,0.0,0.0,0.0,0.0,0.0,0.0,0.0,0.0,0.0,-5.0,58974.0,0.0,0.0,0.0,0.0,0.0,0.0,100.0,0.23774003454465403,0.07440929770492544,0.09010397263521523,0.12329957891647193,0.12677380025061807,0.16532326345378806,0.0011571330194962803,0.01206805071064901,0.12511994671543558,0.12835991917002518,0.010225104706426886,0.031126878224449938,0.05448685383998826,0.0007337916709000802,0.03915343019383389,0.16282554949707048,0.25404432101692237,0.05903353992391145,0.11382519953488897,0.10283525812533162,0.04250347139905849,1,6.2166061010848646,3,4
0.7115944728553527,3.386730788769601e-05,0.07187207188900555,0.8830928754473307,0.31506192072792133,0.041323760174303746,6.491234011808401e-05,0.0054836816021494456,0.8813487090911144,9.0,0.38170431582393516,0.7444683397116764,1.0,0.0,1.0,0.0,2.0,6.0,6.0,7.0,7.0,7.0,0.0,43.125,0.6666659712791443,7.0,26.0,0.0,0.0,0.0,7.0,0.5770283695149072,0.5770283695149072,0.5770283695149072,0.49442318330115936,0.60925311297005,0.3209435431977512,0.7118428331131958,0.7118371885618812,0.7118371885618812,1.0,1.0,1.0,1.0,1.0,1.0,1.0,1.0,1.0,0.0,0.0,0.0,1.0,0.0,0.0,1.0,1.0,1.0,1.0,1.0,1.0,0.0,1.0,0.0,0.0,0.0,1.0,1.0,0.0,1.0,0.0,1.0,1.0,1.0,1.0,1.0,0.0,0.0,0.0,0.0,1.0,1.0,0.0,0.0,1.0,1.0,0.0,1.0,1.0,1.0,0.0,1.0,0.0,0.0,0.0,1.0,1.0,0.0,0.0,1.0,1.0,0.0,1.0,1.0,1.0,0.0,1.0,0.0,0.0,1.0,1.0,0.0,1.0,1.0,0.0,0.0,0.0,0.0,0.0,0.0,1.0,1.0,1.0,1.0,1.0,1.0,1.0,1.0,1.0,1.0,1.0,1.0,1.0,1.0,1.0,1.0,1.0,1.0,1.0,0.0,58.5099983215332,58.5099983215332,0.0,58.5099983215332,58.5099983215332,0.0,0.0,0.0,0.0,0.0,0.0,1.0,1.0,0.0,0.0,0.0,0.0,0.0,0.0,1.0,1.0,1.0,1.0,1.0,0.0,0.0,0.0,0.0,0.0,0.0,0.0,1.0,1.0,0.0,0.0,0.0,0.0,1.0,0.0,0.0,0.0,0.0,0.0,0.0,0.0,0.0,1.0,1.0,1.0,1.0,1.0,1.0,1.0,1.0,1.0,1.0,1.0,0.0,0.0,0.0,0.0,0.0,0.0,0.0,0.0,0.0,0.0,0.0,0.0,0.0,0.0,0.0,0.0,1.0,0.0,0.0,0.0,0.0,1.0,1.0,0.0,0.0,0.0,0.0,0.0,0.0,0.0,0.0,0.0,1.0,1.0,1.0,1.0,1.0,1.0,1.0,1.0,1.0,1.0,1.0,1.0,1.0,1.0,1.0,1.0,1.0,0.0,0.0,0.0,0.0,0.0,0.0,0.0,0.0,0.0,0.0,0.0,0.0,0.0,0.0,1.0,0.0,1.0,2.0,0.0,1.0,0.0,1.0,1.0,1.0,1.0,1.0,0.0,0.0,0.0,0.0,0.0,0.0,0.0,0.0,0.0,1.0,0.0,58.5099983215332,58.5099983215332,0.0,58.5099983215332,0.0,58.5099983215332,58.5099983215332,58.5099983215332,58.5099983215332,0.0,0.0,0.0,0.0,0.0,0.0,0.0,0.0,0.0,0.0,0.0,0.0,0.0,0.0,0.0,0.0,0.0,0.0,-5.0,117605.5,0.0,0.0,0.0,0.0,0.0,0.0,100.0,0.7253474221334146,0.7640041318115623,0.8326446980729502,0.7313108905973065,0.7504402750025401,0.7338565832401982,0.733918673304659,0.7339327846829455,0.7313108905973065,0.7313108905973065,0.8373042751831656,0.7320841941274088,0.8372478296700195,0.8488360935189262,0.8371095381628114,0.7313108905973065,0.7313108905973065,0.7313108905973065,0.7313108905973065,0.7317172982919588,0.7688697350447613,0,4.084799149378569,23,4
0.7115944728553527,5.3623237488852014e-05,0.0003471399058488841,0.8830928754473307,0.6530604757227848,0.09485104029080728,0.7271960126889514,0.02337408699382486,0.8813487090911144,9.0,0.38170431582393516,0.7444683397116764,4.0,0.0,2.0,4.0,29.0,517.0,517.0,35.0,524.0,524.0,0.0,43.125,0.6666659712791443,532.0,26.0,0.0,0.0,0.0,532.0,0.5770283695149072,0.5770283695149072,0.5770283695149072,0.49442318330115936,0.60925311297005,0.3673728000361251,0.7118428331131958,0.7118371885618812,0.7118371885618812,1.0,1.0,1.0,1.0,1.0,1.0,1.0,1.0,1.0,0.0,0.0,0.0,1.0,0.0,0.0,0.0,0.0,1.0,1.0,1.0,1.0,0.0,1.0,0.0,0.0,0.0,1.0,1.0,0.0,1.0,0.0,1.0,1.0,1.0,1.0,1.0,0.0,0.0,0.0,0.0,1.0,1.0,0.0,0.0,0.0,0.0,0.0,1.0,1.0,1.0,0.0,1.0,0.0,0.0,0.0,1.0,1.0,0.0,0.0,0.0,0.0,0.0,1.0,1.0,1.0,0.0,1.0,0.0,0.0,0.0,0.0,0.0,0.0,0.0,0.0,0.0,0.0,0.0,0.0,0.0,1.0,1.0,1.0,1.0,1.0,1.0,1.0,1.0,1.0,1.0,1.0,1.0,1.0,1.0,1.0,1.0,1.0,1.0,1.0,0.0,0.0,0.0,0.0,0.0,0.0,0.0,0.0,0.0,0.0,0.0,0.0,1.0,1.0,0.0,0.0,0.0,0.0,0.0,0.0,1.0,1.0,1.0,1.0,1.0,0.0,0.0,0.0,0.0,0.0,0.0,0.0,1.0,1.0,0.0,0.0,0.0,0.0,1.0,0.0,0.0,0.0,0.0,0.0,0.0,0.0,0.0,1.0,1.0,1.0,1.0,1.0,1.0,1.0,1.0,1.0,1.0,1.0,0.0,0.0,0.0,0.0,0.0,0.0,0.0,0.0,0.0,0.0,0.0,0.0,0.0,0.0,0.0,0.0,1.0,0.0,0.0,0.0,0.0,1.0,1.0,0.0,0.0,0.0,0.0,0.0,0.0,0.0,0.0,0.0,1.0,1.0,1.0,1.0,1.0,1.0,1.0,1.0,1.0,1.0,1.0,1.0,1.0,1.0,1.0,1.0,1.0,0.0,0.0,0.0,0.0,0.0,0.0,0.0,0.0,0.0,0.0,0.0,0.0,0.0,0.0,0.0,0.0,0.0,0.0,0.0,0.0,0.0,0.0,0.0,0.0,1.0,1.0,0.0,0.0,0.0,0.0,0.0,0.0,0.0,0.0,0.0,1.0,0.0,0.0,0.0,0.0,0.0,0.0,0.0,0.0,0.0,0.0,0.0,0.0,0.0,0.0,0.0,0.0,0.0,0.0,0.0,0.0,0.0,0.0,0.0,0.0,0.0,0.0,0.0,0.0,-5.0,117605.5,0.0,0.0,0.0,0.0,0.0,0.0,100.0,0.7253474221334146,0.7640041318115623,0.8326446980729502,0.7313108905973065,0.7504402750025401,0.7338565832401982,0.733918673304659,0.7339327846829455,0.7313108905973065,0.7313108905973065,0.8373042751831656,0.7320841941274088,0.8372478296700195,0.8488360935189262,0.8371095381628114,0.7313108905973065,0.7313108905973065,0.7313108905973065,0.7313108905973065,0.7317172982919588,0.7688697350447613,0,4.07668962698338,11,6
0.07953737257425407,0.007704812544450841,0.007727390749709306,0.8830928754473307,0.011797112247547443,0.04845282848466376,0.2703796525214211,0.01041701945112383,0.8813487090911144,9.0,0.06546268387125907,0.04003115792325668,1.0,0.0,0.0,0.0,0.0,0.0,98.0,8.0,19.0,9.0,0.0,0.2083330005407333,0.2083330005407333,10.0,26.0,0.0,0.0,0.0,42.0,0.5770283695149072,0.5770283695149072,0.5770283695149072,0.49442318330115936,0.60925311297005,0.3209435431977512,0.7118428331131958,0.7118371885618812,0.7118371885618812,1.0,1.0,1.0,1.0,1.0,1.0,1.0,1.0,1.0,0.0,1.0,1.0,1.0,0.0,0.0,1.0,1.0,1.0,1.0,1.0,1.0,0.0,0.0,0.0,0.0,1.0,1.0,1.0,0.0,1.0,0.0,1.0,1.0,1.0,1.0,0.0,0.0,0.0,1.0,1.0,1.0,1.0,0.0,0.0,1.0,1.0,0.0,1.0,1.0,1.0,0.0,0.0,0.0,0.0,1.0,1.0,1.0,0.0,0.0,1.0,1.0,0.0,1.0,1.0,1.0,0.0,0.0,0.0,3.0,3.0,3.0,0.0,0.0,0.0,2.0,2.0,2.0,1.0,1.0,1.0,1.0,1.0,1.0,1.0,1.0,1.0,1.0,1.0,1.0,1.0,1.0,1.0,1.0,1.0,1.0,1.0,1.0,1.0,1.0,300.0,300.0,300.0,0.0,0.0,0.0,200.0,200.0,200.0,100.0,100.0,0.0,4.0,4.0,0.0,0.0,2.0,1.0,1.0,1.0,1.0,1.0,1.0,1.0,1.0,0.0,0.0,200.0,100.0,3.0,3.0,0.0,4.0,4.0,0.0,0.0,0.0,0.0,1.0,2.0,2.0,2.0,1.0,1.0,1.0,1.0,1.0,1.0,1.0,1.0,1.0,1.0,1.0,1.0,1.0,1.0,1.0,1.0,300.0,300.0,0.0,0.0,0.0,0.0,0.0,200.0,200.0,100.0,100.0,100.0,3.0,3.0,3.0,0.0,4.0,0.0,0.0,3.0,0.0,1.0,1.0,2.0,2.0,2.0,1.0,1.0,1.0,1.0,1.0,1.0,1.0,1.0,1.0,1.0,1.0,1.0,1.0,1.0,1.0,1.0,1.0,1.0,1.0,1.0,1.0,1.0,1.0,300.0,300.0,300.0,0.0,0.0,0.0,0.0,0.0,200.0,200.0,200.0,100.0,100.0,3.0,3.0,0.0,4.0,4.0,0.0,0.0,0.0,0.0,0.0,0.0,1.0,1.0,2.0,1.0,1.0,1.0,1.0,1.0,1.0,1.0,1.0,1.0,300.0,300.0,300.0,0.0,0.0,0.0,0.0,0.0,0.0,0.0,200.0,200.0,100.0,100.0,3.0,3.0,3.0,0.0,0.0,0.0,1.0,1.0,1.0,300.0,300.0,0.0,100.0,100.0,-5.0,19035.0,0.0,0.0,0.0,0.0,0.0,0.0,100.0,0.03691254332193134,0.07440929770492544,0.09010397263521523,0.126260146080988,0.12278592474684187,0.16532326345378806,0.02339102064776871,0.0012982468023616802,0.143569162687258,0.1403291902326684,0.00012135785326424402,0.009192151815852158,0.10807622402095257,0.035066775042051905,0.12278874702249919,0.16282554949707048,0.25404432101692237,0.20965556947878214,0.11382519953488897,0.1654474435827096,0.0026331831882683648,1,4.61512051684126,5,4
